Encounter_ID,Patient_ID,Age,Gender,Diagnosis,Department,Length_of_Stay,Pain_Score,Admission_Date,Discharge_Date,Calculated_LOS
E00001,P03175,49,Male,Diabetes,General Medicine,5,5.3,2025-09-11,2025-09-16,5
E00002,P00861,76,Male,Heart Failure,Cardiology,6,2.7,2025-01-01,2025-01-07,6
E00003,P01295,51,Female,COPD,Pulmonology,4,6.4,2025-05-28,2025-06-01,4
E00004,P01131,26,Male,COPD,Pulmonology,8,4.0,2025-12-30,2026-01-07,8
E00005,P01096,28,Male,Pneumonia,Pulmonology,11,1.9,2025-06-08,2025-06-19,11
E00006,P03093,27,Male,Stroke,Neurology,7,5.1,2025-11-20,2025-11-27,7
E00007,P01639,34,Male,Knee Osteoarthritis,Orthopedics,7,5.9,2025-09-25,2025-10-02,7
E00008,P02170,85,Male,Diabetes,General Medicine,7,4.2,2025-05-30,2025-06-06,7
E00009,P00467,65,Female,Pneumonia,Pulmonology,3,3.4,2025-05-09,2025-05-12,3
E00010,P01239,69,Male,Diabetes,General Medicine,1,3.6,2025-05-06,2025-05-07,1
E00011,P00331,42,Male,Pneumonia,Pulmonology,9,2.1,2025-01-01,2025-01-10,9
E00012,P01483,38,Female,COPD,Pulmonology,6,5.0,2025-04-27,2025-05-03,6
E00013,P02136,82,Male,Fracture,Orthopedics,4,4.8,2025-05-29,2025-06-02,4
E00014,P03445,80,Male,Heart Failure,Cardiology,7,1.8,2025-09-26,2025-10-03,7
E00015,P03172,68,Female,Diabetes,General Medicine,8,4.1,2025-07-08,2025-07-16,8
E00016,P02920,53,Male,Heart Failure,Cardiology,8,5.9,2025-05-21,2025-05-29,8
E00017,P00131,83,Female,Low Back Pain,Orthopedics,4,6.0,2025-04-15,2025-04-19,4
E00018,P01686,32,Male,Low Back Pain,Orthopedics,6,7.6,2025-09-09,2025-09-15,6
E00019,P03381,56,Female,Fracture,Orthopedics,5,8.1,2025-10-08,2025-10-13,5
E00020,P00770,87,Female,COPD,Pulmonology,8,4.7,2025-12-10,2025-12-18,8
E00021,P02392,18,Male,Knee Osteoarthritis,Orthopedics,2,6.0,2025-04-11,2025-04-13,2
E00022,P01516,40,Female,Heart Failure,Cardiology,6,1.9,2025-10-09,2025-10-15,6
E00023,P03486,56,Female,Pneumonia,Pulmonology,8,0.2,2025-12-24,2026-01-01,8
E00024,P02854,74,Male,Knee Osteoarthritis,Orthopedics,1,6.1,2025-06-12,2025-06-13,1
E00025,P02434,51,Male,Diabetes,General Medicine,4,5.3,2025-07-22,2025-07-26,4
E00026,P01216,58,Female,Diabetes,General Medicine,7,1.8,2025-04-10,2025-04-17,7
E00027,P00956,90,Male,Pneumonia,Pulmonology,3,4.6,2025-10-08,2025-10-11,3
E00028,P02325,30,Female,Stroke,Neurology,8,3.1,2025-09-14,2025-09-22,8
E00029,P01185,87,Female,Fracture,Orthopedics,14,6.7,2025-04-04,2025-04-18,14
E00030,P00460,23,Male,Stroke,Neurology,3,5.6,2025-11-20,2025-11-23,3
E00031,P03386,69,Male,Fracture,Orthopedics,9,5.5,2025-10-06,2025-10-15,9
E00032,P00022,20,Female,Diabetes,General Medicine,3,3.8,2025-08-15,2025-08-18,3
E00033,P02301,80,Male,Fracture,Orthopedics,14,5.9,2025-12-28,2026-01-11,14
E00034,P00748,66,Male,COPD,Pulmonology,2,4.6,2025-05-30,2025-06-01,2
E00035,P02905,64,Female,COPD,Pulmonology,9,3.9,2025-12-17,2025-12-26,9
E00036,P00475,72,Female,Pneumonia,Pulmonology,8,3.6,2025-03-03,2025-03-11,8
E00037,P01083,81,Female,Stroke,Neurology,4,6.8,2025-05-09,2025-05-13,4
E00038,P02559,82,Female,Heart Failure,Cardiology,8,4.5,2025-07-06,2025-07-14,8
E00039,P02048,84,Female,Diabetes,General Medicine,3,2.5,2025-03-09,2025-03-12,3
E00040,P02748,32,Female,Low Back Pain,Orthopedics,5,6.4,2025-01-30,2025-02-04,5
E00041,P00976,49,Male,Heart Failure,Cardiology,10,3.4,2025-10-31,2025-11-10,10
E00042,P01807,85,Female,Pneumonia,Pulmonology,9,3.6,2025-10-02,2025-10-11,9
E00043,P00190,35,Male,Low Back Pain,Orthopedics,5,10.0,2025-05-07,2025-05-12,5
E00044,P03006,60,Male,Heart Failure,Cardiology,8,4.1,2025-08-01,2025-08-09,8
E00045,P02735,52,Female,Stroke,Neurology,5,1.4,2025-11-02,2025-11-07,5
E00046,P03006,75,Male,Fracture,Orthopedics,3,5.7,2025-05-14,2025-05-17,3
E00047,P00563,50,Female,COPD,Pulmonology,2,0.6,2025-08-07,2025-08-09,2
E00048,P01900,31,Male,Stroke,Neurology,13,4.0,2025-11-15,2025-11-28,13
E00049,P01268,51,Female,Low Back Pain,Orthopedics,2,3.5,2025-06-06,2025-06-08,2
E00050,P02880,78,Female,Fracture,Orthopedics,10,5.2,2025-07-07,2025-07-17,10
E00051,P01529,21,Female,Fracture,Orthopedics,3,4.2,2025-06-11,2025-06-14,3
E00052,P03203,76,Female,Fracture,Orthopedics,13,7.1,2025-05-09,2025-05-22,13
E00053,P00647,46,Male,Knee Osteoarthritis,Orthopedics,4,6.5,2025-10-31,2025-11-04,4
E00054,P02069,23,Male,COPD,Pulmonology,6,4.0,2025-03-30,2025-04-05,6
E00055,P02889,66,Male,Diabetes,General Medicine,1,3.3,2025-06-11,2025-06-12,1
E00056,P02215,57,Male,Low Back Pain,Orthopedics,4,4.4,2025-02-05,2025-02-09,4
E00057,P01298,82,Male,Pneumonia,Pulmonology,10,4.3,2025-08-15,2025-08-25,10
E00058,P02436,86,Female,Diabetes,General Medicine,2,6.4,2025-05-31,2025-06-02,2
E00059,P00601,44,Female,Heart Failure,Cardiology,8,4.1,2025-03-22,2025-03-30,8
E00060,P02364,23,Female,COPD,Pulmonology,12,2.9,2025-02-16,2025-02-28,12
E00061,P02062,30,Female,Pneumonia,Pulmonology,2,1.4,2025-07-23,2025-07-25,2
E00062,P00242,81,Female,Pneumonia,Pulmonology,4,2.1,2025-05-28,2025-06-01,4
E00063,P02042,79,Male,Stroke,Neurology,8,5.2,2025-08-19,2025-08-27,8
E00064,P02825,36,Female,Heart Failure,Cardiology,10,5.1,2025-01-27,2025-02-06,10
E00065,P03418,60,Female,Stroke,Neurology,12,4.9,2025-07-08,2025-07-20,12
E00066,P02613,37,Male,Stroke,Neurology,4,5.7,2025-06-14,2025-06-18,4
E00067,P02946,85,Male,Fracture,Orthopedics,9,7.6,2025-07-31,2025-08-09,9
E00068,P01364,61,Female,COPD,Pulmonology,5,4.3,2025-11-04,2025-11-09,5
E00069,P02140,40,Female,Knee Osteoarthritis,Orthopedics,2,5.5,2025-03-16,2025-03-18,2
E00070,P01391,19,Male,Stroke,Neurology,5,4.8,2025-04-02,2025-04-07,5
E00071,P03004,39,Female,Diabetes,General Medicine,6,2.2,2025-03-03,2025-03-09,6
E00072,P01479,74,Female,Pneumonia,Pulmonology,11,3.5,2025-03-07,2025-03-18,11
E00073,P03500,89,Female,COPD,Pulmonology,10,4.0,2025-03-21,2025-03-31,10
E00074,P02557,24,Male,Stroke,Neurology,10,7.0,2025-05-20,2025-05-30,10
E00075,P00776,73,Female,Low Back Pain,Orthopedics,2,4.5,2025-05-10,2025-05-12,2
E00076,P00035,84,Female,Diabetes,General Medicine,6,4.2,2025-09-11,2025-09-17,6
E00077,P02254,33,Male,Heart Failure,Cardiology,12,5.7,2025-11-16,2025-11-28,12
E00078,P03153,68,Male,Pneumonia,Pulmonology,10,4.6,2025-01-29,2025-02-08,10
E00079,P01956,89,Male,COPD,Pulmonology,5,4.7,2025-07-21,2025-07-26,5
E00080,P01586,29,Female,Low Back Pain,Orthopedics,4,7.4,2025-08-25,2025-08-29,4
E00081,P03460,70,Male,COPD,Pulmonology,5,5.4,2025-03-28,2025-04-02,5
E00082,P03074,22,Female,COPD,Pulmonology,10,1.9,2025-04-06,2025-04-16,10
E00083,P01022,44,Male,Low Back Pain,Orthopedics,4,4.4,2025-10-14,2025-10-18,4
E00084,P03462,29,Female,Heart Failure,Cardiology,3,3.5,2025-12-05,2025-12-08,3
E00085,P02614,34,Male,Low Back Pain,Orthopedics,1,3.3,2025-10-16,2025-10-17,1
E00086,P01130,23,Female,Diabetes,General Medicine,1,5.3,2025-09-09,2025-09-10,1
E00087,P01501,22,Female,Fracture,Orthopedics,11,8.3,2025-06-29,2025-07-10,11
E00088,P00703,74,Male,COPD,Pulmonology,9,2.8,2025-04-10,2025-04-19,9
E00089,P02450,45,Male,Heart Failure,Cardiology,12,2.9,2025-03-14,2025-03-26,12
E00090,P02778,86,Female,COPD,Pulmonology,6,3.4,2025-05-11,2025-05-17,6
E00091,P01580,76,Male,Low Back Pain,Orthopedics,5,6.6,2025-07-01,2025-07-06,5
E00092,P00162,50,Female,Heart Failure,Cardiology,14,3.7,2025-07-13,2025-07-27,14
E00093,P00202,79,Male,Heart Failure,Cardiology,4,4.3,2025-01-18,2025-01-22,4
E00094,P01982,67,Male,Stroke,Neurology,7,4.2,2025-05-06,2025-05-13,7
E00095,P00996,36,Female,Stroke,Neurology,6,5.9,2025-07-30,2025-08-05,6
E00096,P02318,86,Male,Fracture,Orthopedics,3,7.2,2025-01-07,2025-01-10,3
E00097,P00816,83,Male,Stroke,Neurology,11,3.6,2025-04-24,2025-05-05,11
E00098,P03343,64,Female,Low Back Pain,Orthopedics,2,8.5,2025-12-06,2025-12-08,2
E00099,P00456,56,Female,Pneumonia,Pulmonology,5,1.5,2025-03-25,2025-03-30,5
E00100,P01276,85,Male,Diabetes,General Medicine,3,3.4,2025-12-05,2025-12-08,3
E00101,P01017,50,Female,Low Back Pain,Orthopedics,6,8.0,2025-12-27,2026-01-02,6
E00102,P02344,30,Male,COPD,Pulmonology,2,2.4,2025-04-12,2025-04-14,2
E00103,P02768,71,Male,Stroke,Neurology,7,5.0,2025-04-03,2025-04-10,7
E00104,P00338,24,Female,Heart Failure,Cardiology,8,4.3,2025-11-12,2025-11-20,8
E00105,P00879,31,Female,Low Back Pain,Orthopedics,2,5.2,2025-04-12,2025-04-14,2
E00106,P01077,36,Female,Heart Failure,Cardiology,11,3.4,2025-09-08,2025-09-19,11
E00107,P00792,71,Female,Fracture,Orthopedics,11,6.3,2025-01-24,2025-02-04,11
E00108,P02265,37,Female,COPD,Pulmonology,7,2.7,2025-12-31,2026-01-07,7
E00109,P00764,46,Female,Heart Failure,Cardiology,3,7.0,2025-06-16,2025-06-19,3
E00110,P02236,41,Male,Heart Failure,Cardiology,9,2.4,2025-05-20,2025-05-29,9
E00111,P00380,80,Male,Fracture,Orthopedics,10,8.0,2025-04-04,2025-04-14,10
E00112,P00493,74,Female,Knee Osteoarthritis,Orthopedics,1,5.9,2025-06-30,2025-07-01,1
E00113,P03113,25,Male,Pneumonia,Pulmonology,13,1.9,2025-03-05,2025-03-18,13
E00114,P01181,79,Male,Diabetes,General Medicine,1,3.7,2025-01-04,2025-01-05,1
E00115,P02063,46,Male,Diabetes,General Medicine,1,4.5,2025-04-04,2025-04-05,1
E00116,P00065,34,Male,Stroke,Neurology,14,5.9,2025-09-29,2025-10-13,14
E00117,P02569,83,Female,Knee Osteoarthritis,Orthopedics,4,8.8,2025-10-10,2025-10-14,4
E00118,P01368,23,Male,Low Back Pain,Orthopedics,4,10.0,2025-05-12,2025-05-16,4
E00119,P01153,75,Male,Fracture,Orthopedics,10,6.9,2025-03-13,2025-03-23,10
E00120,P02028,86,Female,Low Back Pain,Orthopedics,1,5.5,2025-10-31,2025-11-01,1
E00121,P02696,45,Female,Diabetes,General Medicine,2,4.2,2025-03-22,2025-03-24,2
E00122,P01496,79,Female,Pneumonia,Pulmonology,4,3.1,2025-06-23,2025-06-27,4
E00123,P03135,58,Female,Heart Failure,Cardiology,12,4.9,2025-10-27,2025-11-08,12
E00124,P01163,86,Male,COPD,Pulmonology,2,1.6,2025-02-21,2025-02-23,2
E00125,P01523,58,Female,Stroke,Neurology,11,8.1,2025-10-17,2025-10-28,11
E00126,P02641,66,Male,Pneumonia,Pulmonology,11,4.8,2025-08-25,2025-09-05,11
E00127,P00392,66,Male,Diabetes,General Medicine,4,1.0,2025-10-04,2025-10-08,4
E00128,P01699,88,Female,Knee Osteoarthritis,Orthopedics,1,5.4,2025-10-07,2025-10-08,1
E00129,P00419,20,Female,Stroke,Neurology,9,5.7,2025-02-13,2025-02-22,9
E00130,P02337,27,Female,Fracture,Orthopedics,15,8.3,2025-09-11,2025-09-26,15
E00131,P00379,52,Female,Diabetes,General Medicine,4,1.6,2025-12-25,2025-12-29,4
E00132,P01797,19,Female,Low Back Pain,Orthopedics,1,7.6,2025-05-14,2025-05-15,1
E00133,P02279,41,Female,Stroke,Neurology,7,1.6,2025-02-25,2025-03-04,7
E00134,P03066,55,Male,Fracture,Orthopedics,16,6.4,2025-01-14,2025-01-30,16
E00135,P02089,39,Male,Diabetes,General Medicine,2,5.2,2025-06-27,2025-06-29,2
E00136,P03100,43,Male,Low Back Pain,Orthopedics,5,5.7,2025-04-11,2025-04-16,5
E00137,P02183,60,Male,COPD,Pulmonology,2,1.2,2025-06-29,2025-07-01,2
E00138,P00201,72,Female,Low Back Pain,Orthopedics,3,6.7,2025-09-14,2025-09-17,3
E00139,P01864,56,Female,Heart Failure,Cardiology,8,2.6,2025-09-25,2025-10-03,8
E00140,P00780,46,Male,Fracture,Orthopedics,3,7.4,2025-12-28,2025-12-31,3
E00141,P02978,37,Male,Fracture,Orthopedics,13,5.2,2025-02-06,2025-02-19,13
E00142,P03105,58,Male,Knee Osteoarthritis,Orthopedics,2,5.3,2025-07-23,2025-07-25,2
E00143,P03120,71,Female,Fracture,Orthopedics,4,3.5,2025-09-16,2025-09-20,4
E00144,P00503,37,Female,Heart Failure,Cardiology,5,3.8,2025-06-04,2025-06-09,5
E00145,P02455,36,Female,Diabetes,General Medicine,7,3.3,2025-08-26,2025-09-02,7
E00146,P01752,83,Male,COPD,Pulmonology,4,1.7,2025-11-05,2025-11-09,4
E00147,P00805,47,Male,Pneumonia,Pulmonology,4,3.8,2025-04-10,2025-04-14,4
E00148,P02147,70,Female,COPD,Pulmonology,11,5.0,2025-09-30,2025-10-11,11
E00149,P02732,51,Female,COPD,Pulmonology,6,3.2,2025-04-23,2025-04-29,6
E00150,P01896,39,Male,Fracture,Orthopedics,5,6.9,2025-04-20,2025-04-25,5
E00151,P02774,84,Male,COPD,Pulmonology,12,3.9,2025-05-23,2025-06-04,12
E00152,P01571,23,Female,Fracture,Orthopedics,9,4.7,2025-06-16,2025-06-25,9
E00153,P00961,44,Male,Heart Failure,Cardiology,6,6.6,2025-09-17,2025-09-23,6
E00154,P02661,27,Female,Pneumonia,Pulmonology,5,2.8,2025-05-25,2025-05-30,5
E00155,P01486,90,Female,Low Back Pain,Orthopedics,4,7.5,2025-08-18,2025-08-22,4
E00156,P02691,65,Male,Fracture,Orthopedics,5,7.7,2025-09-25,2025-09-30,5
E00157,P01029,87,Male,Diabetes,General Medicine,7,3.3,2025-02-01,2025-02-08,7
E00158,P03290,76,Male,Knee Osteoarthritis,Orthopedics,4,7.4,2025-10-26,2025-10-30,4
E00159,P00503,76,Female,Pneumonia,Pulmonology,5,3.9,2025-08-07,2025-08-12,5
E00160,P02815,19,Male,Diabetes,General Medicine,6,1.4,2025-06-26,2025-07-02,6
E00161,P00398,46,Male,Fracture,Orthopedics,14,6.0,2025-04-14,2025-04-28,14
E00162,P00871,85,Female,Pneumonia,Pulmonology,3,2.6,2025-08-24,2025-08-27,3
E00163,P02843,82,Female,Fracture,Orthopedics,3,5.8,2025-04-03,2025-04-06,3
E00164,P00393,43,Male,Heart Failure,Cardiology,4,1.5,2025-07-20,2025-07-24,4
E00165,P00207,27,Female,Diabetes,General Medicine,8,5.2,2025-10-26,2025-11-03,8
E00166,P01039,70,Female,Heart Failure,Cardiology,12,5.9,2025-08-19,2025-08-31,12
E00167,P01882,76,Female,Stroke,Neurology,4,6.0,2025-09-12,2025-09-16,4
E00168,P02940,39,Male,Diabetes,General Medicine,8,5.4,2025-03-26,2025-04-03,8
E00169,P01485,68,Male,Pneumonia,Pulmonology,2,3.0,2025-02-04,2025-02-06,2
E00170,P00864,65,Female,Stroke,Neurology,3,3.5,2025-04-27,2025-04-30,3
E00171,P02791,38,Female,Heart Failure,Cardiology,3,2.3,2025-06-25,2025-06-28,3
E00172,P03313,39,Female,Heart Failure,Cardiology,14,4.5,2025-10-03,2025-10-17,14
E00173,P00564,47,Male,Pneumonia,Pulmonology,10,3.8,2025-03-26,2025-04-05,10
E00174,P01021,42,Female,Stroke,Neurology,15,4.4,2025-04-27,2025-05-12,15
E00175,P00096,45,Female,COPD,Pulmonology,6,5.4,2025-12-28,2026-01-03,6
E00176,P01924,82,Male,Low Back Pain,Orthopedics,1,7.1,2025-07-23,2025-07-24,1
E00177,P01758,62,Female,Knee Osteoarthritis,Orthopedics,5,5.2,2025-05-26,2025-05-31,5
E00178,P02533,85,Male,Pneumonia,Pulmonology,12,2.5,2025-08-03,2025-08-15,12
E00179,P03479,24,Male,Heart Failure,Cardiology,7,4.5,2025-04-15,2025-04-22,7
E00180,P02279,66,Male,Diabetes,General Medicine,1,5.1,2025-12-15,2025-12-16,1
E00181,P02797,26,Female,Stroke,Neurology,12,5.3,2025-10-24,2025-11-05,12
E00182,P01679,53,Female,Fracture,Orthopedics,7,9.3,2025-12-22,2025-12-29,7
E00183,P03243,18,Male,Low Back Pain,Orthopedics,4,9.0,2025-03-10,2025-03-14,4
E00184,P00541,27,Female,Knee Osteoarthritis,Orthopedics,1,7.2,2025-09-12,2025-09-13,1
E00185,P01060,53,Male,Diabetes,General Medicine,7,2.2,2025-08-19,2025-08-26,7
E00186,P02573,90,Female,Stroke,Neurology,12,2.5,2025-07-22,2025-08-03,12
E00187,P01184,63,Male,Low Back Pain,Orthopedics,6,5.9,2025-12-28,2026-01-03,6
E00188,P01723,49,Male,Pneumonia,Pulmonology,12,4.6,2025-09-05,2025-09-17,12
E00189,P03315,49,Female,Fracture,Orthopedics,10,9.2,2025-09-06,2025-09-16,10
E00190,P03158,23,Female,Low Back Pain,Orthopedics,2,7.1,2025-05-24,2025-05-26,2
E00191,P01820,65,Female,Pneumonia,Pulmonology,6,5.3,2025-10-10,2025-10-16,6
E00192,P02626,55,Female,Fracture,Orthopedics,6,6.1,2025-12-22,2025-12-28,6
E00193,P02730,34,Male,Fracture,Orthopedics,7,7.4,2025-08-29,2025-09-05,7
E00194,P02605,44,Male,COPD,Pulmonology,11,4.7,2025-12-07,2025-12-18,11
E00195,P01598,71,Female,Stroke,Neurology,11,1.5,2025-08-17,2025-08-28,11
E00196,P03061,67,Female,Fracture,Orthopedics,6,5.9,2025-01-31,2025-02-06,6
E00197,P02694,52,Male,Low Back Pain,Orthopedics,4,7.9,2025-04-19,2025-04-23,4
E00198,P00796,42,Female,Fracture,Orthopedics,10,6.9,2025-01-27,2025-02-06,10
E00199,P01052,45,Female,Knee Osteoarthritis,Orthopedics,2,4.7,2025-12-09,2025-12-11,2
E00200,P01644,32,Female,Low Back Pain,Orthopedics,6,2.9,2025-06-09,2025-06-15,6
E00201,P01364,21,Female,Stroke,Neurology,8,4.0,2025-01-17,2025-01-25,8
E00202,P01982,90,Male,Diabetes,General Medicine,5,3.4,2025-09-24,2025-09-29,5
E00203,P01355,44,Male,Diabetes,General Medicine,2,2.2,2025-05-09,2025-05-11,2
E00204,P01664,43,Female,Low Back Pain,Orthopedics,4,6.7,2025-08-08,2025-08-12,4
E00205,P01530,36,Male,Low Back Pain,Orthopedics,2,7.3,2025-03-23,2025-03-25,2
E00206,P02039,34,Female,Pneumonia,Pulmonology,5,4.5,2025-02-18,2025-02-23,5
E00207,P03420,60,Female,Stroke,Neurology,9,1.0,2025-02-10,2025-02-19,9
E00208,P01497,58,Female,Pneumonia,Pulmonology,2,1.5,2025-01-20,2025-01-22,2
E00209,P03303,59,Male,Knee Osteoarthritis,Orthopedics,7,6.0,2025-11-23,2025-11-30,7
E00210,P02238,67,Male,COPD,Pulmonology,10,4.4,2025-02-06,2025-02-16,10
E00211,P03297,57,Male,Diabetes,General Medicine,2,4.2,2025-02-08,2025-02-10,2
E00212,P01409,56,Male,Fracture,Orthopedics,14,7.2,2025-04-19,2025-05-03,14
E00213,P01401,40,Male,Fracture,Orthopedics,3,5.9,2025-03-05,2025-03-08,3
E00214,P01307,69,Female,Heart Failure,Cardiology,13,3.0,2025-06-24,2025-07-07,13
E00215,P02681,64,Female,Heart Failure,Cardiology,6,2.4,2025-10-06,2025-10-12,6
E00216,P02676,80,Male,Stroke,Neurology,9,5.7,2025-02-01,2025-02-10,9
E00217,P00973,86,Male,Fracture,Orthopedics,10,5.1,2025-07-28,2025-08-07,10
E00218,P01769,60,Male,Stroke,Neurology,4,5.8,2025-01-19,2025-01-23,4
E00219,P01283,65,Female,Heart Failure,Cardiology,5,3.8,2025-04-16,2025-04-21,5
E00220,P03431,51,Male,Stroke,Neurology,4,4.4,2025-07-25,2025-07-29,4
E00221,P00710,57,Female,Diabetes,General Medicine,4,2.5,2025-09-04,2025-09-08,4
E00222,P01480,78,Female,Knee Osteoarthritis,Orthopedics,7,4.5,2025-11-19,2025-11-26,7
E00223,P01435,67,Male,Knee Osteoarthritis,Orthopedics,6,5.5,2025-06-16,2025-06-22,6
E00224,P00649,84,Female,Fracture,Orthopedics,8,6.0,2025-03-30,2025-04-07,8
E00225,P00318,79,Female,Pneumonia,Pulmonology,13,0.0,2025-11-12,2025-11-25,13
E00226,P03297,75,Male,Diabetes,General Medicine,5,3.2,2025-01-11,2025-01-16,5
E00227,P01258,50,Female,COPD,Pulmonology,3,4.9,2025-02-18,2025-02-21,3
E00228,P00684,33,Male,Stroke,Neurology,13,5.4,2025-03-02,2025-03-15,13
E00229,P00664,65,Female,Stroke,Neurology,6,3.8,2025-06-20,2025-06-26,6
E00230,P01999,27,Male,Fracture,Orthopedics,6,6.6,2025-05-23,2025-05-29,6
E00231,P03446,55,Male,COPD,Pulmonology,2,2.7,2025-07-26,2025-07-28,2
E00232,P01632,36,Female,Pneumonia,Pulmonology,3,3.7,2025-07-20,2025-07-23,3
E00233,P01496,53,Male,Pneumonia,Pulmonology,4,5.8,2025-01-05,2025-01-09,4
E00234,P03305,76,Female,Stroke,Neurology,15,6.0,2025-07-30,2025-08-14,15
E00235,P01137,80,Female,Stroke,Neurology,13,5.3,2025-01-29,2025-02-11,13
E00236,P01854,63,Male,COPD,Pulmonology,6,2.8,2025-07-09,2025-07-15,6
E00237,P01521,20,Female,Fracture,Orthopedics,13,7.6,2025-07-07,2025-07-20,13
E00238,P02490,82,Male,Diabetes,General Medicine,8,1.0,2025-11-21,2025-11-29,8
E00239,P00564,25,Female,COPD,Pulmonology,7,3.1,2025-09-12,2025-09-19,7
E00240,P01292,68,Female,Pneumonia,Pulmonology,4,4.4,2025-05-30,2025-06-03,4
E00241,P03458,90,Male,COPD,Pulmonology,7,4.6,2025-01-13,2025-01-20,7
E00242,P03459,23,Female,COPD,Pulmonology,8,4.5,2025-06-06,2025-06-14,8
E00243,P03185,56,Female,COPD,Pulmonology,7,3.9,2025-03-21,2025-03-28,7
E00244,P01637,77,Female,Diabetes,General Medicine,2,3.2,2025-12-22,2025-12-24,2
E00245,P03000,45,Female,Low Back Pain,Orthopedics,6,7.3,2025-09-30,2025-10-06,6
E00246,P03153,71,Female,Stroke,Neurology,3,3.1,2025-05-28,2025-05-31,3
E00247,P00699,54,Female,Heart Failure,Cardiology,4,2.2,2025-07-25,2025-07-29,4
E00248,P02161,26,Female,Fracture,Orthopedics,9,6.6,2025-04-24,2025-05-03,9
E00249,P00002,73,Female,COPD,Pulmonology,5,3.8,2025-01-06,2025-01-11,5
E00250,P00642,76,Male,Fracture,Orthopedics,14,3.8,2025-10-05,2025-10-19,14
E00251,P02268,19,Female,Heart Failure,Cardiology,5,4.2,2025-08-20,2025-08-25,5
E00252,P01590,78,Female,Low Back Pain,Orthopedics,1,7.7,2025-05-17,2025-05-18,1
E00253,P00855,75,Male,Stroke,Neurology,16,4.4,2025-06-09,2025-06-25,16
E00254,P01760,77,Male,Pneumonia,Pulmonology,12,7.1,2025-12-10,2025-12-22,12
E00255,P03297,57,Male,Heart Failure,Cardiology,14,2.5,2025-10-16,2025-10-30,14
E00256,P02433,53,Female,Fracture,Orthopedics,15,6.0,2025-07-24,2025-08-08,15
E00257,P03475,54,Male,Fracture,Orthopedics,4,5.9,2025-11-22,2025-11-26,4
E00258,P01662,35,Male,Fracture,Orthopedics,11,6.4,2025-11-01,2025-11-12,11
E00259,P01154,80,Female,Pneumonia,Pulmonology,4,3.0,2025-12-26,2025-12-30,4
E00260,P01077,39,Female,Heart Failure,Cardiology,7,1.4,2025-06-07,2025-06-14,7
E00261,P01708,28,Male,Fracture,Orthopedics,6,5.7,2025-12-24,2025-12-30,6
E00262,P02778,75,Male,Pneumonia,Pulmonology,2,3.4,2025-04-16,2025-04-18,2
E00263,P01696,74,Female,COPD,Pulmonology,10,5.3,2025-03-23,2025-04-02,10
E00264,P01734,21,Female,Fracture,Orthopedics,13,9.8,2025-12-08,2025-12-21,13
E00265,P01440,24,Female,Heart Failure,Cardiology,7,5.5,2025-09-27,2025-10-04,7
E00266,P02295,78,Female,Pneumonia,Pulmonology,9,2.3,2025-02-18,2025-02-27,9
E00267,P00836,71,Female,Low Back Pain,Orthopedics,2,5.5,2025-07-25,2025-07-27,2
E00268,P00203,85,Male,Diabetes,General Medicine,7,3.3,2025-08-06,2025-08-13,7
E00269,P03256,18,Female,Pneumonia,Pulmonology,7,6.2,2025-11-02,2025-11-09,7
E00270,P00123,72,Female,Diabetes,General Medicine,2,3.3,2025-06-13,2025-06-15,2
E00271,P00401,20,Female,Diabetes,General Medicine,8,1.5,2025-10-06,2025-10-14,8
E00272,P00767,55,Female,Stroke,Neurology,4,3.7,2025-11-18,2025-11-22,4
E00273,P00294,18,Female,COPD,Pulmonology,5,4.6,2025-08-19,2025-08-24,5
E00274,P02328,55,Male,Low Back Pain,Orthopedics,4,7.5,2025-07-18,2025-07-22,4
E00275,P02932,46,Female,Diabetes,General Medicine,8,3.2,2025-08-02,2025-08-10,8
E00276,P00198,22,Male,Knee Osteoarthritis,Orthopedics,3,7.5,2025-10-11,2025-10-14,3
E00277,P03030,38,Female,COPD,Pulmonology,9,0.1,2025-10-03,2025-10-12,9
E00278,P01931,88,Male,Diabetes,General Medicine,6,3.7,2025-07-04,2025-07-10,6
E00279,P02800,84,Male,Pneumonia,Pulmonology,8,4.8,2025-07-29,2025-08-06,8
E00280,P02192,64,Female,Diabetes,General Medicine,2,2.3,2025-05-01,2025-05-03,2
E00281,P00609,52,Female,Pneumonia,Pulmonology,4,2.2,2025-08-04,2025-08-08,4
E00282,P03273,85,Female,Fracture,Orthopedics,12,3.7,2025-04-07,2025-04-19,12
E00283,P01148,86,Female,Pneumonia,Pulmonology,10,5.9,2025-04-29,2025-05-09,10
E00284,P00187,18,Female,Knee Osteoarthritis,Orthopedics,5,5.4,2025-12-31,2026-01-05,5
E00285,P03398,85,Male,Diabetes,General Medicine,5,3.9,2025-10-09,2025-10-14,5
E00286,P02512,29,Female,Diabetes,General Medicine,2,4.4,2025-04-16,2025-04-18,2
E00287,P03421,77,Female,Heart Failure,Cardiology,4,5.8,2025-11-14,2025-11-18,4
E00288,P01795,44,Male,COPD,Pulmonology,9,3.3,2025-05-22,2025-05-31,9
E00289,P00660,73,Female,Heart Failure,Cardiology,5,2.7,2025-11-19,2025-11-24,5
E00290,P02812,40,Male,Stroke,Neurology,16,4.8,2025-09-25,2025-10-11,16
E00291,P03003,42,Female,Pneumonia,Pulmonology,3,5.4,2025-10-18,2025-10-21,3
E00292,P01956,38,Male,Knee Osteoarthritis,Orthopedics,2,6.2,2025-06-16,2025-06-18,2
E00293,P02451,78,Female,Heart Failure,Cardiology,7,2.1,2025-06-09,2025-06-16,7
E00294,P01370,80,Male,Diabetes,General Medicine,8,1.2,2025-08-19,2025-08-27,8
E00295,P01987,69,Male,Stroke,Neurology,9,2.7,2025-01-14,2025-01-23,9
E00296,P01535,42,Female,Knee Osteoarthritis,Orthopedics,4,7.8,2025-07-12,2025-07-16,4
E00297,P00147,72,Female,Low Back Pain,Orthopedics,2,6.0,2025-06-04,2025-06-06,2
E00298,P03220,63,Female,Diabetes,General Medicine,1,2.6,2025-04-11,2025-04-12,1
E00299,P02912,49,Male,Diabetes,General Medicine,4,2.4,2025-03-01,2025-03-05,4
E00300,P01735,72,Male,Fracture,Orthopedics,11,6.6,2025-02-12,2025-02-23,11
E00301,P01844,22,Male,Low Back Pain,Orthopedics,5,6.1,2025-07-12,2025-07-17,5
E00302,P00489,53,Female,Pneumonia,Pulmonology,13,3.1,2025-11-07,2025-11-20,13
E00303,P02977,66,Female,Pneumonia,Pulmonology,13,5.5,2025-04-19,2025-05-02,13
E00304,P01960,75,Male,Heart Failure,Cardiology,12,5.8,2025-04-03,2025-04-15,12
E00305,P01664,56,Female,Heart Failure,Cardiology,12,1.1,2025-08-04,2025-08-16,12
E00306,P02599,78,Male,Diabetes,General Medicine,6,4.0,2025-06-12,2025-06-18,6
E00307,P02386,26,Female,COPD,Pulmonology,8,2.3,2025-12-17,2025-12-25,8
E00308,P02920,23,Female,Diabetes,General Medicine,4,3.1,2025-08-22,2025-08-26,4
E00309,P00641,52,Male,Heart Failure,Cardiology,6,4.0,2025-12-17,2025-12-23,6
E00310,P01803,56,Female,Low Back Pain,Orthopedics,2,6.2,2025-06-16,2025-06-18,2
E00311,P02521,39,Female,Heart Failure,Cardiology,7,3.8,2025-05-28,2025-06-04,7
E00312,P01970,58,Female,Diabetes,General Medicine,8,4.5,2025-01-28,2025-02-05,8
E00313,P02199,22,Female,Knee Osteoarthritis,Orthopedics,7,6.9,2025-09-16,2025-09-23,7
E00314,P01439,59,Female,Diabetes,General Medicine,6,2.5,2025-03-27,2025-04-02,6
E00315,P03370,84,Male,Knee Osteoarthritis,Orthopedics,7,5.6,2025-04-18,2025-04-25,7
E00316,P01635,47,Female,Knee Osteoarthritis,Orthopedics,3,4.3,2025-04-27,2025-04-30,3
E00317,P00263,74,Male,Diabetes,General Medicine,5,2.2,2025-12-30,2026-01-04,5
E00318,P01788,90,Female,COPD,Pulmonology,7,6.4,2025-01-15,2025-01-22,7
E00319,P02192,46,Female,COPD,Pulmonology,4,2.3,2025-07-30,2025-08-03,4
E00320,P02394,54,Male,Stroke,Neurology,12,2.7,2025-11-14,2025-11-26,12
E00321,P00624,30,Male,Heart Failure,Cardiology,9,4.0,2025-01-31,2025-02-09,9
E00322,P01017,49,Female,COPD,Pulmonology,4,3.3,2025-10-09,2025-10-13,4
E00323,P00881,63,Female,Pneumonia,Pulmonology,6,3.2,2025-07-04,2025-07-10,6
E00324,P02050,40,Male,Diabetes,General Medicine,1,5.6,2025-03-07,2025-03-08,1
E00325,P02945,62,Male,Knee Osteoarthritis,Orthopedics,3,7.3,2025-11-12,2025-11-15,3
E00326,P01328,34,Male,Diabetes,General Medicine,5,2.7,2025-03-04,2025-03-09,5
E00327,P02302,83,Male,Heart Failure,Cardiology,8,2.9,2025-08-16,2025-08-24,8
E00328,P00453,23,Female,Low Back Pain,Orthopedics,3,5.7,2025-04-11,2025-04-14,3
E00329,P03109,35,Female,COPD,Pulmonology,8,4.8,2025-12-22,2025-12-30,8
E00330,P01184,39,Female,COPD,Pulmonology,6,3.0,2025-05-19,2025-05-25,6
E00331,P03063,50,Female,COPD,Pulmonology,3,0.8,2025-04-29,2025-05-02,3
E00332,P02057,47,Female,Knee Osteoarthritis,Orthopedics,5,6.4,2025-02-26,2025-03-03,5
E00333,P03305,49,Male,Pneumonia,Pulmonology,8,1.2,2025-05-11,2025-05-19,8
E00334,P03171,59,Male,Fracture,Orthopedics,9,9.8,2025-02-06,2025-02-15,9
E00335,P01683,27,Male,Pneumonia,Pulmonology,5,2.1,2025-04-21,2025-04-26,5
E00336,P02864,53,Female,COPD,Pulmonology,2,3.3,2025-06-02,2025-06-04,2
E00337,P02256,51,Male,Pneumonia,Pulmonology,7,3.9,2025-09-07,2025-09-14,7
E00338,P01155,90,Female,Low Back Pain,Orthopedics,5,6.1,2025-08-30,2025-09-04,5
E00339,P00404,45,Female,COPD,Pulmonology,4,3.1,2025-07-27,2025-07-31,4
E00340,P02200,28,Female,Stroke,Neurology,13,5.1,2025-06-19,2025-07-02,13
E00341,P02102,56,Male,Knee Osteoarthritis,Orthopedics,5,8.8,2025-09-14,2025-09-19,5
E00342,P03192,64,Female,Low Back Pain,Orthopedics,4,7.7,2025-10-06,2025-10-10,4
E00343,P01697,36,Female,Fracture,Orthopedics,15,8.7,2025-12-29,2026-01-13,15
E00344,P00628,32,Male,Knee Osteoarthritis,Orthopedics,2,4.9,2025-04-23,2025-04-25,2
E00345,P00587,45,Female,Fracture,Orthopedics,14,7.0,2025-06-24,2025-07-08,14
E00346,P01649,41,Male,COPD,Pulmonology,8,3.7,2025-03-30,2025-04-07,8
E00347,P01444,89,Female,Low Back Pain,Orthopedics,6,7.0,2025-05-15,2025-05-21,6
E00348,P01446,26,Male,COPD,Pulmonology,6,5.6,2025-10-21,2025-10-27,6
E00349,P00104,64,Female,Fracture,Orthopedics,16,6.2,2025-10-30,2025-11-15,16
E00350,P00254,50,Female,Fracture,Orthopedics,9,5.9,2025-12-25,2026-01-03,9
E00351,P03299,79,Male,Low Back Pain,Orthopedics,1,7.3,2025-07-25,2025-07-26,1
E00352,P03184,36,Female,COPD,Pulmonology,5,0.8,2025-11-14,2025-11-19,5
E00353,P02558,84,Male,Stroke,Neurology,7,4.1,2025-03-14,2025-03-21,7
E00354,P01497,57,Female,Knee Osteoarthritis,Orthopedics,1,6.3,2025-09-16,2025-09-17,1
E00355,P00099,64,Male,Low Back Pain,Orthopedics,5,5.1,2025-12-24,2025-12-29,5
E00356,P02201,82,Female,Stroke,Neurology,12,6.1,2025-05-28,2025-06-09,12
E00357,P01885,46,Female,Diabetes,General Medicine,3,1.9,2025-08-13,2025-08-16,3
E00358,P02962,67,Female,COPD,Pulmonology,5,3.3,2025-04-15,2025-04-20,5
E00359,P01920,30,Male,Heart Failure,Cardiology,6,3.9,2025-02-13,2025-02-19,6
E00360,P00878,18,Male,Low Back Pain,Orthopedics,5,8.5,2025-12-22,2025-12-27,5
E00361,P00338,51,Male,Pneumonia,Pulmonology,6,3.5,2025-01-26,2025-02-01,6
E00362,P02870,65,Male,Stroke,Neurology,10,5.9,2025-10-31,2025-11-10,10
E00363,P03235,65,Male,Stroke,Neurology,15,5.6,2025-09-18,2025-10-03,15
E00364,P00957,66,Female,Low Back Pain,Orthopedics,4,6.7,2025-02-28,2025-03-04,4
E00365,P01705,81,Female,Fracture,Orthopedics,6,4.9,2025-03-02,2025-03-08,6
E00366,P00161,78,Female,Stroke,Neurology,15,2.3,2025-11-01,2025-11-16,15
E00367,P01604,46,Female,Diabetes,General Medicine,7,3.7,2025-03-11,2025-03-18,7
E00368,P02849,56,Female,Stroke,Neurology,13,3.7,2025-09-28,2025-10-11,13
E00369,P00398,43,Male,Heart Failure,Cardiology,6,4.9,2025-09-14,2025-09-20,6
E00370,P01301,34,Female,Heart Failure,Cardiology,7,4.6,2025-05-05,2025-05-12,7
E00371,P00816,88,Male,Fracture,Orthopedics,8,6.2,2025-01-19,2025-01-27,8
E00372,P01528,30,Female,COPD,Pulmonology,7,1.8,2025-04-29,2025-05-06,7
E00373,P01920,86,Male,COPD,Pulmonology,11,4.3,2025-11-16,2025-11-27,11
E00374,P01416,43,Male,Fracture,Orthopedics,7,5.0,2025-03-07,2025-03-14,7
E00375,P01159,66,Male,Pneumonia,Pulmonology,6,2.4,2025-09-02,2025-09-08,6
E00376,P01219,84,Female,Diabetes,General Medicine,1,2.0,2025-02-26,2025-02-27,1
E00377,P00401,24,Female,Heart Failure,Cardiology,14,3.3,2025-02-13,2025-02-27,14
E00378,P00640,75,Female,Fracture,Orthopedics,10,8.3,2025-01-12,2025-01-22,10
E00379,P03105,66,Female,Low Back Pain,Orthopedics,4,6.5,2025-08-24,2025-08-28,4
E00380,P02736,70,Male,Knee Osteoarthritis,Orthopedics,7,5.8,2025-01-24,2025-01-31,7
E00381,P00460,82,Male,Knee Osteoarthritis,Orthopedics,4,4.2,2025-09-14,2025-09-18,4
E00382,P00955,79,Male,Knee Osteoarthritis,Orthopedics,1,7.3,2025-10-11,2025-10-12,1
E00383,P00470,34,Male,COPD,Pulmonology,6,2.3,2025-11-20,2025-11-26,6
E00384,P03447,60,Female,Low Back Pain,Orthopedics,3,6.7,2025-12-27,2025-12-30,3
E00385,P01046,42,Male,Stroke,Neurology,15,4.0,2025-09-08,2025-09-23,15
E00386,P02798,20,Female,Low Back Pain,Orthopedics,4,7.8,2025-04-04,2025-04-08,4
E00387,P01694,46,Male,Stroke,Neurology,12,4.3,2025-01-22,2025-02-03,12
E00388,P02086,49,Male,Knee Osteoarthritis,Orthopedics,6,6.4,2025-06-06,2025-06-12,6
E00389,P02278,43,Male,Pneumonia,Pulmonology,11,4.2,2025-03-30,2025-04-10,11
E00390,P03437,33,Female,Pneumonia,Pulmonology,12,6.7,2025-07-21,2025-08-02,12
E00391,P00563,42,Female,Fracture,Orthopedics,7,7.8,2025-07-16,2025-07-23,7
E00392,P02486,71,Male,Stroke,Neurology,11,4.4,2025-02-14,2025-02-25,11
E00393,P01800,45,Male,Knee Osteoarthritis,Orthopedics,5,6.5,2025-03-20,2025-03-25,5
E00394,P03355,90,Male,Low Back Pain,Orthopedics,3,5.7,2025-02-08,2025-02-11,3
E00395,P02075,73,Female,Pneumonia,Pulmonology,12,2.1,2025-10-11,2025-10-23,12
E00396,P00226,82,Female,Stroke,Neurology,16,3.7,2025-06-04,2025-06-20,16
E00397,P03349,58,Female,Fracture,Orthopedics,5,5.3,2025-05-29,2025-06-03,5
E00398,P00798,68,Male,Low Back Pain,Orthopedics,2,7.5,2025-12-09,2025-12-11,2
E00399,P02332,88,Female,Knee Osteoarthritis,Orthopedics,6,4.9,2025-02-21,2025-02-27,6
E00400,P02927,46,Male,Diabetes,General Medicine,5,5.5,2025-09-08,2025-09-13,5
E00401,P00960,36,Female,Knee Osteoarthritis,Orthopedics,7,7.6,2025-05-27,2025-06-03,7
E00402,P01505,83,Male,COPD,Pulmonology,6,3.5,2025-11-25,2025-12-01,6
E00403,P00453,58,Male,Knee Osteoarthritis,Orthopedics,1,6.5,2025-12-16,2025-12-17,1
E00404,P03068,62,Female,Fracture,Orthopedics,5,5.7,2025-09-15,2025-09-20,5
E00405,P00816,32,Male,Low Back Pain,Orthopedics,3,6.9,2025-09-30,2025-10-03,3
E00406,P00659,20,Male,Fracture,Orthopedics,14,8.1,2025-05-05,2025-05-19,14
E00407,P00547,28,Male,Low Back Pain,Orthopedics,6,5.4,2025-07-23,2025-07-29,6
E00408,P01216,70,Female,Heart Failure,Cardiology,5,1.2,2025-09-13,2025-09-18,5
E00409,P03121,63,Male,Heart Failure,Cardiology,11,4.6,2025-05-11,2025-05-22,11
E00410,P00017,47,Female,Low Back Pain,Orthopedics,6,7.0,2025-01-21,2025-01-27,6
E00411,P03244,74,Female,Low Back Pain,Orthopedics,5,4.8,2025-03-19,2025-03-24,5
E00412,P01244,35,Male,Diabetes,General Medicine,1,2.4,2025-12-01,2025-12-02,1
E00413,P02206,68,Female,Diabetes,General Medicine,7,2.2,2025-02-20,2025-02-27,7
E00414,P02525,65,Male,Knee Osteoarthritis,Orthopedics,6,5.4,2025-12-28,2026-01-03,6
E00415,P01070,83,Female,Fracture,Orthopedics,16,6.0,2025-12-27,2026-01-12,16
E00416,P03445,25,Male,COPD,Pulmonology,10,3.1,2025-09-23,2025-10-03,10
E00417,P02566,39,Female,Fracture,Orthopedics,13,5.5,2025-04-26,2025-05-09,13
E00418,P02147,23,Male,Pneumonia,Pulmonology,2,2.4,2025-02-24,2025-02-26,2
E00419,P01769,74,Male,Fracture,Orthopedics,10,6.2,2025-10-19,2025-10-29,10
E00420,P01061,53,Male,COPD,Pulmonology,9,3.8,2025-02-20,2025-03-01,9
E00421,P02328,74,Male,Diabetes,General Medicine,3,3.0,2025-11-26,2025-11-29,3
E00422,P03421,66,Female,Knee Osteoarthritis,Orthopedics,7,8.2,2025-09-30,2025-10-07,7
E00423,P02545,62,Female,COPD,Pulmonology,10,4.3,2025-09-11,2025-09-21,10
E00424,P00302,83,Male,Fracture,Orthopedics,13,4.1,2025-03-02,2025-03-15,13
E00425,P00181,62,Female,Stroke,Neurology,15,5.3,2025-12-13,2025-12-28,15
E00426,P00607,37,Male,Heart Failure,Cardiology,14,4.4,2025-12-17,2025-12-31,14
E00427,P03171,81,Male,COPD,Pulmonology,12,2.8,2025-08-13,2025-08-25,12
E00428,P00700,84,Female,Pneumonia,Pulmonology,9,1.3,2025-12-02,2025-12-11,9
E00429,P00993,20,Female,Knee Osteoarthritis,Orthopedics,3,6.5,2025-04-13,2025-04-16,3
E00430,P01140,71,Male,COPD,Pulmonology,11,3.5,2025-02-17,2025-02-28,11
E00431,P00191,81,Female,Low Back Pain,Orthopedics,5,4.8,2025-08-13,2025-08-18,5
E00432,P02301,57,Male,Fracture,Orthopedics,5,4.3,2025-12-08,2025-12-13,5
E00433,P00981,76,Female,Stroke,Neurology,7,4.4,2025-08-21,2025-08-28,7
E00434,P02976,72,Female,Heart Failure,Cardiology,10,3.2,2025-03-11,2025-03-21,10
E00435,P02007,79,Female,Stroke,Neurology,14,3.9,2025-02-16,2025-03-02,14
E00436,P01185,21,Female,Knee Osteoarthritis,Orthopedics,4,6.4,2025-08-16,2025-08-20,4
E00437,P03328,77,Female,Fracture,Orthopedics,8,4.8,2025-01-10,2025-01-18,8
E00438,P03395,47,Male,Diabetes,General Medicine,3,2.8,2025-07-04,2025-07-07,3
E00439,P00128,19,Female,Heart Failure,Cardiology,4,4.3,2025-03-21,2025-03-25,4
E00440,P02066,79,Female,Fracture,Orthopedics,7,6.0,2025-01-13,2025-01-20,7
E00441,P01817,66,Male,Stroke,Neurology,10,2.0,2025-11-10,2025-11-20,10
E00442,P01759,26,Male,Diabetes,General Medicine,6,2.8,2025-12-06,2025-12-12,6
E00443,P02614,48,Male,Pneumonia,Pulmonology,9,1.9,2025-11-20,2025-11-29,9
E00444,P00570,78,Female,Knee Osteoarthritis,Orthopedics,3,6.9,2025-03-25,2025-03-28,3
E00445,P01347,65,Female,Knee Osteoarthritis,Orthopedics,5,7.0,2025-03-27,2025-04-01,5
E00446,P01896,42,Male,Heart Failure,Cardiology,12,1.0,2025-06-06,2025-06-18,12
E00447,P02734,53,Male,Stroke,Neurology,15,5.6,2025-05-24,2025-06-08,15
E00448,P00626,25,Male,Pneumonia,Pulmonology,9,1.8,2025-03-04,2025-03-13,9
E00449,P03360,90,Male,Low Back Pain,Orthopedics,3,8.8,2025-02-12,2025-02-15,3
E00450,P02902,75,Female,Heart Failure,Cardiology,11,3.4,2025-06-07,2025-06-18,11
E00451,P01687,62,Female,Fracture,Orthopedics,15,4.6,2025-07-04,2025-07-19,15
E00452,P03010,79,Female,Low Back Pain,Orthopedics,2,4.8,2025-10-13,2025-10-15,2
E00453,P00155,56,Female,Heart Failure,Cardiology,3,4.0,2025-11-19,2025-11-22,3
E00454,P02538,75,Female,Stroke,Neurology,12,3.9,2025-01-24,2025-02-05,12
E00455,P01410,81,Male,Pneumonia,Pulmonology,3,3.4,2025-12-23,2025-12-26,3
E00456,P00785,61,Female,Stroke,Neurology,11,6.9,2025-07-24,2025-08-04,11
E00457,P03176,46,Male,Knee Osteoarthritis,Orthopedics,7,5.5,2025-12-28,2026-01-04,7
E00458,P03465,76,Male,Low Back Pain,Orthopedics,6,6.6,2025-08-12,2025-08-18,6
E00459,P00246,88,Male,Diabetes,General Medicine,8,5.6,2025-04-11,2025-04-19,8
E00460,P03248,26,Female,COPD,Pulmonology,8,3.9,2025-07-23,2025-07-31,8
E00461,P03111,23,Male,Fracture,Orthopedics,10,4.1,2025-01-08,2025-01-18,10
E00462,P01501,46,Female,Knee Osteoarthritis,Orthopedics,4,7.3,2025-06-21,2025-06-25,4
E00463,P01706,75,Male,Knee Osteoarthritis,Orthopedics,1,4.8,2025-07-27,2025-07-28,1
E00464,P02807,34,Female,Low Back Pain,Orthopedics,3,8.6,2025-04-06,2025-04-09,3
E00465,P00538,33,Male,Fracture,Orthopedics,5,5.3,2025-06-11,2025-06-16,5
E00466,P01891,20,Female,Heart Failure,Cardiology,7,8.0,2025-10-18,2025-10-25,7
E00467,P01842,38,Male,Knee Osteoarthritis,Orthopedics,4,8.7,2025-04-06,2025-04-10,4
E00468,P00921,81,Male,COPD,Pulmonology,5,2.3,2025-11-02,2025-11-07,5
E00469,P02456,53,Male,Pneumonia,Pulmonology,5,3.5,2025-05-25,2025-05-30,5
E00470,P00525,79,Male,Knee Osteoarthritis,Orthopedics,2,7.6,2025-09-15,2025-09-17,2
E00471,P02876,59,Female,Pneumonia,Pulmonology,10,4.7,2025-10-27,2025-11-06,10
E00472,P01530,59,Female,Stroke,Neurology,10,5.2,2025-04-12,2025-04-22,10
E00473,P02951,78,Female,Fracture,Orthopedics,5,8.4,2025-06-26,2025-07-01,5
E00474,P00036,30,Male,Heart Failure,Cardiology,2,3.3,2025-11-24,2025-11-26,2
E00475,P00685,28,Male,Pneumonia,Pulmonology,2,2.9,2025-04-20,2025-04-22,2
E00476,P00020,71,Male,Knee Osteoarthritis,Orthopedics,1,6.0,2025-07-17,2025-07-18,1
E00477,P02369,33,Male,Heart Failure,Cardiology,5,4.8,2025-05-09,2025-05-14,5
E00478,P02560,25,Male,COPD,Pulmonology,7,4.0,2025-12-25,2026-01-01,7
E00479,P00400,76,Male,Heart Failure,Cardiology,5,3.9,2025-05-17,2025-05-22,5
E00480,P02702,74,Female,Pneumonia,Pulmonology,12,4.7,2025-01-27,2025-02-08,12
E00481,P00972,57,Female,Fracture,Orthopedics,13,3.4,2025-05-17,2025-05-30,13
E00482,P01907,76,Female,Pneumonia,Pulmonology,4,4.0,2025-06-13,2025-06-17,4
E00483,P02519,19,Female,Diabetes,General Medicine,8,3.8,2025-12-15,2025-12-23,8
E00484,P01167,27,Female,Diabetes,General Medicine,6,6.0,2025-12-22,2025-12-28,6
E00485,P01116,61,Female,Heart Failure,Cardiology,9,1.2,2025-05-11,2025-05-20,9
E00486,P03426,28,Female,Low Back Pain,Orthopedics,6,8.8,2025-05-31,2025-06-06,6
E00487,P00834,19,Female,Fracture,Orthopedics,11,6.6,2025-09-03,2025-09-14,11
E00488,P01824,67,Male,Low Back Pain,Orthopedics,4,7.2,2025-04-20,2025-04-24,4
E00489,P02775,29,Male,Diabetes,General Medicine,2,6.0,2025-03-14,2025-03-16,2
E00490,P01983,40,Male,Knee Osteoarthritis,Orthopedics,1,7.3,2025-10-13,2025-10-14,1
E00491,P00854,35,Male,Stroke,Neurology,15,5.1,2025-10-02,2025-10-17,15
E00492,P00051,79,Male,Heart Failure,Cardiology,9,3.9,2025-12-24,2026-01-02,9
E00493,P00575,79,Male,Stroke,Neurology,8,3.8,2025-03-08,2025-03-16,8
E00494,P03262,55,Male,Diabetes,General Medicine,1,3.5,2025-02-19,2025-02-20,1
E00495,P01149,84,Female,Pneumonia,Pulmonology,5,2.4,2025-10-31,2025-11-05,5
E00496,P02198,55,Female,COPD,Pulmonology,6,3.4,2025-01-03,2025-01-09,6
E00497,P02362,84,Male,Heart Failure,Cardiology,8,0.0,2025-08-14,2025-08-22,8
E00498,P02618,78,Female,Diabetes,General Medicine,8,4.1,2025-03-07,2025-03-15,8
E00499,P03414,18,Female,Fracture,Orthopedics,11,6.3,2025-06-04,2025-06-15,11
E00500,P02353,62,Female,Knee Osteoarthritis,Orthopedics,4,6.0,2025-12-28,2026-01-01,4
E00501,P01716,45,Female,COPD,Pulmonology,7,3.8,2025-04-21,2025-04-28,7
E00502,P00682,38,Female,Heart Failure,Cardiology,11,1.3,2025-10-23,2025-11-03,11
E00503,P00838,30,Male,Heart Failure,Cardiology,10,6.4,2025-09-13,2025-09-23,10
E00504,P01078,44,Female,Fracture,Orthopedics,6,6.3,2025-10-01,2025-10-07,6
E00505,P03051,24,Male,Low Back Pain,Orthopedics,3,6.3,2025-06-04,2025-06-07,3
E00506,P02492,39,Male,Pneumonia,Pulmonology,5,2.1,2025-05-19,2025-05-24,5
E00507,P02661,70,Male,Heart Failure,Cardiology,11,3.5,2025-06-16,2025-06-27,11
E00508,P03041,21,Female,Pneumonia,Pulmonology,5,5.6,2025-01-19,2025-01-24,5
E00509,P02312,40,Male,Diabetes,General Medicine,6,5.1,2025-12-11,2025-12-17,6
E00510,P03125,87,Male,Knee Osteoarthritis,Orthopedics,7,7.8,2025-08-11,2025-08-18,7
E00511,P01596,50,Male,COPD,Pulmonology,10,4.3,2025-02-26,2025-03-08,10
E00512,P03052,45,Male,COPD,Pulmonology,7,3.0,2025-10-21,2025-10-28,7
E00513,P00005,25,Female,Knee Osteoarthritis,Orthopedics,1,4.3,2025-05-13,2025-05-14,1
E00514,P01127,18,Male,Heart Failure,Cardiology,6,3.2,2025-12-04,2025-12-10,6
E00515,P01220,54,Male,Heart Failure,Cardiology,10,3.1,2025-10-19,2025-10-29,10
E00516,P00774,80,Male,Diabetes,General Medicine,5,5.1,2025-12-10,2025-12-15,5
E00517,P00877,39,Male,Low Back Pain,Orthopedics,6,7.0,2025-07-24,2025-07-30,6
E00518,P00992,87,Female,Low Back Pain,Orthopedics,3,8.9,2025-04-29,2025-05-02,3
E00519,P02932,38,Male,Low Back Pain,Orthopedics,2,8.3,2025-09-10,2025-09-12,2
E00520,P03422,52,Male,Pneumonia,Pulmonology,12,2.8,2025-03-26,2025-04-07,12
E00521,P00047,22,Male,Low Back Pain,Orthopedics,5,3.8,2025-07-04,2025-07-09,5
E00522,P02915,77,Male,Knee Osteoarthritis,Orthopedics,4,8.6,2025-08-13,2025-08-17,4
E00523,P02871,63,Male,COPD,Pulmonology,5,5.5,2025-05-28,2025-06-02,5
E00524,P02984,67,Male,COPD,Pulmonology,12,1.5,2025-10-07,2025-10-19,12
E00525,P02704,65,Female,Pneumonia,Pulmonology,13,5.8,2025-08-15,2025-08-28,13
E00526,P00269,23,Male,Diabetes,General Medicine,5,4.1,2025-10-13,2025-10-18,5
E00527,P00370,73,Female,Knee Osteoarthritis,Orthopedics,6,6.7,2025-10-11,2025-10-17,6
E00528,P00636,76,Female,COPD,Pulmonology,11,5.9,2025-06-30,2025-07-11,11
E00529,P01130,46,Male,Knee Osteoarthritis,Orthopedics,7,8.5,2025-04-19,2025-04-26,7
E00530,P01694,88,Female,COPD,Pulmonology,10,4.5,2025-05-15,2025-05-25,10
E00531,P01683,35,Male,Stroke,Neurology,15,5.2,2025-10-18,2025-11-02,15
E00532,P00657,19,Female,Diabetes,General Medicine,8,4.4,2025-10-17,2025-10-25,8
E00533,P00120,25,Male,Diabetes,General Medicine,7,2.9,2025-04-13,2025-04-20,7
E00534,P00831,71,Female,Fracture,Orthopedics,7,6.4,2025-07-20,2025-07-27,7
E00535,P01811,55,Female,Stroke,Neurology,11,3.1,2025-04-27,2025-05-08,11
E00536,P01082,65,Male,Pneumonia,Pulmonology,10,3.0,2025-11-28,2025-12-08,10
E00537,P01975,44,Female,COPD,Pulmonology,11,3.0,2025-11-06,2025-11-17,11
E00538,P01370,37,Female,Fracture,Orthopedics,12,5.5,2025-01-29,2025-02-10,12
E00539,P00741,29,Female,COPD,Pulmonology,3,3.7,2025-01-27,2025-01-30,3
E00540,P00117,60,Female,COPD,Pulmonology,5,3.0,2025-01-13,2025-01-18,5
E00541,P01854,78,Female,Low Back Pain,Orthopedics,5,7.3,2025-02-11,2025-02-16,5
E00542,P02839,48,Male,Low Back Pain,Orthopedics,6,4.1,2025-08-12,2025-08-18,6
E00543,P01151,78,Female,Low Back Pain,Orthopedics,1,6.3,2025-01-21,2025-01-22,1
E00544,P03465,84,Female,Low Back Pain,Orthopedics,5,6.7,2025-05-16,2025-05-21,5
E00545,P01932,52,Male,Low Back Pain,Orthopedics,5,6.0,2025-11-22,2025-11-27,5
E00546,P01013,32,Male,Stroke,Neurology,10,4.2,2025-08-09,2025-08-19,10
E00547,P01665,33,Male,Diabetes,General Medicine,2,1.1,2025-05-25,2025-05-27,2
E00548,P01082,30,Female,Pneumonia,Pulmonology,3,4.0,2025-01-10,2025-01-13,3
E00549,P00634,52,Female,Knee Osteoarthritis,Orthopedics,5,7.5,2025-08-13,2025-08-18,5
E00550,P00513,76,Female,Low Back Pain,Orthopedics,2,7.2,2025-05-21,2025-05-23,2
E00551,P02850,38,Female,Stroke,Neurology,14,6.1,2025-04-16,2025-04-30,14
E00552,P01120,71,Male,Fracture,Orthopedics,11,6.8,2025-09-25,2025-10-06,11
E00553,P01142,47,Male,Fracture,Orthopedics,9,7.2,2025-07-13,2025-07-22,9
E00554,P00560,65,Female,COPD,Pulmonology,9,3.7,2025-05-08,2025-05-17,9
E00555,P00488,52,Female,Pneumonia,Pulmonology,6,4.5,2025-08-01,2025-08-07,6
E00556,P03309,55,Female,Fracture,Orthopedics,3,4.1,2025-05-31,2025-06-03,3
E00557,P00897,48,Female,Pneumonia,Pulmonology,5,2.2,2025-06-29,2025-07-04,5
E00558,P03344,41,Male,Pneumonia,Pulmonology,3,5.9,2025-11-13,2025-11-16,3
E00559,P01213,66,Male,Stroke,Neurology,5,0.8,2025-01-26,2025-01-31,5
E00560,P00704,49,Female,Knee Osteoarthritis,Orthopedics,4,6.3,2025-01-15,2025-01-19,4
E00561,P01471,72,Male,Low Back Pain,Orthopedics,3,8.3,2025-01-22,2025-01-25,3
E00562,P00581,75,Female,Pneumonia,Pulmonology,10,3.4,2025-12-11,2025-12-21,10
E00563,P02838,20,Female,Stroke,Neurology,15,3.9,2025-03-06,2025-03-21,15
E00564,P02909,86,Male,COPD,Pulmonology,11,3.7,2025-09-08,2025-09-19,11
E00565,P02295,27,Female,Diabetes,General Medicine,7,3.0,2025-01-21,2025-01-28,7
E00566,P03148,42,Male,COPD,Pulmonology,5,3.5,2025-08-21,2025-08-26,5
E00567,P00154,85,Female,Stroke,Neurology,4,3.5,2025-01-16,2025-01-20,4
E00568,P01680,78,Male,Stroke,Neurology,5,6.2,2025-09-29,2025-10-04,5
E00569,P00997,46,Female,Stroke,Neurology,5,6.6,2025-07-24,2025-07-29,5
E00570,P03158,36,Male,Pneumonia,Pulmonology,8,3.3,2025-10-25,2025-11-02,8
E00571,P02745,60,Female,Stroke,Neurology,10,2.4,2025-06-09,2025-06-19,10
E00572,P03357,83,Female,Diabetes,General Medicine,5,2.7,2025-02-10,2025-02-15,5
E00573,P01244,78,Male,Pneumonia,Pulmonology,12,3.2,2025-04-18,2025-04-30,12
E00574,P01093,60,Female,COPD,Pulmonology,7,4.3,2025-05-05,2025-05-12,7
E00575,P03119,42,Male,Diabetes,General Medicine,4,2.0,2025-06-01,2025-06-05,4
E00576,P01009,37,Male,Fracture,Orthopedics,8,5.3,2025-01-13,2025-01-21,8
E00577,P02142,65,Female,Heart Failure,Cardiology,14,4.3,2025-07-22,2025-08-05,14
E00578,P01774,41,Female,COPD,Pulmonology,12,4.9,2025-03-20,2025-04-01,12
E00579,P00958,28,Female,Stroke,Neurology,3,3.6,2025-02-11,2025-02-14,3
E00580,P03060,72,Female,Low Back Pain,Orthopedics,5,4.5,2025-06-18,2025-06-23,5
E00581,P00453,45,Male,Low Back Pain,Orthopedics,2,10.0,2025-09-06,2025-09-08,2
E00582,P01228,86,Female,Pneumonia,Pulmonology,9,4.7,2025-05-01,2025-05-10,9
E00583,P02960,80,Female,Low Back Pain,Orthopedics,1,6.1,2025-09-29,2025-09-30,1
E00584,P02266,76,Female,COPD,Pulmonology,6,4.8,2025-10-27,2025-11-02,6
E00585,P02522,22,Male,Pneumonia,Pulmonology,3,3.3,2025-07-28,2025-07-31,3
E00586,P02480,68,Female,COPD,Pulmonology,7,4.8,2025-06-07,2025-06-14,7
E00587,P02389,38,Male,Stroke,Neurology,11,4.7,2025-05-01,2025-05-12,11
E00588,P00551,29,Female,Knee Osteoarthritis,Orthopedics,5,6.6,2025-08-15,2025-08-20,5
E00589,P01636,67,Male,Knee Osteoarthritis,Orthopedics,4,6.3,2025-01-24,2025-01-28,4
E00590,P01313,21,Female,Diabetes,General Medicine,6,1.3,2025-08-18,2025-08-24,6
E00591,P03326,59,Female,Stroke,Neurology,4,7.4,2025-01-26,2025-01-30,4
E00592,P01758,55,Male,Low Back Pain,Orthopedics,4,5.1,2025-02-27,2025-03-03,4
E00593,P00357,42,Female,Stroke,Neurology,5,2.5,2025-09-22,2025-09-27,5
E00594,P02071,31,Female,Heart Failure,Cardiology,7,3.2,2025-05-06,2025-05-13,7
E00595,P01786,49,Female,Knee Osteoarthritis,Orthopedics,6,5.1,2025-10-02,2025-10-08,6
E00596,P02570,28,Male,Low Back Pain,Orthopedics,5,6.4,2025-01-28,2025-02-02,5
E00597,P01782,78,Female,COPD,Pulmonology,6,4.5,2025-10-28,2025-11-03,6
E00598,P03172,35,Male,COPD,Pulmonology,11,5.0,2025-05-08,2025-05-19,11
E00599,P02850,44,Male,Knee Osteoarthritis,Orthopedics,6,7.7,2025-04-04,2025-04-10,6
E00600,P03252,72,Male,Stroke,Neurology,15,4.0,2025-07-10,2025-07-25,15
E00601,P03295,71,Female,Low Back Pain,Orthopedics,3,6.6,2025-09-29,2025-10-02,3
E00602,P02810,38,Male,Diabetes,General Medicine,8,4.1,2025-01-05,2025-01-13,8
E00603,P02490,61,Male,COPD,Pulmonology,8,0.9,2025-06-06,2025-06-14,8
E00604,P01632,22,Female,Stroke,Neurology,15,5.4,2025-02-21,2025-03-08,15
E00605,P02817,58,Male,Diabetes,General Medicine,6,1.3,2025-08-31,2025-09-06,6
E00606,P01016,76,Male,Fracture,Orthopedics,3,9.6,2025-05-31,2025-06-03,3
E00607,P01349,71,Female,Low Back Pain,Orthopedics,4,5.9,2025-09-19,2025-09-23,4
E00608,P00516,39,Female,Knee Osteoarthritis,Orthopedics,6,6.2,2025-11-01,2025-11-07,6
E00609,P03088,82,Male,Fracture,Orthopedics,13,5.3,2025-03-21,2025-04-03,13
E00610,P02840,81,Female,Heart Failure,Cardiology,7,2.6,2025-07-02,2025-07-09,7
E00611,P00336,88,Female,Fracture,Orthopedics,13,9.9,2025-12-20,2026-01-02,13
E00612,P01783,21,Female,Pneumonia,Pulmonology,13,4.9,2025-04-17,2025-04-30,13
E00613,P02306,82,Male,Knee Osteoarthritis,Orthopedics,4,4.2,2025-06-03,2025-06-07,4
E00614,P00497,32,Male,Diabetes,General Medicine,3,5.8,2025-10-20,2025-10-23,3
E00615,P00896,39,Female,Stroke,Neurology,8,6.3,2025-07-24,2025-08-01,8
E00616,P02208,64,Male,Fracture,Orthopedics,14,6.1,2025-04-26,2025-05-10,14
E00617,P00852,63,Female,COPD,Pulmonology,11,4.0,2025-01-17,2025-01-28,11
E00618,P01688,31,Female,Low Back Pain,Orthopedics,6,6.5,2025-10-15,2025-10-21,6
E00619,P01932,67,Female,Fracture,Orthopedics,14,9.5,2025-06-05,2025-06-19,14
E00620,P02738,37,Female,Knee Osteoarthritis,Orthopedics,1,5.3,2025-01-25,2025-01-26,1
E00621,P02428,67,Female,COPD,Pulmonology,10,3.7,2025-10-05,2025-10-15,10
E00622,P01569,50,Male,COPD,Pulmonology,3,2.9,2025-11-13,2025-11-16,3
E00623,P00957,76,Male,Heart Failure,Cardiology,5,1.4,2025-05-06,2025-05-11,5
E00624,P02739,60,Male,Low Back Pain,Orthopedics,1,9.8,2025-10-27,2025-10-28,1
E00625,P03499,29,Male,Fracture,Orthopedics,16,4.7,2025-12-24,2026-01-09,16
E00626,P01637,57,Female,Diabetes,General Medicine,5,3.8,2025-10-03,2025-10-08,5
E00627,P01292,37,Female,Low Back Pain,Orthopedics,4,3.9,2025-12-31,2026-01-04,4
E00628,P01441,55,Male,Fracture,Orthopedics,10,5.9,2025-06-27,2025-07-07,10
E00629,P01192,20,Male,Low Back Pain,Orthopedics,2,7.1,2025-12-10,2025-12-12,2
E00630,P01067,45,Female,Stroke,Neurology,14,3.3,2025-02-16,2025-03-02,14
E00631,P00285,73,Female,Pneumonia,Pulmonology,4,4.4,2025-07-19,2025-07-23,4
E00632,P02445,30,Female,Fracture,Orthopedics,5,6.1,2025-02-20,2025-02-25,5
E00633,P00012,83,Male,COPD,Pulmonology,10,5.2,2025-10-22,2025-11-01,10
E00634,P01631,54,Female,Diabetes,General Medicine,8,5.5,2025-09-27,2025-10-05,8
E00635,P03374,66,Female,Fracture,Orthopedics,13,5.6,2025-07-16,2025-07-29,13
E00636,P03325,83,Male,Fracture,Orthopedics,12,6.6,2025-01-21,2025-02-02,12
E00637,P02547,53,Male,Stroke,Neurology,10,4.8,2025-05-23,2025-06-02,10
E00638,P00754,71,Male,COPD,Pulmonology,2,4.4,2025-09-05,2025-09-07,2
E00639,P02083,43,Female,Pneumonia,Pulmonology,11,3.5,2025-12-22,2026-01-02,11
E00640,P02775,89,Female,Stroke,Neurology,16,4.8,2025-12-19,2026-01-04,16
E00641,P02897,57,Male,Pneumonia,Pulmonology,3,3.1,2025-01-01,2025-01-04,3
E00642,P00090,60,Female,Pneumonia,Pulmonology,4,3.7,2025-12-31,2026-01-04,4
E00643,P00776,39,Female,Pneumonia,Pulmonology,12,5.4,2025-12-04,2025-12-16,12
E00644,P02653,37,Female,Stroke,Neurology,4,5.5,2025-10-01,2025-10-05,4
E00645,P03018,25,Male,Low Back Pain,Orthopedics,3,7.6,2025-08-29,2025-09-01,3
E00646,P01626,46,Male,Fracture,Orthopedics,10,7.6,2025-02-27,2025-03-09,10
E00647,P03070,57,Female,Pneumonia,Pulmonology,12,3.3,2025-05-06,2025-05-18,12
E00648,P00418,47,Female,Low Back Pain,Orthopedics,3,7.0,2025-11-25,2025-11-28,3
E00649,P00115,72,Female,Fracture,Orthopedics,14,4.9,2025-02-21,2025-03-07,14
E00650,P00617,33,Female,COPD,Pulmonology,7,5.4,2025-08-11,2025-08-18,7
E00651,P03268,63,Male,Fracture,Orthopedics,16,2.3,2025-10-29,2025-11-14,16
E00652,P00826,79,Male,COPD,Pulmonology,8,3.4,2025-12-29,2026-01-06,8
E00653,P01650,24,Female,Diabetes,General Medicine,2,5.2,2025-09-26,2025-09-28,2
E00654,P01517,62,Female,Heart Failure,Cardiology,14,1.5,2025-04-06,2025-04-20,14
E00655,P03147,76,Male,Low Back Pain,Orthopedics,2,7.1,2025-09-30,2025-10-02,2
E00656,P00413,73,Female,Fracture,Orthopedics,8,5.5,2025-11-19,2025-11-27,8
E00657,P03448,65,Male,COPD,Pulmonology,2,2.9,2025-03-02,2025-03-04,2
E00658,P03492,44,Female,Heart Failure,Cardiology,12,4.9,2025-11-17,2025-11-29,12
E00659,P00729,70,Male,Pneumonia,Pulmonology,4,3.8,2025-06-30,2025-07-04,4
E00660,P03349,90,Female,Heart Failure,Cardiology,14,0.4,2025-05-13,2025-05-27,14
E00661,P03069,52,Female,Heart Failure,Cardiology,2,2.0,2025-03-30,2025-04-01,2
E00662,P02809,68,Male,Pneumonia,Pulmonology,13,5.0,2025-06-22,2025-07-05,13
E00663,P00676,54,Male,Low Back Pain,Orthopedics,2,7.2,2025-11-08,2025-11-10,2
E00664,P03466,74,Female,Fracture,Orthopedics,14,9.1,2025-01-05,2025-01-19,14
E00665,P01893,25,Female,Pneumonia,Pulmonology,10,6.0,2025-12-23,2026-01-02,10
E00666,P02505,37,Male,Diabetes,General Medicine,5,3.0,2025-12-09,2025-12-14,5
E00667,P02968,70,Male,Knee Osteoarthritis,Orthopedics,1,10.0,2025-07-23,2025-07-24,1
E00668,P02240,29,Female,Fracture,Orthopedics,7,6.5,2025-06-11,2025-06-18,7
E00669,P02787,66,Female,Stroke,Neurology,6,3.1,2025-03-02,2025-03-08,6
E00670,P01123,34,Male,Pneumonia,Pulmonology,13,2.5,2025-07-09,2025-07-22,13
E00671,P01572,81,Male,Pneumonia,Pulmonology,10,0.1,2025-11-21,2025-12-01,10
E00672,P00978,59,Male,Heart Failure,Cardiology,10,5.9,2025-03-04,2025-03-14,10
E00673,P01009,46,Male,Diabetes,General Medicine,7,5.9,2025-02-13,2025-02-20,7
E00674,P02144,36,Male,COPD,Pulmonology,4,2.0,2025-08-27,2025-08-31,4
E00675,P01688,28,Female,COPD,Pulmonology,6,3.2,2025-01-28,2025-02-03,6
E00676,P02711,67,Female,Heart Failure,Cardiology,4,3.6,2025-07-17,2025-07-21,4
E00677,P03262,88,Male,Low Back Pain,Orthopedics,2,5.1,2025-09-26,2025-09-28,2
E00678,P00037,75,Female,Fracture,Orthopedics,4,3.9,2025-06-20,2025-06-24,4
E00679,P03441,51,Female,Pneumonia,Pulmonology,2,3.2,2025-01-30,2025-02-01,2
E00680,P01549,37,Male,Fracture,Orthopedics,14,6.0,2025-06-03,2025-06-17,14
E00681,P02327,67,Female,Fracture,Orthopedics,12,5.9,2025-07-28,2025-08-09,12
E00682,P02265,27,Female,Pneumonia,Pulmonology,3,3.8,2025-03-04,2025-03-07,3
E00683,P02915,49,Female,Heart Failure,Cardiology,9,5.6,2025-11-25,2025-12-04,9
E00684,P00873,69,Male,Fracture,Orthopedics,13,6.0,2025-02-26,2025-03-11,13
E00685,P01822,32,Male,Pneumonia,Pulmonology,9,3.8,2025-11-16,2025-11-25,9
E00686,P01297,20,Female,Low Back Pain,Orthopedics,3,7.6,2025-07-27,2025-07-30,3
E00687,P02110,54,Female,Fracture,Orthopedics,9,7.3,2025-11-04,2025-11-13,9
E00688,P00596,57,Female,Knee Osteoarthritis,Orthopedics,7,5.6,2025-03-04,2025-03-11,7
E00689,P01904,89,Female,Stroke,Neurology,4,4.6,2025-09-05,2025-09-09,4
E00690,P00729,57,Female,Stroke,Neurology,11,5.3,2025-05-21,2025-06-01,11
E00691,P01366,73,Female,Stroke,Neurology,5,2.8,2025-04-03,2025-04-08,5
E00692,P00397,40,Male,Knee Osteoarthritis,Orthopedics,2,8.4,2025-04-17,2025-04-19,2
E00693,P00699,28,Female,Pneumonia,Pulmonology,13,5.6,2025-12-31,2026-01-13,13
E00694,P03091,81,Female,Heart Failure,Cardiology,4,2.4,2025-03-29,2025-04-02,4
E00695,P02225,25,Male,COPD,Pulmonology,3,3.8,2025-10-28,2025-10-31,3
E00696,P01636,73,Female,Diabetes,General Medicine,7,4.5,2025-04-18,2025-04-25,7
E00697,P00396,77,Female,Pneumonia,Pulmonology,9,2.7,2025-02-15,2025-02-24,9
E00698,P02493,27,Female,Knee Osteoarthritis,Orthopedics,5,7.2,2025-03-18,2025-03-23,5
E00699,P03305,56,Female,Fracture,Orthopedics,5,6.7,2025-08-05,2025-08-10,5
E00700,P00076,45,Male,Low Back Pain,Orthopedics,5,4.3,2025-06-18,2025-06-23,5
E00701,P00265,66,Female,Knee Osteoarthritis,Orthopedics,3,7.2,2025-10-29,2025-11-01,3
E00702,P02503,53,Male,Fracture,Orthopedics,13,4.8,2025-05-09,2025-05-22,13
E00703,P01820,30,Female,COPD,Pulmonology,9,4.9,2025-07-20,2025-07-29,9
E00704,P00718,53,Female,Stroke,Neurology,9,3.5,2025-07-15,2025-07-24,9
E00705,P02783,43,Male,Pneumonia,Pulmonology,7,3.3,2025-12-14,2025-12-21,7
E00706,P03456,21,Female,COPD,Pulmonology,2,5.6,2025-09-25,2025-09-27,2
E00707,P00851,81,Male,Stroke,Neurology,12,5.2,2025-03-29,2025-04-10,12
E00708,P01391,55,Male,Diabetes,General Medicine,1,1.9,2025-09-10,2025-09-11,1
E00709,P00144,39,Male,Fracture,Orthopedics,3,5.0,2025-08-26,2025-08-29,3
E00710,P00885,19,Female,Fracture,Orthopedics,16,5.6,2025-03-14,2025-03-30,16
E00711,P03141,48,Female,Low Back Pain,Orthopedics,2,7.1,2025-12-24,2025-12-26,2
E00712,P03171,28,Female,Stroke,Neurology,16,5.0,2025-12-21,2026-01-06,16
E00713,P00396,63,Female,Diabetes,General Medicine,8,2.2,2025-06-10,2025-06-18,8
E00714,P03097,79,Male,Fracture,Orthopedics,10,4.7,2025-02-27,2025-03-09,10
E00715,P02996,86,Female,Knee Osteoarthritis,Orthopedics,6,6.9,2025-10-18,2025-10-24,6
E00716,P02939,81,Female,Stroke,Neurology,9,4.2,2025-12-06,2025-12-15,9
E00717,P01493,27,Male,Stroke,Neurology,8,7.7,2025-03-07,2025-03-15,8
E00718,P03223,57,Male,Heart Failure,Cardiology,5,3.6,2025-01-26,2025-01-31,5
E00719,P01168,41,Female,Low Back Pain,Orthopedics,1,9.2,2025-10-25,2025-10-26,1
E00720,P02617,61,Male,Low Back Pain,Orthopedics,1,4.7,2025-03-18,2025-03-19,1
E00721,P01063,77,Male,COPD,Pulmonology,2,1.1,2025-10-13,2025-10-15,2
E00722,P02157,79,Male,Knee Osteoarthritis,Orthopedics,4,4.8,2025-02-05,2025-02-09,4
E00723,P01066,34,Male,Heart Failure,Cardiology,4,5.3,2025-01-19,2025-01-23,4
E00724,P01210,82,Male,COPD,Pulmonology,8,6.1,2025-10-05,2025-10-13,8
E00725,P02983,74,Female,Diabetes,General Medicine,5,2.3,2025-11-17,2025-11-22,5
E00726,P02446,72,Female,COPD,Pulmonology,6,2.8,2025-11-09,2025-11-15,6
E00727,P03295,70,Female,Diabetes,General Medicine,4,1.7,2025-09-24,2025-09-28,4
E00728,P00634,73,Female,Knee Osteoarthritis,Orthopedics,1,3.8,2025-10-09,2025-10-10,1
E00729,P01157,26,Female,Fracture,Orthopedics,7,7.6,2025-01-19,2025-01-26,7
E00730,P03235,39,Female,Low Back Pain,Orthopedics,4,6.8,2025-12-05,2025-12-09,4
E00731,P01239,30,Female,Fracture,Orthopedics,16,6.5,2025-05-20,2025-06-05,16
E00732,P00733,65,Male,Diabetes,General Medicine,2,1.4,2025-03-08,2025-03-10,2
E00733,P00235,35,Female,Knee Osteoarthritis,Orthopedics,5,9.0,2025-11-08,2025-11-13,5
E00734,P02706,57,Female,Fracture,Orthopedics,10,5.7,2025-01-18,2025-01-28,10
E00735,P00751,34,Female,COPD,Pulmonology,3,4.3,2025-09-18,2025-09-21,3
E00736,P02636,32,Male,Diabetes,General Medicine,8,1.3,2025-04-22,2025-04-30,8
E00737,P03081,32,Female,Pneumonia,Pulmonology,2,3.2,2025-04-25,2025-04-27,2
E00738,P03146,80,Female,Stroke,Neurology,15,4.9,2025-06-15,2025-06-30,15
E00739,P00954,56,Male,COPD,Pulmonology,5,4.0,2025-03-08,2025-03-13,5
E00740,P02540,30,Female,Low Back Pain,Orthopedics,3,6.7,2025-09-12,2025-09-15,3
E00741,P02961,49,Female,Fracture,Orthopedics,7,7.2,2025-03-11,2025-03-18,7
E00742,P03325,26,Male,COPD,Pulmonology,6,1.8,2025-11-04,2025-11-10,6
E00743,P03302,57,Female,Pneumonia,Pulmonology,6,3.8,2025-07-22,2025-07-28,6
E00744,P01543,37,Male,Knee Osteoarthritis,Orthopedics,4,6.7,2025-05-07,2025-05-11,4
E00745,P01198,90,Female,Knee Osteoarthritis,Orthopedics,4,6.8,2025-11-17,2025-11-21,4
E00746,P01677,80,Female,COPD,Pulmonology,9,3.6,2025-03-21,2025-03-30,9
E00747,P01192,61,Female,Pneumonia,Pulmonology,4,1.6,2025-06-25,2025-06-29,4
E00748,P02218,55,Male,Fracture,Orthopedics,14,4.5,2025-04-23,2025-05-07,14
E00749,P01417,77,Male,COPD,Pulmonology,5,0.2,2025-04-21,2025-04-26,5
E00750,P02994,88,Male,Stroke,Neurology,3,5.7,2025-11-05,2025-11-08,3
E00751,P02843,65,Female,Stroke,Neurology,9,5.7,2025-05-17,2025-05-26,9
E00752,P02682,35,Female,Heart Failure,Cardiology,2,4.8,2025-05-13,2025-05-15,2
E00753,P01218,33,Male,Diabetes,General Medicine,7,4.0,2025-11-24,2025-12-01,7
E00754,P01541,72,Male,Heart Failure,Cardiology,3,0.3,2025-07-08,2025-07-11,3
E00755,P02077,56,Female,Fracture,Orthopedics,13,5.0,2025-10-04,2025-10-17,13
E00756,P03237,85,Female,Stroke,Neurology,9,4.8,2025-08-13,2025-08-22,9
E00757,P01446,76,Female,Pneumonia,Pulmonology,2,3.7,2025-04-13,2025-04-15,2
E00758,P02387,79,Female,Diabetes,General Medicine,3,3.2,2025-04-17,2025-04-20,3
E00759,P01520,30,Male,Fracture,Orthopedics,5,7.1,2025-03-04,2025-03-09,5
E00760,P01389,23,Female,Pneumonia,Pulmonology,7,3.5,2025-09-02,2025-09-09,7
E00761,P01857,77,Female,Fracture,Orthopedics,8,6.7,2025-06-22,2025-06-30,8
E00762,P01366,31,Female,Heart Failure,Cardiology,7,2.5,2025-11-29,2025-12-06,7
E00763,P00500,71,Female,Knee Osteoarthritis,Orthopedics,3,8.0,2025-11-27,2025-11-30,3
E00764,P01681,21,Female,Pneumonia,Pulmonology,3,2.9,2025-07-29,2025-08-01,3
E00765,P00511,56,Female,Heart Failure,Cardiology,3,1.5,2025-07-10,2025-07-13,3
E00766,P03399,89,Female,Heart Failure,Cardiology,7,2.3,2025-06-07,2025-06-14,7
E00767,P00217,42,Male,Heart Failure,Cardiology,11,3.0,2025-11-15,2025-11-26,11
E00768,P01325,49,Male,Knee Osteoarthritis,Orthopedics,5,8.0,2025-08-13,2025-08-18,5
E00769,P01156,76,Male,Knee Osteoarthritis,Orthopedics,6,6.4,2025-06-21,2025-06-27,6
E00770,P01828,80,Female,COPD,Pulmonology,8,3.2,2025-11-19,2025-11-27,8
E00771,P03142,55,Male,Knee Osteoarthritis,Orthopedics,7,4.6,2025-02-05,2025-02-12,7
E00772,P03324,70,Female,Diabetes,General Medicine,5,4.7,2025-05-14,2025-05-19,5
E00773,P03487,84,Female,Knee Osteoarthritis,Orthopedics,2,5.5,2025-02-06,2025-02-08,2
E00774,P01811,45,Female,Knee Osteoarthritis,Orthopedics,6,6.3,2025-04-03,2025-04-09,6
E00775,P02493,20,Female,Knee Osteoarthritis,Orthopedics,7,8.7,2025-03-16,2025-03-23,7
E00776,P02924,39,Male,Fracture,Orthopedics,7,7.3,2025-09-01,2025-09-08,7
E00777,P01206,55,Female,Pneumonia,Pulmonology,5,1.1,2025-07-02,2025-07-07,5
E00778,P02215,89,Female,Knee Osteoarthritis,Orthopedics,7,3.8,2025-07-24,2025-07-31,7
E00779,P00091,89,Male,Diabetes,General Medicine,4,3.4,2025-07-06,2025-07-10,4
E00780,P00714,79,Male,Fracture,Orthopedics,7,4.7,2025-06-15,2025-06-22,7
E00781,P01882,74,Male,Heart Failure,Cardiology,6,4.5,2025-04-25,2025-05-01,6
E00782,P00039,23,Female,Pneumonia,Pulmonology,2,3.6,2025-07-26,2025-07-28,2
E00783,P03198,49,Male,Stroke,Neurology,3,4.7,2025-09-02,2025-09-05,3
E00784,P00173,27,Female,Fracture,Orthopedics,5,5.4,2025-11-29,2025-12-04,5
E00785,P00653,20,Female,Knee Osteoarthritis,Orthopedics,7,9.1,2025-06-10,2025-06-17,7
E00786,P00754,76,Male,Fracture,Orthopedics,16,10.0,2025-01-13,2025-01-29,16
E00787,P01244,66,Male,COPD,Pulmonology,12,3.1,2025-10-21,2025-11-02,12
E00788,P01082,76,Male,COPD,Pulmonology,4,4.0,2025-08-24,2025-08-28,4
E00789,P01684,48,Female,Fracture,Orthopedics,4,6.6,2025-09-30,2025-10-04,4
E00790,P02524,86,Female,Heart Failure,Cardiology,13,3.1,2025-04-24,2025-05-07,13
E00791,P00456,79,Female,Heart Failure,Cardiology,3,2.3,2025-06-01,2025-06-04,3
E00792,P00829,69,Female,Pneumonia,Pulmonology,7,1.9,2025-01-26,2025-02-02,7
E00793,P00895,58,Female,COPD,Pulmonology,2,1.8,2025-06-17,2025-06-19,2
E00794,P01385,48,Female,Stroke,Neurology,8,5.1,2025-02-01,2025-02-09,8
E00795,P01959,39,Male,Low Back Pain,Orthopedics,5,5.7,2025-08-09,2025-08-14,5
E00796,P03073,21,Female,COPD,Pulmonology,7,0.0,2025-07-25,2025-08-01,7
E00797,P02435,30,Male,Fracture,Orthopedics,7,7.2,2025-12-08,2025-12-15,7
E00798,P01997,62,Male,COPD,Pulmonology,8,3.4,2025-04-08,2025-04-16,8
E00799,P02396,59,Male,Diabetes,General Medicine,1,5.5,2025-04-01,2025-04-02,1
E00800,P00190,66,Male,Low Back Pain,Orthopedics,5,7.1,2025-08-02,2025-08-07,5
E00801,P00505,37,Male,Heart Failure,Cardiology,4,1.3,2025-07-07,2025-07-11,4
E00802,P01215,71,Female,Low Back Pain,Orthopedics,6,3.2,2025-02-26,2025-03-04,6
E00803,P01532,53,Female,COPD,Pulmonology,2,2.4,2025-04-17,2025-04-19,2
E00804,P03441,18,Female,Heart Failure,Cardiology,14,2.6,2025-07-14,2025-07-28,14
E00805,P03481,32,Female,Low Back Pain,Orthopedics,3,7.9,2025-01-22,2025-01-25,3
E00806,P00824,34,Male,Heart Failure,Cardiology,12,3.5,2025-07-05,2025-07-17,12
E00807,P00929,41,Male,Heart Failure,Cardiology,8,5.2,2025-03-26,2025-04-03,8
E00808,P00934,75,Male,Pneumonia,Pulmonology,5,1.5,2025-03-21,2025-03-26,5
E00809,P01141,89,Female,Stroke,Neurology,5,5.9,2025-11-25,2025-11-30,5
E00810,P00134,40,Female,Heart Failure,Cardiology,11,4.6,2025-03-18,2025-03-29,11
E00811,P02106,63,Female,Diabetes,General Medicine,1,0.5,2025-11-26,2025-11-27,1
E00812,P00685,89,Female,COPD,Pulmonology,2,5.5,2025-12-07,2025-12-09,2
E00813,P02720,25,Male,COPD,Pulmonology,9,3.6,2025-06-26,2025-07-05,9
E00814,P02221,76,Male,Diabetes,General Medicine,1,4.1,2025-06-23,2025-06-24,1
E00815,P01853,76,Female,Knee Osteoarthritis,Orthopedics,5,5.2,2025-03-23,2025-03-28,5
E00816,P00815,30,Female,Heart Failure,Cardiology,6,5.4,2025-01-21,2025-01-27,6
E00817,P01173,56,Male,Fracture,Orthopedics,12,4.7,2025-06-28,2025-07-10,12
E00818,P00080,45,Male,Heart Failure,Cardiology,9,4.7,2025-11-26,2025-12-05,9
E00819,P02934,78,Male,Heart Failure,Cardiology,7,4.7,2025-08-13,2025-08-20,7
E00820,P03285,33,Male,Fracture,Orthopedics,9,5.0,2025-09-22,2025-10-01,9
E00821,P00203,19,Female,Low Back Pain,Orthopedics,3,9.5,2025-09-26,2025-09-29,3
E00822,P02812,34,Male,Heart Failure,Cardiology,9,3.8,2025-09-08,2025-09-17,9
E00823,P01253,47,Male,Heart Failure,Cardiology,14,4.5,2025-09-30,2025-10-14,14
E00824,P01700,30,Male,Diabetes,General Medicine,6,1.2,2025-12-09,2025-12-15,6
E00825,P01251,30,Male,Stroke,Neurology,13,7.7,2025-09-29,2025-10-12,13
E00826,P01683,60,Female,Stroke,Neurology,8,2.7,2025-10-07,2025-10-15,8
E00827,P01556,38,Female,Knee Osteoarthritis,Orthopedics,3,8.0,2025-08-11,2025-08-14,3
E00828,P03474,72,Female,Diabetes,General Medicine,6,2.0,2025-03-16,2025-03-22,6
E00829,P02095,57,Female,Heart Failure,Cardiology,6,2.6,2025-05-31,2025-06-06,6
E00830,P01257,32,Female,Stroke,Neurology,10,5.7,2025-12-25,2026-01-04,10
E00831,P03377,90,Female,Pneumonia,Pulmonology,3,5.0,2025-12-08,2025-12-11,3
E00832,P01550,69,Male,Pneumonia,Pulmonology,8,1.6,2025-04-15,2025-04-23,8
E00833,P01167,70,Male,Pneumonia,Pulmonology,5,5.1,2025-02-11,2025-02-16,5
E00834,P03487,69,Male,Heart Failure,Cardiology,2,5.1,2025-06-25,2025-06-27,2
E00835,P01397,47,Male,Heart Failure,Cardiology,14,2.1,2025-09-02,2025-09-16,14
E00836,P03331,50,Female,Fracture,Orthopedics,7,8.9,2025-09-10,2025-09-17,7
E00837,P02704,74,Male,Knee Osteoarthritis,Orthopedics,3,4.3,2025-10-01,2025-10-04,3
E00838,P00471,69,Female,COPD,Pulmonology,5,2.6,2025-11-30,2025-12-05,5
E00839,P03019,26,Male,Knee Osteoarthritis,Orthopedics,7,7.2,2025-04-02,2025-04-09,7
E00840,P01036,71,Male,Knee Osteoarthritis,Orthopedics,5,5.2,2025-01-11,2025-01-16,5
E00841,P01354,18,Male,Low Back Pain,Orthopedics,6,6.9,2025-06-01,2025-06-07,6
E00842,P02784,61,Female,Pneumonia,Pulmonology,5,3.9,2025-07-08,2025-07-13,5
E00843,P02832,26,Male,Heart Failure,Cardiology,2,3.2,2025-06-13,2025-06-15,2
E00844,P00968,49,Female,Pneumonia,Pulmonology,7,4.7,2025-05-06,2025-05-13,7
E00845,P00358,32,Female,Knee Osteoarthritis,Orthopedics,3,6.2,2025-07-30,2025-08-02,3
E00846,P03020,29,Male,Heart Failure,Cardiology,11,3.8,2025-04-07,2025-04-18,11
E00847,P03480,74,Female,Diabetes,General Medicine,6,5.2,2025-11-05,2025-11-11,6
E00848,P00668,25,Female,Fracture,Orthopedics,9,7.7,2025-12-05,2025-12-14,9
E00849,P00373,89,Male,Stroke,Neurology,3,5.7,2025-02-16,2025-02-19,3
E00850,P01032,44,Male,Stroke,Neurology,16,2.8,2025-11-04,2025-11-20,16
E00851,P01146,79,Male,Knee Osteoarthritis,Orthopedics,4,7.3,2025-08-12,2025-08-16,4
E00852,P01372,29,Male,COPD,Pulmonology,10,2.2,2025-02-26,2025-03-08,10
E00853,P02724,82,Male,Pneumonia,Pulmonology,13,1.6,2025-03-16,2025-03-29,13
E00854,P00090,59,Male,Diabetes,General Medicine,6,3.4,2025-09-11,2025-09-17,6
E00855,P02746,79,Female,Heart Failure,Cardiology,11,2.1,2025-05-31,2025-06-11,11
E00856,P03388,28,Male,COPD,Pulmonology,7,4.7,2025-02-28,2025-03-07,7
E00857,P03250,60,Male,Pneumonia,Pulmonology,3,4.7,2025-11-21,2025-11-24,3
E00858,P00540,34,Female,Knee Osteoarthritis,Orthopedics,4,3.6,2025-03-27,2025-03-31,4
E00859,P02780,49,Male,Pneumonia,Pulmonology,7,2.3,2025-06-19,2025-06-26,7
E00860,P00869,57,Female,Knee Osteoarthritis,Orthopedics,4,4.3,2025-05-26,2025-05-30,4
E00861,P00041,40,Male,Low Back Pain,Orthopedics,2,5.8,2025-11-23,2025-11-25,2
E00862,P00740,73,Male,Stroke,Neurology,9,5.2,2025-02-02,2025-02-11,9
E00863,P01947,23,Female,COPD,Pulmonology,4,3.1,2025-01-03,2025-01-07,4
E00864,P02550,67,Male,Stroke,Neurology,8,3.6,2025-10-11,2025-10-19,8
E00865,P03007,54,Female,Pneumonia,Pulmonology,13,5.5,2025-09-14,2025-09-27,13
E00866,P03217,81,Male,Diabetes,General Medicine,4,0.0,2025-05-06,2025-05-10,4
E00867,P01225,71,Male,Heart Failure,Cardiology,4,5.4,2025-04-23,2025-04-27,4
E00868,P00929,89,Female,Knee Osteoarthritis,Orthopedics,4,5.7,2025-10-30,2025-11-03,4
E00869,P02037,66,Male,Heart Failure,Cardiology,4,3.4,2025-10-20,2025-10-24,4
E00870,P02509,28,Male,Stroke,Neurology,16,3.7,2025-12-08,2025-12-24,16
E00871,P02780,66,Female,Fracture,Orthopedics,4,8.8,2025-02-17,2025-02-21,4
E00872,P02800,38,Male,Diabetes,General Medicine,3,1.7,2025-12-30,2026-01-02,3
E00873,P00925,83,Female,Diabetes,General Medicine,3,3.5,2025-10-02,2025-10-05,3
E00874,P02957,80,Male,Heart Failure,Cardiology,14,4.3,2025-07-14,2025-07-28,14
E00875,P01582,45,Female,Stroke,Neurology,14,2.1,2025-12-05,2025-12-19,14
E00876,P03325,34,Male,Fracture,Orthopedics,16,5.1,2025-08-13,2025-08-29,16
E00877,P00390,23,Female,Heart Failure,Cardiology,11,3.3,2025-08-01,2025-08-12,11
E00878,P01618,36,Female,Pneumonia,Pulmonology,2,2.2,2025-11-17,2025-11-19,2
E00879,P02931,73,Male,Diabetes,General Medicine,7,2.3,2025-10-09,2025-10-16,7
E00880,P00256,45,Male,Diabetes,General Medicine,3,3.0,2025-05-18,2025-05-21,3
E00881,P00709,83,Female,Pneumonia,Pulmonology,10,4.5,2025-12-21,2025-12-31,10
E00882,P01839,55,Male,Stroke,Neurology,6,4.0,2025-11-29,2025-12-05,6
E00883,P01945,54,Female,Diabetes,General Medicine,7,5.1,2025-03-11,2025-03-18,7
E00884,P02498,85,Male,COPD,Pulmonology,4,2.0,2025-10-26,2025-10-30,4
E00885,P00010,66,Male,Fracture,Orthopedics,10,4.6,2025-03-11,2025-03-21,10
E00886,P02872,60,Female,Low Back Pain,Orthopedics,1,9.4,2025-07-27,2025-07-28,1
E00887,P00798,53,Female,Low Back Pain,Orthopedics,5,5.5,2025-07-19,2025-07-24,5
E00888,P03314,75,Male,Low Back Pain,Orthopedics,1,4.5,2025-02-28,2025-03-01,1
E00889,P03323,30,Male,Knee Osteoarthritis,Orthopedics,7,3.9,2025-09-16,2025-09-23,7
E00890,P00877,69,Male,COPD,Pulmonology,6,5.1,2025-12-07,2025-12-13,6
E00891,P01029,75,Male,Knee Osteoarthritis,Orthopedics,7,6.0,2025-12-17,2025-12-24,7
E00892,P03191,49,Male,Stroke,Neurology,4,4.1,2025-11-30,2025-12-04,4
E00893,P01016,77,Female,Pneumonia,Pulmonology,13,3.3,2025-12-23,2026-01-05,13
E00894,P01825,75,Male,Heart Failure,Cardiology,2,5.0,2025-12-05,2025-12-07,2
E00895,P00374,73,Male,COPD,Pulmonology,12,3.2,2025-06-14,2025-06-26,12
E00896,P03137,45,Female,Fracture,Orthopedics,9,10.0,2025-09-02,2025-09-11,9
E00897,P02194,18,Female,Stroke,Neurology,14,4.7,2025-03-25,2025-04-08,14
E00898,P00224,59,Female,Heart Failure,Cardiology,2,5.1,2025-11-05,2025-11-07,2
E00899,P01263,65,Male,Stroke,Neurology,5,5.7,2025-04-24,2025-04-29,5
E00900,P02225,57,Female,Knee Osteoarthritis,Orthopedics,3,6.4,2025-08-22,2025-08-25,3
E00901,P01803,80,Female,Low Back Pain,Orthopedics,6,5.6,2025-09-19,2025-09-25,6
E00902,P00853,89,Female,Pneumonia,Pulmonology,7,4.0,2025-06-21,2025-06-28,7
E00903,P03354,21,Female,Knee Osteoarthritis,Orthopedics,7,7.3,2025-01-18,2025-01-25,7
E00904,P00063,55,Male,Pneumonia,Pulmonology,8,2.6,2025-08-23,2025-08-31,8
E00905,P01241,44,Male,COPD,Pulmonology,12,3.7,2025-11-06,2025-11-18,12
E00906,P02875,26,Male,Heart Failure,Cardiology,12,5.4,2025-06-06,2025-06-18,12
E00907,P02843,33,Female,Stroke,Neurology,3,7.6,2025-07-30,2025-08-02,3
E00908,P00689,73,Female,Diabetes,General Medicine,7,4.8,2025-10-08,2025-10-15,7
E00909,P01485,48,Female,Diabetes,General Medicine,2,6.3,2025-11-15,2025-11-17,2
E00910,P01634,31,Female,Pneumonia,Pulmonology,7,2.6,2025-07-15,2025-07-22,7
E00911,P02153,42,Female,Low Back Pain,Orthopedics,5,7.6,2025-04-25,2025-04-30,5
E00912,P03171,51,Female,Low Back Pain,Orthopedics,5,8.5,2025-06-09,2025-06-14,5
E00913,P00511,84,Male,Pneumonia,Pulmonology,6,2.2,2025-06-04,2025-06-10,6
E00914,P00385,41,Male,Knee Osteoarthritis,Orthopedics,2,5.8,2025-02-20,2025-02-22,2
E00915,P00405,90,Female,Diabetes,General Medicine,3,6.1,2025-10-11,2025-10-14,3
E00916,P02871,43,Male,Knee Osteoarthritis,Orthopedics,3,5.0,2025-03-14,2025-03-17,3
E00917,P00518,37,Female,Heart Failure,Cardiology,9,1.5,2025-11-24,2025-12-03,9
E00918,P00476,81,Female,Diabetes,General Medicine,8,5.8,2025-12-07,2025-12-15,8
E00919,P02001,27,Male,Heart Failure,Cardiology,5,5.3,2025-04-20,2025-04-25,5
E00920,P02757,84,Female,Stroke,Neurology,10,5.1,2025-10-13,2025-10-23,10
E00921,P01669,41,Male,Knee Osteoarthritis,Orthopedics,5,6.4,2025-08-09,2025-08-14,5
E00922,P01894,22,Female,Pneumonia,Pulmonology,12,2.8,2025-01-09,2025-01-21,12
E00923,P02819,84,Female,Diabetes,General Medicine,5,3.9,2025-03-23,2025-03-28,5
E00924,P01461,75,Male,Knee Osteoarthritis,Orthopedics,3,8.9,2025-11-16,2025-11-19,3
E00925,P03095,44,Female,Pneumonia,Pulmonology,8,3.9,2025-10-21,2025-10-29,8
E00926,P03045,32,Female,Stroke,Neurology,13,7.8,2025-01-22,2025-02-04,13
E00927,P02725,52,Female,Diabetes,General Medicine,6,2.2,2025-04-09,2025-04-15,6
E00928,P00714,70,Male,Heart Failure,Cardiology,12,3.5,2025-06-19,2025-07-01,12
E00929,P00083,61,Female,Stroke,Neurology,11,3.9,2025-07-09,2025-07-20,11
E00930,P01169,43,Female,Low Back Pain,Orthopedics,1,4.9,2025-04-16,2025-04-17,1
E00931,P03157,64,Female,Pneumonia,Pulmonology,2,3.3,2025-11-16,2025-11-18,2
E00932,P03150,51,Male,Fracture,Orthopedics,3,7.1,2025-09-22,2025-09-25,3
E00933,P02505,67,Male,Diabetes,General Medicine,2,4.3,2025-12-17,2025-12-19,2
E00934,P01902,29,Male,Diabetes,General Medicine,4,6.8,2025-06-17,2025-06-21,4
E00935,P02049,21,Male,COPD,Pulmonology,12,4.2,2025-12-10,2025-12-22,12
E00936,P00051,65,Male,COPD,Pulmonology,6,5.2,2025-04-23,2025-04-29,6
E00937,P00685,72,Female,Stroke,Neurology,3,4.6,2025-11-24,2025-11-27,3
E00938,P00717,18,Male,Diabetes,General Medicine,4,6.0,2025-11-02,2025-11-06,4
E00939,P01470,83,Male,Pneumonia,Pulmonology,13,7.1,2025-05-28,2025-06-10,13
E00940,P00449,47,Female,Stroke,Neurology,3,5.3,2025-12-03,2025-12-06,3
E00941,P00881,20,Male,Heart Failure,Cardiology,3,2.0,2025-08-08,2025-08-11,3
E00942,P00488,38,Female,Stroke,Neurology,4,3.7,2025-02-02,2025-02-06,4
E00943,P01824,66,Male,Stroke,Neurology,6,4.9,2025-08-08,2025-08-14,6
E00944,P02082,79,Female,Fracture,Orthopedics,10,7.2,2025-11-15,2025-11-25,10
E00945,P03420,55,Female,Heart Failure,Cardiology,3,4.5,2025-07-04,2025-07-07,3
E00946,P02143,32,Male,Low Back Pain,Orthopedics,6,7.2,2025-07-12,2025-07-18,6
E00947,P03144,69,Male,COPD,Pulmonology,10,3.5,2025-12-27,2026-01-06,10
E00948,P01575,63,Female,Pneumonia,Pulmonology,13,2.5,2025-06-29,2025-07-12,13
E00949,P02202,42,Female,Low Back Pain,Orthopedics,1,7.1,2025-12-21,2025-12-22,1
E00950,P00250,38,Female,Low Back Pain,Orthopedics,2,9.3,2025-01-06,2025-01-08,2
E00951,P00674,22,Female,Low Back Pain,Orthopedics,1,8.0,2025-01-09,2025-01-10,1
E00952,P00438,87,Female,COPD,Pulmonology,11,4.3,2025-12-23,2026-01-03,11
E00953,P02166,64,Female,Knee Osteoarthritis,Orthopedics,7,8.0,2025-03-02,2025-03-09,7
E00954,P00771,85,Female,COPD,Pulmonology,11,2.9,2025-06-12,2025-06-23,11
E00955,P03378,35,Male,Low Back Pain,Orthopedics,1,5.7,2025-04-09,2025-04-10,1
E00956,P00268,38,Female,Knee Osteoarthritis,Orthopedics,7,5.4,2025-05-28,2025-06-04,7
E00957,P01985,40,Male,Heart Failure,Cardiology,3,3.3,2025-02-27,2025-03-02,3
E00958,P01078,81,Male,COPD,Pulmonology,9,2.9,2025-08-03,2025-08-12,9
E00959,P00236,84,Female,Pneumonia,Pulmonology,4,5.3,2025-11-12,2025-11-16,4
E00960,P00389,57,Female,Low Back Pain,Orthopedics,1,5.8,2025-07-01,2025-07-02,1
E00961,P03038,27,Male,Diabetes,General Medicine,3,2.3,2025-02-04,2025-02-07,3
E00962,P00763,69,Female,Heart Failure,Cardiology,2,6.4,2025-10-30,2025-11-01,2
E00963,P01849,89,Female,Knee Osteoarthritis,Orthopedics,2,5.8,2025-02-15,2025-02-17,2
E00964,P02449,78,Male,COPD,Pulmonology,3,3.7,2025-03-28,2025-03-31,3
E00965,P00624,81,Male,Pneumonia,Pulmonology,8,4.2,2025-01-04,2025-01-12,8
E00966,P02815,22,Male,Stroke,Neurology,14,2.8,2025-09-23,2025-10-07,14
E00967,P03375,70,Female,Pneumonia,Pulmonology,7,5.4,2025-04-17,2025-04-24,7
E00968,P02967,72,Female,Pneumonia,Pulmonology,13,4.5,2025-03-16,2025-03-29,13
E00969,P03279,54,Male,Low Back Pain,Orthopedics,3,8.8,2025-02-09,2025-02-12,3
E00970,P01253,73,Female,Low Back Pain,Orthopedics,2,5.5,2025-05-07,2025-05-09,2
E00971,P02901,76,Male,COPD,Pulmonology,5,3.6,2025-07-02,2025-07-07,5
E00972,P00578,86,Female,COPD,Pulmonology,3,3.6,2025-04-29,2025-05-02,3
E00973,P02123,90,Male,Fracture,Orthopedics,3,6.9,2025-03-14,2025-03-17,3
E00974,P00435,76,Female,Knee Osteoarthritis,Orthopedics,4,4.3,2025-02-09,2025-02-13,4
E00975,P02151,19,Male,Fracture,Orthopedics,5,6.7,2025-07-23,2025-07-28,5
E00976,P03494,82,Female,COPD,Pulmonology,5,1.4,2025-04-06,2025-04-11,5
E00977,P00764,77,Female,Knee Osteoarthritis,Orthopedics,2,7.0,2025-10-06,2025-10-08,2
E00978,P02786,68,Male,Low Back Pain,Orthopedics,5,3.3,2025-05-23,2025-05-28,5
E00979,P02854,47,Female,Low Back Pain,Orthopedics,5,3.7,2025-04-25,2025-04-30,5
E00980,P01330,28,Female,Diabetes,General Medicine,7,4.7,2025-05-13,2025-05-20,7
E00981,P02146,56,Male,Diabetes,General Medicine,7,2.7,2025-06-17,2025-06-24,7
E00982,P02846,89,Female,Heart Failure,Cardiology,11,2.0,2025-09-02,2025-09-13,11
E00983,P01359,80,Female,Low Back Pain,Orthopedics,1,8.4,2025-10-04,2025-10-05,1
E00984,P02907,81,Female,Stroke,Neurology,14,5.0,2025-09-16,2025-09-30,14
E00985,P02483,78,Male,Diabetes,General Medicine,7,4.8,2025-02-15,2025-02-22,7
E00986,P00447,71,Male,Knee Osteoarthritis,Orthopedics,5,6.3,2025-12-12,2025-12-17,5
E00987,P02018,90,Male,Pneumonia,Pulmonology,10,7.5,2025-12-01,2025-12-11,10
E00988,P01332,75,Male,COPD,Pulmonology,9,2.6,2025-08-25,2025-09-03,9
E00989,P00249,73,Male,COPD,Pulmonology,11,6.1,2025-02-22,2025-03-05,11
E00990,P00166,51,Female,Heart Failure,Cardiology,10,3.4,2025-05-28,2025-06-07,10
E00991,P03032,48,Female,Diabetes,General Medicine,2,1.0,2025-07-06,2025-07-08,2
E00992,P01359,69,Male,Pneumonia,Pulmonology,9,4.2,2025-01-21,2025-01-30,9
E00993,P01020,18,Female,Pneumonia,Pulmonology,7,4.0,2025-03-31,2025-04-07,7
E00994,P00542,72,Female,Diabetes,General Medicine,4,1.9,2025-08-21,2025-08-25,4
E00995,P00759,39,Female,Stroke,Neurology,11,3.1,2025-08-03,2025-08-14,11
E00996,P03178,57,Female,Stroke,Neurology,14,4.5,2025-02-20,2025-03-06,14
E00997,P02129,18,Male,Heart Failure,Cardiology,10,4.0,2025-06-02,2025-06-12,10
E00998,P02181,82,Male,Fracture,Orthopedics,12,2.8,2025-11-20,2025-12-02,12
E00999,P00797,80,Female,Stroke,Neurology,12,6.1,2025-04-26,2025-05-08,12
E01000,P02948,71,Female,Heart Failure,Cardiology,10,2.8,2025-08-02,2025-08-12,10
E01001,P00138,59,Male,Fracture,Orthopedics,16,4.5,2025-12-05,2025-12-21,16
E01002,P02232,38,Female,Fracture,Orthopedics,12,7.9,2025-12-17,2025-12-29,12
E01003,P03473,39,Female,Knee Osteoarthritis,Orthopedics,3,6.5,2025-05-17,2025-05-20,3
E01004,P01354,55,Female,Fracture,Orthopedics,13,8.3,2025-10-12,2025-10-25,13
E01005,P02833,25,Male,Diabetes,General Medicine,4,4.2,2025-03-12,2025-03-16,4
E01006,P01876,79,Male,Fracture,Orthopedics,5,6.5,2025-09-02,2025-09-07,5
E01007,P03032,64,Female,Pneumonia,Pulmonology,12,3.3,2025-02-07,2025-02-19,12
E01008,P00069,34,Female,Heart Failure,Cardiology,7,4.2,2025-08-04,2025-08-11,7
E01009,P02594,34,Female,COPD,Pulmonology,7,2.9,2025-05-07,2025-05-14,7
E01010,P02101,30,Female,Stroke,Neurology,15,3.2,2025-03-13,2025-03-28,15
E01011,P01474,34,Female,COPD,Pulmonology,7,4.4,2025-08-14,2025-08-21,7
E01012,P00205,55,Female,Heart Failure,Cardiology,6,3.3,2025-11-11,2025-11-17,6
E01013,P02174,62,Male,Low Back Pain,Orthopedics,6,6.6,2025-10-11,2025-10-17,6
E01014,P00043,23,Male,Heart Failure,Cardiology,6,5.1,2025-10-29,2025-11-04,6
E01015,P01907,52,Female,Stroke,Neurology,4,4.3,2025-09-03,2025-09-07,4
E01016,P02159,31,Male,Low Back Pain,Orthopedics,6,6.5,2025-03-12,2025-03-18,6
E01017,P00761,89,Female,Low Back Pain,Orthopedics,4,5.6,2025-07-14,2025-07-18,4
E01018,P03255,78,Female,Fracture,Orthopedics,6,7.1,2025-02-07,2025-02-13,6
E01019,P02896,32,Male,Stroke,Neurology,16,5.0,2025-04-27,2025-05-13,16
E01020,P02143,71,Male,Low Back Pain,Orthopedics,3,7.9,2025-08-26,2025-08-29,3
E01021,P01995,44,Female,Diabetes,General Medicine,8,2.6,2025-12-30,2026-01-07,8
E01022,P03446,30,Female,Pneumonia,Pulmonology,5,2.8,2025-07-23,2025-07-28,5
E01023,P01936,48,Male,COPD,Pulmonology,12,4.7,2025-12-17,2025-12-29,12
E01024,P00900,52,Male,Diabetes,General Medicine,4,3.9,2025-11-15,2025-11-19,4
E01025,P00360,77,Female,Diabetes,General Medicine,8,2.1,2025-12-25,2026-01-02,8
E01026,P02948,23,Female,Stroke,Neurology,3,6.5,2025-01-05,2025-01-08,3
E01027,P01720,86,Female,Fracture,Orthopedics,11,4.0,2025-06-06,2025-06-17,11
E01028,P00281,75,Male,Stroke,Neurology,16,5.7,2025-04-17,2025-05-03,16
E01029,P03267,66,Female,COPD,Pulmonology,8,1.6,2025-08-16,2025-08-24,8
E01030,P01888,40,Male,Pneumonia,Pulmonology,13,6.3,2025-05-22,2025-06-04,13
E01031,P03267,51,Female,Heart Failure,Cardiology,3,1.2,2025-11-10,2025-11-13,3
E01032,P00667,43,Male,Diabetes,General Medicine,3,5.2,2025-06-21,2025-06-24,3
E01033,P00093,64,Male,Low Back Pain,Orthopedics,4,6.4,2025-05-26,2025-05-30,4
E01034,P00672,22,Male,Pneumonia,Pulmonology,7,3.0,2025-01-07,2025-01-14,7
E01035,P01970,37,Male,Diabetes,General Medicine,8,3.8,2025-12-09,2025-12-17,8
E01036,P00061,23,Female,Heart Failure,Cardiology,12,4.4,2025-12-19,2025-12-31,12
E01037,P02682,87,Male,Fracture,Orthopedics,7,5.1,2025-10-28,2025-11-04,7
E01038,P03123,76,Male,Low Back Pain,Orthopedics,6,5.3,2025-01-16,2025-01-22,6
E01039,P03475,81,Male,Diabetes,General Medicine,4,4.5,2025-11-16,2025-11-20,4
E01040,P01029,35,Female,Knee Osteoarthritis,Orthopedics,2,3.9,2025-02-06,2025-02-08,2
E01041,P01490,21,Female,COPD,Pulmonology,9,2.6,2025-06-02,2025-06-11,9
E01042,P00604,34,Female,Pneumonia,Pulmonology,7,8.1,2025-09-22,2025-09-29,7
E01043,P00682,31,Female,COPD,Pulmonology,10,2.0,2025-07-02,2025-07-12,10
E01044,P02582,30,Female,Stroke,Neurology,14,6.2,2025-06-05,2025-06-19,14
E01045,P01429,24,Female,Diabetes,General Medicine,1,2.6,2025-05-17,2025-05-18,1
E01046,P02886,61,Male,Low Back Pain,Orthopedics,1,7.3,2025-03-31,2025-04-01,1
E01047,P02693,32,Male,Low Back Pain,Orthopedics,6,7.5,2025-08-06,2025-08-12,6
E01048,P02281,36,Male,Pneumonia,Pulmonology,13,5.2,2025-11-26,2025-12-09,13
E01049,P00524,80,Female,Pneumonia,Pulmonology,13,3.2,2025-07-05,2025-07-18,13
E01050,P02394,52,Male,COPD,Pulmonology,10,6.5,2025-07-28,2025-08-07,10
E01051,P03118,52,Male,Low Back Pain,Orthopedics,3,5.6,2025-02-20,2025-02-23,3
E01052,P02594,36,Female,Low Back Pain,Orthopedics,5,6.9,2025-10-15,2025-10-20,5
E01053,P01969,37,Male,Low Back Pain,Orthopedics,2,6.9,2025-03-29,2025-03-31,2
E01054,P01102,52,Female,Diabetes,General Medicine,4,1.8,2025-05-16,2025-05-20,4
E01055,P01754,49,Male,Low Back Pain,Orthopedics,5,6.1,2025-06-07,2025-06-12,5
E01056,P01837,65,Female,Stroke,Neurology,15,4.7,2025-10-09,2025-10-24,15
E01057,P03145,61,Female,Low Back Pain,Orthopedics,3,5.9,2025-06-04,2025-06-07,3
E01058,P02842,41,Female,Stroke,Neurology,15,8.2,2025-08-08,2025-08-23,15
E01059,P02297,78,Male,Diabetes,General Medicine,4,2.2,2025-06-16,2025-06-20,4
E01060,P02095,34,Male,Pneumonia,Pulmonology,7,5.3,2025-11-18,2025-11-25,7
E01061,P01145,88,Female,Fracture,Orthopedics,8,7.8,2025-06-28,2025-07-06,8
E01062,P02262,67,Female,Stroke,Neurology,7,4.5,2025-11-25,2025-12-02,7
E01063,P02287,82,Male,Diabetes,General Medicine,4,2.2,2025-02-19,2025-02-23,4
E01064,P01080,49,Male,Fracture,Orthopedics,14,5.3,2025-10-28,2025-11-11,14
E01065,P02398,53,Female,Fracture,Orthopedics,3,5.7,2025-03-28,2025-03-31,3
E01066,P00107,30,Male,Low Back Pain,Orthopedics,3,3.8,2025-02-02,2025-02-05,3
E01067,P02879,87,Male,Diabetes,General Medicine,7,2.0,2025-10-02,2025-10-09,7
E01068,P00048,75,Male,Fracture,Orthopedics,12,4.3,2025-05-21,2025-06-02,12
E01069,P00337,31,Female,Low Back Pain,Orthopedics,1,8.5,2025-07-25,2025-07-26,1
E01070,P01050,54,Female,COPD,Pulmonology,11,4.4,2025-08-12,2025-08-23,11
E01071,P02852,85,Male,Diabetes,General Medicine,7,4.7,2025-04-23,2025-04-30,7
E01072,P01281,57,Female,Fracture,Orthopedics,6,7.4,2025-10-05,2025-10-11,6
E01073,P02056,76,Male,Pneumonia,Pulmonology,7,3.8,2025-12-19,2025-12-26,7
E01074,P00625,33,Male,Stroke,Neurology,11,6.7,2025-01-05,2025-01-16,11
E01075,P01891,79,Female,COPD,Pulmonology,6,2.6,2025-07-31,2025-08-06,6
E01076,P01277,21,Female,Pneumonia,Pulmonology,9,3.7,2025-09-13,2025-09-22,9
E01077,P01716,62,Female,Knee Osteoarthritis,Orthopedics,5,7.6,2025-11-30,2025-12-05,5
E01078,P02767,45,Male,Low Back Pain,Orthopedics,2,4.5,2025-01-30,2025-02-01,2
E01079,P00303,83,Male,Fracture,Orthopedics,6,10.0,2025-12-13,2025-12-19,6
E01080,P00639,48,Female,Stroke,Neurology,16,4.5,2025-03-23,2025-04-08,16
E01081,P00056,20,Female,Pneumonia,Pulmonology,3,3.7,2025-08-24,2025-08-27,3
E01082,P00726,25,Female,Stroke,Neurology,9,6.4,2025-12-10,2025-12-19,9
E01083,P00526,41,Male,Knee Osteoarthritis,Orthopedics,7,7.9,2025-12-27,2026-01-03,7
E01084,P00474,32,Male,Heart Failure,Cardiology,4,3.6,2025-11-19,2025-11-23,4
E01085,P00028,60,Male,Low Back Pain,Orthopedics,6,6.7,2025-09-10,2025-09-16,6
E01086,P02126,48,Female,Low Back Pain,Orthopedics,5,4.2,2025-04-28,2025-05-03,5
E01087,P03288,90,Female,Diabetes,General Medicine,7,2.7,2025-01-30,2025-02-06,7
E01088,P03458,62,Male,Fracture,Orthopedics,3,7.3,2025-04-21,2025-04-24,3
E01089,P00365,83,Female,Low Back Pain,Orthopedics,1,7.2,2025-09-11,2025-09-12,1
E01090,P02714,25,Female,Low Back Pain,Orthopedics,1,8.3,2025-07-18,2025-07-19,1
E01091,P00526,88,Female,Pneumonia,Pulmonology,7,3.3,2025-10-22,2025-10-29,7
E01092,P02747,74,Female,COPD,Pulmonology,6,1.4,2025-12-08,2025-12-14,6
E01093,P01336,47,Male,Low Back Pain,Orthopedics,5,8.1,2025-10-24,2025-10-29,5
E01094,P00883,35,Female,Low Back Pain,Orthopedics,6,8.7,2025-10-14,2025-10-20,6
E01095,P01031,86,Male,Fracture,Orthopedics,8,7.8,2025-09-01,2025-09-09,8
E01096,P01027,56,Male,Knee Osteoarthritis,Orthopedics,1,6.3,2025-08-09,2025-08-10,1
E01097,P01647,77,Female,COPD,Pulmonology,6,5.1,2025-06-05,2025-06-11,6
E01098,P00919,60,Male,Knee Osteoarthritis,Orthopedics,1,10.0,2025-08-24,2025-08-25,1
E01099,P02798,62,Male,Fracture,Orthopedics,6,6.7,2025-11-16,2025-11-22,6
E01100,P02411,40,Female,Stroke,Neurology,5,2.5,2025-01-19,2025-01-24,5
E01101,P01775,86,Male,Stroke,Neurology,3,3.6,2025-08-03,2025-08-06,3
E01102,P01532,23,Male,Low Back Pain,Orthopedics,6,7.4,2025-04-24,2025-04-30,6
E01103,P03346,73,Male,Low Back Pain,Orthopedics,2,4.1,2025-07-19,2025-07-21,2
E01104,P02854,21,Male,Diabetes,General Medicine,3,3.8,2025-01-25,2025-01-28,3
E01105,P02787,40,Male,Stroke,Neurology,6,5.1,2025-05-01,2025-05-07,6
E01106,P01907,23,Male,Pneumonia,Pulmonology,8,5.8,2025-08-18,2025-08-26,8
E01107,P03087,49,Male,Low Back Pain,Orthopedics,6,8.5,2025-04-09,2025-04-15,6
E01108,P01216,35,Male,Pneumonia,Pulmonology,12,4.8,2025-12-12,2025-12-24,12
E01109,P01655,32,Female,Low Back Pain,Orthopedics,6,3.3,2025-01-03,2025-01-09,6
E01110,P00485,57,Female,Fracture,Orthopedics,11,7.9,2025-09-18,2025-09-29,11
E01111,P02076,90,Female,Pneumonia,Pulmonology,7,4.6,2025-09-11,2025-09-18,7
E01112,P00714,23,Male,Heart Failure,Cardiology,8,3.9,2025-01-20,2025-01-28,8
E01113,P01063,80,Male,Pneumonia,Pulmonology,5,0.9,2025-07-23,2025-07-28,5
E01114,P01977,84,Male,COPD,Pulmonology,3,2.3,2025-10-21,2025-10-24,3
E01115,P01297,28,Female,Stroke,Neurology,11,2.7,2025-12-23,2026-01-03,11
E01116,P01255,60,Female,Low Back Pain,Orthopedics,1,3.5,2025-05-08,2025-05-09,1
E01117,P02134,34,Female,Stroke,Neurology,6,4.5,2025-12-24,2025-12-30,6
E01118,P00126,21,Male,COPD,Pulmonology,4,2.3,2025-10-19,2025-10-23,4
E01119,P02860,80,Female,COPD,Pulmonology,11,7.4,2025-06-23,2025-07-04,11
E01120,P00537,85,Female,Pneumonia,Pulmonology,12,3.2,2025-08-09,2025-08-21,12
E01121,P02193,58,Male,Knee Osteoarthritis,Orthopedics,6,8.4,2025-12-21,2025-12-27,6
E01122,P03284,22,Female,Knee Osteoarthritis,Orthopedics,6,4.1,2025-02-06,2025-02-12,6
E01123,P02073,49,Male,COPD,Pulmonology,4,2.7,2025-11-06,2025-11-10,4
E01124,P01604,87,Female,Knee Osteoarthritis,Orthopedics,1,6.6,2025-05-29,2025-05-30,1
E01125,P03466,52,Male,Low Back Pain,Orthopedics,4,5.1,2025-04-02,2025-04-06,4
E01126,P00067,39,Male,Diabetes,General Medicine,1,2.9,2025-03-11,2025-03-12,1
E01127,P00233,82,Male,Heart Failure,Cardiology,3,3.2,2025-03-25,2025-03-28,3
E01128,P02157,39,Male,Pneumonia,Pulmonology,4,3.1,2025-07-24,2025-07-28,4
E01129,P01170,28,Male,Diabetes,General Medicine,8,6.3,2025-09-24,2025-10-02,8
E01130,P02159,20,Female,Knee Osteoarthritis,Orthopedics,2,7.1,2025-03-29,2025-03-31,2
E01131,P02276,26,Male,Pneumonia,Pulmonology,5,4.2,2025-09-09,2025-09-14,5
E01132,P00111,77,Male,Diabetes,General Medicine,4,4.3,2025-07-30,2025-08-03,4
E01133,P01494,31,Male,Stroke,Neurology,15,5.4,2025-12-09,2025-12-24,15
E01134,P02082,35,Male,Knee Osteoarthritis,Orthopedics,2,6.4,2025-01-31,2025-02-02,2
E01135,P00623,90,Female,Fracture,Orthopedics,11,6.0,2025-12-23,2026-01-03,11
E01136,P03441,40,Male,Diabetes,General Medicine,7,3.8,2025-11-12,2025-11-19,7
E01137,P02796,64,Female,Fracture,Orthopedics,4,8.2,2025-03-02,2025-03-06,4
E01138,P02643,86,Male,Low Back Pain,Orthopedics,3,8.2,2025-03-08,2025-03-11,3
E01139,P02473,64,Male,Stroke,Neurology,6,4.1,2025-08-14,2025-08-20,6
E01140,P02661,47,Female,Knee Osteoarthritis,Orthopedics,4,7.7,2025-12-01,2025-12-05,4
E01141,P01542,42,Female,Heart Failure,Cardiology,11,3.2,2025-11-23,2025-12-04,11
E01142,P02740,45,Female,COPD,Pulmonology,9,3.6,2025-03-08,2025-03-17,9
E01143,P01306,42,Male,Knee Osteoarthritis,Orthopedics,2,5.8,2025-05-08,2025-05-10,2
E01144,P03392,75,Female,Fracture,Orthopedics,16,6.2,2025-04-21,2025-05-07,16
E01145,P01762,58,Male,Low Back Pain,Orthopedics,2,8.5,2025-09-29,2025-10-01,2
E01146,P01976,42,Female,Heart Failure,Cardiology,7,3.6,2025-10-28,2025-11-04,7
E01147,P02363,65,Female,Heart Failure,Cardiology,4,3.7,2025-02-03,2025-02-07,4
E01148,P00877,27,Male,Heart Failure,Cardiology,12,1.3,2025-07-31,2025-08-12,12
E01149,P01990,28,Female,Pneumonia,Pulmonology,10,3.0,2025-10-27,2025-11-06,10
E01150,P03449,38,Female,Pneumonia,Pulmonology,11,3.1,2025-05-05,2025-05-16,11
E01151,P01313,62,Male,Fracture,Orthopedics,10,5.3,2025-04-13,2025-04-23,10
E01152,P01461,24,Male,COPD,Pulmonology,10,3.5,2025-07-25,2025-08-04,10
E01153,P02710,81,Male,Heart Failure,Cardiology,6,2.9,2025-04-30,2025-05-06,6
E01154,P02325,81,Female,COPD,Pulmonology,4,3.6,2025-06-19,2025-06-23,4
E01155,P01734,19,Female,Stroke,Neurology,6,4.7,2025-02-04,2025-02-10,6
E01156,P01606,59,Female,Heart Failure,Cardiology,14,2.1,2025-11-27,2025-12-11,14
E01157,P01527,71,Female,Diabetes,General Medicine,4,2.9,2025-09-03,2025-09-07,4
E01158,P02672,33,Female,Heart Failure,Cardiology,6,3.6,2025-12-06,2025-12-12,6
E01159,P02564,35,Male,Fracture,Orthopedics,11,8.3,2025-11-05,2025-11-16,11
E01160,P03422,76,Female,Pneumonia,Pulmonology,10,3.9,2025-02-27,2025-03-09,10
E01161,P02891,33,Male,Pneumonia,Pulmonology,4,2.5,2025-11-02,2025-11-06,4
E01162,P02398,23,Female,Diabetes,General Medicine,7,4.1,2025-05-21,2025-05-28,7
E01163,P01631,74,Male,Diabetes,General Medicine,8,6.1,2025-04-21,2025-04-29,8
E01164,P02871,64,Female,Knee Osteoarthritis,Orthopedics,6,7.9,2025-06-12,2025-06-18,6
E01165,P01161,65,Female,Stroke,Neurology,6,5.3,2025-04-21,2025-04-27,6
E01166,P00759,59,Male,Stroke,Neurology,7,5.6,2025-06-01,2025-06-08,7
E01167,P02947,77,Female,Fracture,Orthopedics,16,8.7,2025-03-06,2025-03-22,16
E01168,P00243,21,Male,Fracture,Orthopedics,12,8.1,2025-04-16,2025-04-28,12
E01169,P02591,19,Female,Fracture,Orthopedics,4,7.4,2025-08-04,2025-08-08,4
E01170,P01064,76,Female,Fracture,Orthopedics,13,8.1,2025-04-01,2025-04-14,13
E01171,P00229,44,Male,Fracture,Orthopedics,9,4.9,2025-01-26,2025-02-04,9
E01172,P02596,44,Female,Fracture,Orthopedics,16,4.2,2025-06-06,2025-06-22,16
E01173,P00920,89,Male,Stroke,Neurology,6,4.7,2025-03-13,2025-03-19,6
E01174,P01247,24,Female,Low Back Pain,Orthopedics,2,6.6,2025-02-13,2025-02-15,2
E01175,P00006,80,Female,Pneumonia,Pulmonology,12,2.7,2025-03-31,2025-04-12,12
E01176,P03394,63,Female,Stroke,Neurology,8,5.7,2025-05-13,2025-05-21,8
E01177,P00468,80,Female,Fracture,Orthopedics,13,3.7,2025-06-10,2025-06-23,13
E01178,P01756,29,Female,Knee Osteoarthritis,Orthopedics,4,5.7,2025-08-20,2025-08-24,4
E01179,P00075,30,Female,Knee Osteoarthritis,Orthopedics,2,5.8,2025-09-18,2025-09-20,2
E01180,P00004,60,Female,Stroke,Neurology,12,2.0,2025-04-21,2025-05-03,12
E01181,P01871,34,Male,Diabetes,General Medicine,2,5.7,2025-06-13,2025-06-15,2
E01182,P00646,80,Female,Knee Osteoarthritis,Orthopedics,7,4.5,2025-03-18,2025-03-25,7
E01183,P00118,53,Female,COPD,Pulmonology,2,2.6,2025-07-28,2025-07-30,2
E01184,P02929,25,Female,Diabetes,General Medicine,7,4.9,2025-01-13,2025-01-20,7
E01185,P01630,86,Male,COPD,Pulmonology,11,4.5,2025-02-27,2025-03-10,11
E01186,P02552,53,Male,Pneumonia,Pulmonology,6,1.8,2025-12-10,2025-12-16,6
E01187,P02022,45,Female,Low Back Pain,Orthopedics,1,7.5,2025-02-05,2025-02-06,1
E01188,P00947,64,Female,Knee Osteoarthritis,Orthopedics,6,6.9,2025-01-25,2025-01-31,6
E01189,P02622,47,Female,Diabetes,General Medicine,7,7.0,2025-02-03,2025-02-10,7
E01190,P01465,40,Male,Fracture,Orthopedics,3,7.1,2025-05-20,2025-05-23,3
E01191,P00194,33,Female,COPD,Pulmonology,10,3.3,2025-10-02,2025-10-12,10
E01192,P00847,31,Male,Stroke,Neurology,9,3.2,2025-12-28,2026-01-06,9
E01193,P02763,88,Female,COPD,Pulmonology,2,2.4,2025-08-10,2025-08-12,2
E01194,P01416,69,Male,COPD,Pulmonology,4,2.3,2025-02-06,2025-02-10,4
E01195,P03098,54,Male,Pneumonia,Pulmonology,6,5.6,2025-12-29,2026-01-04,6
E01196,P01459,46,Female,Heart Failure,Cardiology,5,3.5,2025-05-09,2025-05-14,5
E01197,P02221,84,Female,Heart Failure,Cardiology,3,4.3,2025-11-12,2025-11-15,3
E01198,P03372,32,Female,Stroke,Neurology,3,6.8,2025-11-19,2025-11-22,3
E01199,P01669,64,Female,Pneumonia,Pulmonology,5,0.0,2025-08-06,2025-08-11,5
E01200,P02374,63,Female,Pneumonia,Pulmonology,8,5.4,2025-12-01,2025-12-09,8
E01201,P01434,69,Female,Fracture,Orthopedics,13,6.6,2025-09-05,2025-09-18,13
E01202,P01142,36,Female,Pneumonia,Pulmonology,5,4.2,2025-04-21,2025-04-26,5
E01203,P02884,38,Male,Pneumonia,Pulmonology,10,2.3,2025-10-31,2025-11-10,10
E01204,P01811,81,Female,Heart Failure,Cardiology,9,2.4,2025-08-08,2025-08-17,9
E01205,P00724,54,Female,Diabetes,General Medicine,8,4.2,2025-07-15,2025-07-23,8
E01206,P00225,44,Male,Pneumonia,Pulmonology,6,7.1,2025-05-27,2025-06-02,6
E01207,P00532,72,Female,Diabetes,General Medicine,4,5.0,2025-12-10,2025-12-14,4
E01208,P00113,46,Female,COPD,Pulmonology,2,5.4,2025-02-09,2025-02-11,2
E01209,P02188,37,Female,COPD,Pulmonology,10,3.2,2025-05-14,2025-05-24,10
E01210,P00559,42,Female,Pneumonia,Pulmonology,3,2.6,2025-12-18,2025-12-21,3
E01211,P02049,87,Male,Knee Osteoarthritis,Orthopedics,6,5.3,2025-07-10,2025-07-16,6
E01212,P02138,80,Male,Low Back Pain,Orthopedics,2,5.8,2025-06-12,2025-06-14,2
E01213,P00654,53,Female,Knee Osteoarthritis,Orthopedics,6,3.4,2025-03-02,2025-03-08,6
E01214,P00320,19,Female,COPD,Pulmonology,6,2.4,2025-01-05,2025-01-11,6
E01215,P01574,39,Male,Low Back Pain,Orthopedics,2,5.7,2025-02-06,2025-02-08,2
E01216,P01829,33,Female,Knee Osteoarthritis,Orthopedics,5,6.2,2025-08-05,2025-08-10,5
E01217,P01918,35,Male,Pneumonia,Pulmonology,9,3.7,2025-08-13,2025-08-22,9
E01218,P00139,86,Male,Diabetes,General Medicine,3,4.0,2025-08-04,2025-08-07,3
E01219,P02893,71,Male,Low Back Pain,Orthopedics,3,6.5,2025-05-19,2025-05-22,3
E01220,P02027,47,Female,Heart Failure,Cardiology,7,2.6,2025-04-16,2025-04-23,7
E01221,P02307,62,Female,Stroke,Neurology,8,1.6,2025-04-09,2025-04-17,8
E01222,P00902,36,Female,Low Back Pain,Orthopedics,2,5.6,2025-06-17,2025-06-19,2
E01223,P00690,51,Male,Low Back Pain,Orthopedics,3,5.0,2025-09-21,2025-09-24,3
E01224,P02040,30,Female,Heart Failure,Cardiology,13,4.2,2025-03-28,2025-04-10,13
E01225,P00010,60,Female,Pneumonia,Pulmonology,13,4.9,2025-03-25,2025-04-07,13
E01226,P00261,79,Male,Knee Osteoarthritis,Orthopedics,7,7.9,2025-08-12,2025-08-19,7
E01227,P01943,39,Female,Knee Osteoarthritis,Orthopedics,4,7.6,2025-01-11,2025-01-15,4
E01228,P01674,69,Female,COPD,Pulmonology,8,3.3,2025-11-23,2025-12-01,8
E01229,P02220,69,Female,Diabetes,General Medicine,3,2.7,2025-07-05,2025-07-08,3
E01230,P02946,53,Male,Pneumonia,Pulmonology,5,2.4,2025-12-16,2025-12-21,5
E01231,P02061,90,Female,Heart Failure,Cardiology,6,1.2,2025-08-19,2025-08-25,6
E01232,P01192,36,Male,Pneumonia,Pulmonology,10,5.0,2025-05-21,2025-05-31,10
E01233,P01620,55,Male,Pneumonia,Pulmonology,7,3.2,2025-04-16,2025-04-23,7
E01234,P00321,87,Male,Knee Osteoarthritis,Orthopedics,2,4.6,2025-09-10,2025-09-12,2
E01235,P01343,74,Female,Heart Failure,Cardiology,14,2.3,2025-02-18,2025-03-04,14
E01236,P01637,37,Female,Fracture,Orthopedics,6,5.2,2025-09-20,2025-09-26,6
E01237,P02377,26,Female,Stroke,Neurology,10,4.6,2025-07-24,2025-08-03,10
E01238,P02833,49,Male,Low Back Pain,Orthopedics,1,8.1,2025-12-23,2025-12-24,1
E01239,P02825,21,Male,Knee Osteoarthritis,Orthopedics,2,6.0,2025-02-20,2025-02-22,2
E01240,P01995,67,Female,Heart Failure,Cardiology,6,0.1,2025-06-24,2025-06-30,6
E01241,P02959,22,Male,Diabetes,General Medicine,2,3.2,2025-08-13,2025-08-15,2
E01242,P01944,37,Female,Low Back Pain,Orthopedics,6,6.3,2025-09-18,2025-09-24,6
E01243,P02039,54,Female,Low Back Pain,Orthopedics,3,6.2,2025-08-10,2025-08-13,3
E01244,P03491,39,Female,Fracture,Orthopedics,14,5.6,2025-08-11,2025-08-25,14
E01245,P01119,75,Female,Fracture,Orthopedics,10,6.8,2025-09-26,2025-10-06,10
E01246,P01605,85,Female,Knee Osteoarthritis,Orthopedics,5,6.6,2025-10-25,2025-10-30,5
E01247,P02366,61,Female,COPD,Pulmonology,6,3.5,2025-11-14,2025-11-20,6
E01248,P00236,51,Female,Diabetes,General Medicine,1,4.1,2025-03-15,2025-03-16,1
E01249,P01970,59,Male,Knee Osteoarthritis,Orthopedics,1,5.9,2025-04-24,2025-04-25,1
E01250,P00334,26,Female,Pneumonia,Pulmonology,2,2.8,2025-08-07,2025-08-09,2
E01251,P01909,24,Male,COPD,Pulmonology,9,5.6,2025-02-23,2025-03-04,9
E01252,P00376,85,Male,Heart Failure,Cardiology,11,4.3,2025-07-19,2025-07-30,11
E01253,P01161,36,Female,Fracture,Orthopedics,14,7.7,2025-05-11,2025-05-25,14
E01254,P02636,48,Male,Diabetes,General Medicine,2,5.3,2025-12-05,2025-12-07,2
E01255,P01571,52,Male,Low Back Pain,Orthopedics,4,7.3,2025-07-11,2025-07-15,4
E01256,P02561,74,Male,Knee Osteoarthritis,Orthopedics,5,7.9,2025-06-28,2025-07-03,5
E01257,P01320,78,Female,Fracture,Orthopedics,4,4.1,2025-11-01,2025-11-05,4
E01258,P03392,48,Female,Low Back Pain,Orthopedics,2,6.8,2025-10-14,2025-10-16,2
E01259,P02966,70,Female,Diabetes,General Medicine,2,3.2,2025-08-28,2025-08-30,2
E01260,P01856,49,Female,Fracture,Orthopedics,5,9.0,2025-09-02,2025-09-07,5
E01261,P01373,83,Female,Fracture,Orthopedics,16,7.9,2025-11-26,2025-12-12,16
E01262,P00873,76,Male,Low Back Pain,Orthopedics,4,5.6,2025-04-27,2025-05-01,4
E01263,P01253,27,Male,Knee Osteoarthritis,Orthopedics,7,7.1,2025-07-27,2025-08-03,7
E01264,P02318,19,Female,COPD,Pulmonology,11,3.8,2025-07-31,2025-08-11,11
E01265,P01852,83,Male,Knee Osteoarthritis,Orthopedics,3,7.2,2025-09-16,2025-09-19,3
E01266,P02846,77,Male,Stroke,Neurology,12,3.0,2025-06-12,2025-06-24,12
E01267,P01315,34,Male,Fracture,Orthopedics,14,7.0,2025-08-14,2025-08-28,14
E01268,P00725,33,Male,Low Back Pain,Orthopedics,6,6.2,2025-12-07,2025-12-13,6
E01269,P03237,33,Female,Stroke,Neurology,16,4.9,2025-03-05,2025-03-21,16
E01270,P02053,63,Female,COPD,Pulmonology,12,2.4,2025-09-03,2025-09-15,12
E01271,P02899,56,Female,Stroke,Neurology,16,3.6,2025-01-18,2025-02-03,16
E01272,P03451,48,Male,Low Back Pain,Orthopedics,3,8.3,2025-02-03,2025-02-06,3
E01273,P00078,18,Male,Diabetes,General Medicine,2,1.9,2025-11-08,2025-11-10,2
E01274,P03482,28,Female,Pneumonia,Pulmonology,13,2.0,2025-11-19,2025-12-02,13
E01275,P02622,21,Female,COPD,Pulmonology,7,3.4,2025-06-30,2025-07-07,7
E01276,P00132,88,Male,Knee Osteoarthritis,Orthopedics,6,5.3,2025-12-13,2025-12-19,6
E01277,P00601,43,Female,Heart Failure,Cardiology,2,2.2,2025-07-13,2025-07-15,2
E01278,P01773,67,Female,COPD,Pulmonology,8,3.7,2025-07-11,2025-07-19,8
E01279,P01066,29,Male,Stroke,Neurology,14,2.2,2025-03-08,2025-03-22,14
E01280,P02137,82,Male,Diabetes,General Medicine,6,2.0,2025-07-28,2025-08-03,6
E01281,P02450,64,Female,Low Back Pain,Orthopedics,6,9.6,2025-06-16,2025-06-22,6
E01282,P02344,70,Male,Diabetes,General Medicine,4,4.2,2025-09-03,2025-09-07,4
E01283,P01864,88,Female,Diabetes,General Medicine,5,2.4,2025-09-02,2025-09-07,5
E01284,P01319,19,Male,Low Back Pain,Orthopedics,3,7.1,2025-06-15,2025-06-18,3
E01285,P00616,41,Male,Heart Failure,Cardiology,13,4.4,2025-10-23,2025-11-05,13
E01286,P02848,21,Female,Low Back Pain,Orthopedics,3,8.0,2025-07-30,2025-08-02,3
E01287,P02470,36,Male,Heart Failure,Cardiology,14,3.3,2025-05-13,2025-05-27,14
E01288,P01889,43,Female,Low Back Pain,Orthopedics,5,8.0,2025-07-16,2025-07-21,5
E01289,P01047,57,Male,Stroke,Neurology,10,1.4,2025-12-13,2025-12-23,10
E01290,P00575,67,Female,Heart Failure,Cardiology,3,1.9,2025-02-18,2025-02-21,3
E01291,P02191,60,Male,Stroke,Neurology,11,4.7,2025-03-05,2025-03-16,11
E01292,P00993,84,Male,COPD,Pulmonology,9,4.0,2025-04-22,2025-05-01,9
E01293,P02713,29,Female,Heart Failure,Cardiology,9,2.1,2025-12-22,2025-12-31,9
E01294,P02193,84,Male,Heart Failure,Cardiology,14,3.9,2025-07-04,2025-07-18,14
E01295,P01249,44,Female,Low Back Pain,Orthopedics,3,5.6,2025-04-14,2025-04-17,3
E01296,P03055,71,Male,Heart Failure,Cardiology,14,3.1,2025-08-01,2025-08-15,14
E01297,P00503,83,Male,Stroke,Neurology,6,6.0,2025-01-05,2025-01-11,6
E01298,P01998,66,Female,Fracture,Orthopedics,4,7.9,2025-04-29,2025-05-03,4
E01299,P00821,33,Male,COPD,Pulmonology,3,2.0,2025-12-10,2025-12-13,3
E01300,P02152,19,Male,Fracture,Orthopedics,6,4.9,2025-09-06,2025-09-12,6
E01301,P03111,77,Female,Low Back Pain,Orthopedics,6,5.9,2025-06-16,2025-06-22,6
E01302,P01971,71,Male,Knee Osteoarthritis,Orthopedics,5,6.5,2025-08-30,2025-09-04,5
E01303,P00198,47,Female,COPD,Pulmonology,2,2.5,2025-10-07,2025-10-09,2
E01304,P01670,55,Female,Fracture,Orthopedics,15,8.1,2025-12-29,2026-01-13,15
E01305,P02627,45,Female,COPD,Pulmonology,11,4.0,2025-08-26,2025-09-06,11
E01306,P02439,42,Male,Fracture,Orthopedics,3,7.1,2025-11-02,2025-11-05,3
E01307,P01203,27,Male,Stroke,Neurology,8,2.6,2025-07-24,2025-08-01,8
E01308,P02602,77,Female,Fracture,Orthopedics,5,8.3,2025-11-10,2025-11-15,5
E01309,P01472,59,Male,COPD,Pulmonology,4,0.0,2025-01-01,2025-01-05,4
E01310,P03087,57,Female,Knee Osteoarthritis,Orthopedics,7,7.8,2025-06-20,2025-06-27,7
E01311,P01647,59,Male,Diabetes,General Medicine,5,4.9,2025-06-16,2025-06-21,5
E01312,P01693,64,Female,Low Back Pain,Orthopedics,5,5.9,2025-09-15,2025-09-20,5
E01313,P01313,54,Female,Diabetes,General Medicine,1,5.4,2025-03-04,2025-03-05,1
E01314,P02036,39,Male,Low Back Pain,Orthopedics,1,6.4,2025-09-29,2025-09-30,1
E01315,P00478,74,Female,COPD,Pulmonology,11,3.6,2025-02-06,2025-02-17,11
E01316,P01255,44,Female,Low Back Pain,Orthopedics,3,7.0,2025-01-16,2025-01-19,3
E01317,P00923,58,Male,Fracture,Orthopedics,16,10.0,2025-09-11,2025-09-27,16
E01318,P00420,51,Female,Stroke,Neurology,10,6.5,2025-12-09,2025-12-19,10
E01319,P02205,49,Female,Knee Osteoarthritis,Orthopedics,1,7.6,2025-12-12,2025-12-13,1
E01320,P02598,83,Male,Low Back Pain,Orthopedics,2,5.1,2025-12-02,2025-12-04,2
E01321,P01121,29,Female,Knee Osteoarthritis,Orthopedics,5,6.7,2025-01-27,2025-02-01,5
E01322,P03069,57,Female,Low Back Pain,Orthopedics,4,5.3,2025-04-21,2025-04-25,4
E01323,P03045,90,Female,Knee Osteoarthritis,Orthopedics,1,7.7,2025-08-21,2025-08-22,1
E01324,P03483,90,Female,Diabetes,General Medicine,6,3.7,2025-03-05,2025-03-11,6
E01325,P00951,27,Female,Stroke,Neurology,6,2.8,2025-04-07,2025-04-13,6
E01326,P02337,65,Female,Low Back Pain,Orthopedics,2,6.6,2025-09-24,2025-09-26,2
E01327,P01278,37,Female,Pneumonia,Pulmonology,9,2.2,2025-11-22,2025-12-01,9
E01328,P02244,56,Female,Knee Osteoarthritis,Orthopedics,7,6.7,2025-08-20,2025-08-27,7
E01329,P02646,77,Male,Knee Osteoarthritis,Orthopedics,3,5.2,2025-02-17,2025-02-20,3
E01330,P01858,83,Female,Fracture,Orthopedics,9,6.5,2025-12-16,2025-12-25,9
E01331,P00517,82,Female,Pneumonia,Pulmonology,8,4.6,2025-07-29,2025-08-06,8
E01332,P01659,68,Male,Stroke,Neurology,12,4.4,2025-03-17,2025-03-29,12
E01333,P01866,53,Female,Knee Osteoarthritis,Orthopedics,3,5.9,2025-09-04,2025-09-07,3
E01334,P02913,41,Female,Stroke,Neurology,4,4.8,2025-11-12,2025-11-16,4
E01335,P01142,44,Female,Knee Osteoarthritis,Orthopedics,7,7.5,2025-03-09,2025-03-16,7
E01336,P02854,19,Female,COPD,Pulmonology,10,1.8,2025-11-09,2025-11-19,10
E01337,P01933,48,Female,Heart Failure,Cardiology,2,3.9,2025-03-05,2025-03-07,2
E01338,P03231,74,Female,COPD,Pulmonology,8,5.5,2025-07-01,2025-07-09,8
E01339,P00815,83,Male,Knee Osteoarthritis,Orthopedics,4,7.4,2025-03-21,2025-03-25,4
E01340,P02276,46,Male,Heart Failure,Cardiology,3,3.6,2025-12-09,2025-12-12,3
E01341,P01901,32,Male,Low Back Pain,Orthopedics,2,7.5,2025-07-22,2025-07-24,2
E01342,P02264,29,Male,Stroke,Neurology,10,5.2,2025-07-01,2025-07-11,10
E01343,P02996,45,Male,Knee Osteoarthritis,Orthopedics,7,7.6,2025-08-02,2025-08-09,7
E01344,P02063,41,Female,Fracture,Orthopedics,14,3.5,2025-04-30,2025-05-14,14
E01345,P03229,38,Female,Diabetes,General Medicine,7,1.2,2025-08-29,2025-09-05,7
E01346,P03333,27,Female,Fracture,Orthopedics,7,8.0,2025-12-01,2025-12-08,7
E01347,P03229,35,Female,Diabetes,General Medicine,6,1.2,2025-07-21,2025-07-27,6
E01348,P02095,31,Female,Pneumonia,Pulmonology,11,4.1,2025-10-19,2025-10-30,11
E01349,P02372,51,Male,Diabetes,General Medicine,8,3.0,2025-02-23,2025-03-03,8
E01350,P02892,75,Male,Heart Failure,Cardiology,3,2.0,2025-05-25,2025-05-28,3
E01351,P00130,39,Female,Diabetes,General Medicine,2,4.0,2025-12-22,2025-12-24,2
E01352,P03483,87,Female,Diabetes,General Medicine,5,3.8,2025-03-27,2025-04-01,5
E01353,P00095,53,Female,Diabetes,General Medicine,7,6.7,2025-01-22,2025-01-29,7
E01354,P02675,62,Male,Knee Osteoarthritis,Orthopedics,1,5.6,2025-11-27,2025-11-28,1
E01355,P02803,53,Male,Pneumonia,Pulmonology,7,5.7,2025-10-19,2025-10-26,7
E01356,P01956,39,Female,Stroke,Neurology,6,5.0,2025-08-24,2025-08-30,6
E01357,P03364,78,Male,Pneumonia,Pulmonology,7,2.5,2025-01-29,2025-02-05,7
E01358,P00794,73,Female,Fracture,Orthopedics,9,7.7,2025-07-02,2025-07-11,9
E01359,P01835,50,Male,Heart Failure,Cardiology,14,4.3,2025-06-09,2025-06-23,14
E01360,P03355,62,Male,Knee Osteoarthritis,Orthopedics,3,6.6,2025-01-18,2025-01-21,3
E01361,P02117,53,Female,Low Back Pain,Orthopedics,3,6.9,2025-02-07,2025-02-10,3
E01362,P01684,37,Male,Knee Osteoarthritis,Orthopedics,5,5.6,2025-04-11,2025-04-16,5
E01363,P00011,35,Male,COPD,Pulmonology,9,2.3,2025-10-17,2025-10-26,9
E01364,P03326,55,Female,Diabetes,General Medicine,7,4.6,2025-06-22,2025-06-29,7
E01365,P01866,84,Male,Fracture,Orthopedics,15,6.2,2025-12-09,2025-12-24,15
E01366,P02920,40,Female,Diabetes,General Medicine,1,3.4,2025-03-08,2025-03-09,1
E01367,P02598,33,Male,Heart Failure,Cardiology,7,3.9,2025-07-10,2025-07-17,7
E01368,P03206,76,Female,Low Back Pain,Orthopedics,6,6.9,2025-02-12,2025-02-18,6
E01369,P00712,86,Female,Fracture,Orthopedics,13,4.4,2025-05-03,2025-05-16,13
E01370,P02071,85,Male,COPD,Pulmonology,5,5.4,2025-10-05,2025-10-10,5
E01371,P00815,38,Male,Knee Osteoarthritis,Orthopedics,6,6.7,2025-12-09,2025-12-15,6
E01372,P00346,87,Female,Low Back Pain,Orthopedics,2,6.2,2025-07-15,2025-07-17,2
E01373,P02350,29,Male,Stroke,Neurology,12,5.1,2025-11-29,2025-12-11,12
E01374,P00363,33,Male,Pneumonia,Pulmonology,10,3.9,2025-05-05,2025-05-15,10
E01375,P02444,31,Male,Knee Osteoarthritis,Orthopedics,7,7.7,2025-04-06,2025-04-13,7
E01376,P02266,78,Female,Low Back Pain,Orthopedics,1,7.3,2025-06-06,2025-06-07,1
E01377,P02189,88,Female,Stroke,Neurology,10,5.6,2025-02-09,2025-02-19,10
E01378,P03006,63,Female,Stroke,Neurology,5,6.5,2025-12-26,2025-12-31,5
E01379,P03282,49,Male,COPD,Pulmonology,5,4.8,2025-06-22,2025-06-27,5
E01380,P00985,32,Male,COPD,Pulmonology,6,3.3,2025-06-22,2025-06-28,6
E01381,P03041,61,Female,Pneumonia,Pulmonology,2,1.8,2025-04-30,2025-05-02,2
E01382,P01640,34,Female,Stroke,Neurology,8,7.0,2025-09-30,2025-10-08,8
E01383,P00828,58,Male,Fracture,Orthopedics,12,6.1,2025-12-24,2026-01-05,12
E01384,P02731,71,Male,Heart Failure,Cardiology,7,2.8,2025-12-30,2026-01-06,7
E01385,P03052,61,Male,Stroke,Neurology,4,1.9,2025-12-12,2025-12-16,4
E01386,P00356,22,Male,Low Back Pain,Orthopedics,3,7.0,2025-11-15,2025-11-18,3
E01387,P03056,44,Female,COPD,Pulmonology,11,3.7,2025-09-18,2025-09-29,11
E01388,P01348,60,Male,Heart Failure,Cardiology,7,1.2,2025-10-08,2025-10-15,7
E01389,P03205,48,Male,Fracture,Orthopedics,10,7.2,2025-11-25,2025-12-05,10
E01390,P02936,34,Female,COPD,Pulmonology,7,2.8,2025-05-04,2025-05-11,7
E01391,P01864,71,Female,Fracture,Orthopedics,6,10.0,2025-10-05,2025-10-11,6
E01392,P00127,79,Male,COPD,Pulmonology,5,2.6,2025-04-03,2025-04-08,5
E01393,P03178,49,Female,COPD,Pulmonology,10,2.8,2025-02-04,2025-02-14,10
E01394,P03057,57,Male,Stroke,Neurology,8,3.2,2025-11-07,2025-11-15,8
E01395,P00604,30,Male,Diabetes,General Medicine,8,5.4,2025-05-08,2025-05-16,8
E01396,P03450,52,Female,Stroke,Neurology,10,3.9,2025-01-20,2025-01-30,10
E01397,P01929,22,Female,COPD,Pulmonology,8,2.4,2025-09-18,2025-09-26,8
E01398,P01014,90,Male,Heart Failure,Cardiology,4,4.6,2025-06-16,2025-06-20,4
E01399,P00051,46,Female,Stroke,Neurology,12,2.4,2025-11-15,2025-11-27,12
E01400,P03101,87,Male,COPD,Pulmonology,2,4.4,2025-08-24,2025-08-26,2
E01401,P03368,42,Male,COPD,Pulmonology,6,6.2,2025-02-01,2025-02-07,6
E01402,P03369,39,Male,Stroke,Neurology,15,5.3,2025-08-19,2025-09-03,15
E01403,P02827,83,Female,Stroke,Neurology,12,5.5,2025-07-10,2025-07-22,12
E01404,P01431,62,Male,Heart Failure,Cardiology,11,4.8,2025-11-26,2025-12-07,11
E01405,P01793,86,Male,Fracture,Orthopedics,4,9.1,2025-05-25,2025-05-29,4
E01406,P02862,89,Male,Stroke,Neurology,14,6.3,2025-04-11,2025-04-25,14
E01407,P01637,18,Female,Pneumonia,Pulmonology,11,4.2,2025-03-20,2025-03-31,11
E01408,P03477,61,Male,Low Back Pain,Orthopedics,5,7.9,2025-06-09,2025-06-14,5
E01409,P03418,56,Male,Pneumonia,Pulmonology,3,2.2,2025-09-12,2025-09-15,3
E01410,P01646,71,Male,Heart Failure,Cardiology,8,4.7,2025-10-06,2025-10-14,8
E01411,P02468,46,Female,Diabetes,General Medicine,3,2.0,2025-07-07,2025-07-10,3
E01412,P01206,71,Male,Pneumonia,Pulmonology,4,2.9,2025-07-29,2025-08-02,4
E01413,P03031,33,Male,Fracture,Orthopedics,15,1.9,2025-08-29,2025-09-13,15
E01414,P02873,37,Female,COPD,Pulmonology,9,4.1,2025-02-25,2025-03-06,9
E01415,P03073,63,Female,Low Back Pain,Orthopedics,1,5.5,2025-05-17,2025-05-18,1
E01416,P01855,84,Male,Knee Osteoarthritis,Orthopedics,6,8.2,2025-04-16,2025-04-22,6
E01417,P00567,82,Male,Low Back Pain,Orthopedics,5,7.1,2025-03-10,2025-03-15,5
E01418,P02419,75,Male,Pneumonia,Pulmonology,9,5.2,2025-07-09,2025-07-18,9
E01419,P00936,70,Female,Knee Osteoarthritis,Orthopedics,6,4.9,2025-07-11,2025-07-17,6
E01420,P01935,18,Female,Heart Failure,Cardiology,6,5.1,2025-10-05,2025-10-11,6
E01421,P02709,83,Male,Fracture,Orthopedics,5,9.7,2025-02-01,2025-02-06,5
E01422,P03017,46,Female,Low Back Pain,Orthopedics,3,7.6,2025-06-24,2025-06-27,3
E01423,P01333,87,Male,Diabetes,General Medicine,7,4.7,2025-09-15,2025-09-22,7
E01424,P03209,25,Male,Knee Osteoarthritis,Orthopedics,5,6.8,2025-05-03,2025-05-08,5
E01425,P00202,46,Female,Knee Osteoarthritis,Orthopedics,5,5.7,2025-03-26,2025-03-31,5
E01426,P02361,68,Male,Low Back Pain,Orthopedics,4,7.6,2025-08-04,2025-08-08,4
E01427,P00117,50,Female,Pneumonia,Pulmonology,7,1.2,2025-08-04,2025-08-11,7
E01428,P00937,20,Female,Knee Osteoarthritis,Orthopedics,6,5.9,2025-01-14,2025-01-20,6
E01429,P00575,77,Male,Heart Failure,Cardiology,7,0.8,2025-02-06,2025-02-13,7
E01430,P02292,52,Female,Low Back Pain,Orthopedics,1,5.4,2025-01-27,2025-01-28,1
E01431,P00537,86,Male,Heart Failure,Cardiology,2,4.5,2025-06-01,2025-06-03,2
E01432,P01626,37,Female,Low Back Pain,Orthopedics,2,7.3,2025-03-05,2025-03-07,2
E01433,P02123,90,Male,Heart Failure,Cardiology,14,3.6,2025-03-11,2025-03-25,14
E01434,P00386,56,Male,Pneumonia,Pulmonology,6,3.8,2025-06-03,2025-06-09,6
E01435,P03282,21,Male,Low Back Pain,Orthopedics,5,3.7,2025-09-10,2025-09-15,5
E01436,P00475,36,Female,Fracture,Orthopedics,8,5.9,2025-09-28,2025-10-06,8
E01437,P00418,62,Male,COPD,Pulmonology,7,2.5,2025-01-29,2025-02-05,7
E01438,P02395,60,Female,Diabetes,General Medicine,1,2.5,2025-03-15,2025-03-16,1
E01439,P02688,30,Female,Pneumonia,Pulmonology,4,4.4,2025-10-11,2025-10-15,4
E01440,P00939,30,Female,Heart Failure,Cardiology,13,2.2,2025-02-28,2025-03-13,13
E01441,P00955,77,Female,Fracture,Orthopedics,8,5.6,2025-08-31,2025-09-08,8
E01442,P00876,74,Female,Low Back Pain,Orthopedics,6,3.4,2025-11-25,2025-12-01,6
E01443,P00763,69,Male,Pneumonia,Pulmonology,12,3.1,2025-05-29,2025-06-10,12
E01444,P01203,70,Female,Heart Failure,Cardiology,12,1.9,2025-01-10,2025-01-22,12
E01445,P01206,60,Male,Stroke,Neurology,11,4.6,2025-05-12,2025-05-23,11
E01446,P00664,89,Male,Stroke,Neurology,8,3.1,2025-03-03,2025-03-11,8
E01447,P00025,89,Female,Knee Osteoarthritis,Orthopedics,7,6.7,2025-09-19,2025-09-26,7
E01448,P01991,59,Male,Diabetes,General Medicine,4,3.3,2025-08-06,2025-08-10,4
E01449,P01204,43,Male,Stroke,Neurology,15,7.0,2025-08-20,2025-09-04,15
E01450,P00710,40,Female,COPD,Pulmonology,7,4.2,2025-12-02,2025-12-09,7
E01451,P01880,60,Male,Heart Failure,Cardiology,2,0.7,2025-03-13,2025-03-15,2
E01452,P01185,45,Female,Pneumonia,Pulmonology,10,1.6,2025-01-16,2025-01-26,10
E01453,P02225,26,Female,Low Back Pain,Orthopedics,4,6.6,2025-02-07,2025-02-11,4
E01454,P00285,37,Female,Pneumonia,Pulmonology,3,2.1,2025-06-26,2025-06-29,3
E01455,P00063,73,Male,Knee Osteoarthritis,Orthopedics,1,2.0,2025-11-17,2025-11-18,1
E01456,P01003,56,Male,Fracture,Orthopedics,5,8.5,2025-03-24,2025-03-29,5
E01457,P00662,68,Male,Pneumonia,Pulmonology,4,4.6,2025-01-17,2025-01-21,4
E01458,P02714,29,Male,Stroke,Neurology,7,5.3,2025-06-05,2025-06-12,7
E01459,P02204,72,Female,Pneumonia,Pulmonology,2,2.6,2025-06-21,2025-06-23,2
E01460,P01493,28,Female,Stroke,Neurology,9,5.1,2025-03-11,2025-03-20,9
E01461,P03121,43,Male,Stroke,Neurology,15,3.4,2025-03-12,2025-03-27,15
E01462,P00967,59,Female,Diabetes,General Medicine,1,3.8,2025-09-12,2025-09-13,1
E01463,P00849,44,Male,Knee Osteoarthritis,Orthopedics,4,5.1,2025-05-11,2025-05-15,4
E01464,P01108,28,Female,COPD,Pulmonology,7,5.8,2025-02-18,2025-02-25,7
E01465,P03433,55,Female,COPD,Pulmonology,2,1.1,2025-01-21,2025-01-23,2
E01466,P00689,60,Female,Heart Failure,Cardiology,8,5.3,2025-11-16,2025-11-24,8
E01467,P00148,36,Female,COPD,Pulmonology,11,3.6,2025-08-08,2025-08-19,11
E01468,P00342,81,Female,Stroke,Neurology,9,3.8,2025-07-06,2025-07-15,9
E01469,P02524,23,Male,Low Back Pain,Orthopedics,3,6.8,2025-02-01,2025-02-04,3
E01470,P01087,63,Male,Knee Osteoarthritis,Orthopedics,4,7.6,2025-07-22,2025-07-26,4
E01471,P01725,59,Female,Heart Failure,Cardiology,7,5.6,2025-10-03,2025-10-10,7
E01472,P01384,82,Male,COPD,Pulmonology,12,4.0,2025-08-30,2025-09-11,12
E01473,P02609,89,Female,COPD,Pulmonology,8,2.2,2025-01-16,2025-01-24,8
E01474,P00327,76,Female,Low Back Pain,Orthopedics,6,6.6,2025-11-12,2025-11-18,6
E01475,P01793,69,Female,Pneumonia,Pulmonology,5,6.2,2025-06-22,2025-06-27,5
E01476,P01760,64,Female,Knee Osteoarthritis,Orthopedics,2,8.5,2025-05-17,2025-05-19,2
E01477,P03213,24,Male,Low Back Pain,Orthopedics,3,7.9,2025-06-28,2025-07-01,3
E01478,P00990,28,Female,COPD,Pulmonology,10,4.7,2025-12-25,2026-01-04,10
E01479,P02263,78,Male,Knee Osteoarthritis,Orthopedics,1,7.5,2025-03-02,2025-03-03,1
E01480,P02483,85,Female,Knee Osteoarthritis,Orthopedics,1,8.2,2025-04-14,2025-04-15,1
E01481,P00952,42,Female,COPD,Pulmonology,11,2.8,2025-11-13,2025-11-24,11
E01482,P00723,29,Male,Pneumonia,Pulmonology,7,1.5,2025-07-14,2025-07-21,7
E01483,P03390,43,Female,Pneumonia,Pulmonology,3,3.6,2025-09-13,2025-09-16,3
E01484,P02080,29,Female,COPD,Pulmonology,3,2.3,2025-03-17,2025-03-20,3
E01485,P02718,60,Male,Knee Osteoarthritis,Orthopedics,3,4.9,2025-09-28,2025-10-01,3
E01486,P02333,68,Male,Low Back Pain,Orthopedics,4,5.4,2025-06-30,2025-07-04,4
E01487,P03377,54,Male,Diabetes,General Medicine,1,7.2,2025-05-12,2025-05-13,1
E01488,P00429,63,Female,Stroke,Neurology,5,4.7,2025-05-31,2025-06-05,5
E01489,P01501,70,Female,Pneumonia,Pulmonology,7,4.0,2025-06-04,2025-06-11,7
E01490,P00286,30,Male,COPD,Pulmonology,3,1.7,2025-12-25,2025-12-28,3
E01491,P03216,71,Male,Fracture,Orthopedics,3,3.7,2025-08-23,2025-08-26,3
E01492,P03496,74,Female,Diabetes,General Medicine,8,2.3,2025-09-05,2025-09-13,8
E01493,P03091,21,Female,Pneumonia,Pulmonology,13,5.7,2025-06-14,2025-06-27,13
E01494,P02066,66,Male,Fracture,Orthopedics,7,7.0,2025-07-24,2025-07-31,7
E01495,P00769,24,Male,Knee Osteoarthritis,Orthopedics,2,7.4,2025-06-14,2025-06-16,2
E01496,P02638,28,Male,COPD,Pulmonology,11,4.6,2025-08-01,2025-08-12,11
E01497,P01395,71,Male,Diabetes,General Medicine,2,2.6,2025-09-11,2025-09-13,2
E01498,P03247,62,Female,COPD,Pulmonology,11,5.6,2025-06-06,2025-06-17,11
E01499,P03058,40,Female,Low Back Pain,Orthopedics,1,5.6,2025-06-26,2025-06-27,1
E01500,P00194,45,Female,Low Back Pain,Orthopedics,4,8.6,2025-03-16,2025-03-20,4
E01501,P02550,74,Female,Heart Failure,Cardiology,9,4.2,2025-06-27,2025-07-06,9
E01502,P00988,43,Male,Stroke,Neurology,5,1.8,2025-10-11,2025-10-16,5
E01503,P01137,42,Female,Stroke,Neurology,3,3.4,2025-11-26,2025-11-29,3
E01504,P02162,71,Male,Pneumonia,Pulmonology,5,0.8,2025-05-13,2025-05-18,5
E01505,P03294,46,Female,Stroke,Neurology,10,6.2,2025-05-05,2025-05-15,10
E01506,P01702,53,Female,COPD,Pulmonology,4,3.5,2025-11-08,2025-11-12,4
E01507,P00947,31,Female,COPD,Pulmonology,11,0.2,2025-11-16,2025-11-27,11
E01508,P00831,52,Male,Heart Failure,Cardiology,13,4.1,2025-05-07,2025-05-20,13
E01509,P01921,47,Female,Fracture,Orthopedics,4,5.7,2025-12-11,2025-12-15,4
E01510,P03336,34,Male,Low Back Pain,Orthopedics,4,4.3,2025-08-13,2025-08-17,4
E01511,P02973,84,Male,Fracture,Orthopedics,8,9.0,2025-01-17,2025-01-25,8
E01512,P00055,47,Female,Fracture,Orthopedics,7,6.7,2025-12-19,2025-12-26,7
E01513,P00800,62,Male,Diabetes,General Medicine,2,3.1,2025-11-07,2025-11-09,2
E01514,P00778,68,Female,Diabetes,General Medicine,2,2.9,2025-09-03,2025-09-05,2
E01515,P01482,64,Male,Low Back Pain,Orthopedics,2,4.2,2025-05-17,2025-05-19,2
E01516,P01902,70,Female,Knee Osteoarthritis,Orthopedics,6,4.5,2025-08-05,2025-08-11,6
E01517,P02210,81,Male,Low Back Pain,Orthopedics,1,8.4,2025-07-15,2025-07-16,1
E01518,P03452,55,Male,Diabetes,General Medicine,3,2.8,2025-07-20,2025-07-23,3
E01519,P02135,81,Female,Fracture,Orthopedics,12,6.5,2025-07-26,2025-08-07,12
E01520,P00055,24,Female,Pneumonia,Pulmonology,3,0.4,2025-01-16,2025-01-19,3
E01521,P01824,39,Female,Heart Failure,Cardiology,9,1.5,2025-01-13,2025-01-22,9
E01522,P01202,58,Female,Fracture,Orthopedics,10,7.4,2025-03-19,2025-03-29,10
E01523,P03463,27,Male,Low Back Pain,Orthopedics,1,7.1,2025-08-02,2025-08-03,1
E01524,P03421,74,Male,Knee Osteoarthritis,Orthopedics,1,9.1,2025-12-07,2025-12-08,1
E01525,P03080,24,Male,Fracture,Orthopedics,15,8.5,2025-11-25,2025-12-10,15
E01526,P00833,67,Male,Pneumonia,Pulmonology,5,3.2,2025-04-29,2025-05-04,5
E01527,P00313,69,Female,Low Back Pain,Orthopedics,2,7.2,2025-06-30,2025-07-02,2
E01528,P02807,50,Male,Pneumonia,Pulmonology,13,3.0,2025-11-20,2025-12-03,13
E01529,P01859,18,Female,Fracture,Orthopedics,3,9.6,2025-11-26,2025-11-29,3
E01530,P02008,70,Male,Low Back Pain,Orthopedics,1,8.2,2025-12-21,2025-12-22,1
E01531,P02007,77,Female,Pneumonia,Pulmonology,4,3.8,2025-05-17,2025-05-21,4
E01532,P02491,51,Female,COPD,Pulmonology,2,3.8,2025-06-28,2025-06-30,2
E01533,P01791,21,Female,Stroke,Neurology,4,6.7,2025-07-27,2025-07-31,4
E01534,P00328,34,Female,Pneumonia,Pulmonology,9,4.4,2025-02-23,2025-03-04,9
E01535,P03126,21,Female,COPD,Pulmonology,6,5.8,2025-03-20,2025-03-26,6
E01536,P02809,60,Male,Fracture,Orthopedics,13,3.2,2025-09-28,2025-10-11,13
E01537,P03311,21,Female,Stroke,Neurology,9,5.2,2025-04-28,2025-05-07,9
E01538,P03301,18,Male,Diabetes,General Medicine,6,2.7,2025-04-16,2025-04-22,6
E01539,P02627,88,Male,Stroke,Neurology,15,7.1,2025-04-15,2025-04-30,15
E01540,P03123,67,Female,Pneumonia,Pulmonology,2,5.8,2025-10-30,2025-11-01,2
E01541,P03055,90,Male,Heart Failure,Cardiology,7,3.5,2025-04-28,2025-05-05,7
E01542,P01288,78,Male,Heart Failure,Cardiology,12,5.8,2025-08-17,2025-08-29,12
E01543,P03490,52,Male,Diabetes,General Medicine,7,6.2,2025-05-28,2025-06-04,7
E01544,P02144,25,Female,Pneumonia,Pulmonology,5,3.6,2025-12-20,2025-12-25,5
E01545,P01112,41,Female,Stroke,Neurology,10,8.2,2025-05-30,2025-06-09,10
E01546,P03150,53,Female,Heart Failure,Cardiology,9,3.5,2025-10-31,2025-11-09,9
E01547,P01312,67,Female,Low Back Pain,Orthopedics,3,6.2,2025-09-13,2025-09-16,3
E01548,P03192,60,Male,Knee Osteoarthritis,Orthopedics,7,7.8,2025-03-23,2025-03-30,7
E01549,P02862,44,Male,Pneumonia,Pulmonology,3,3.0,2025-01-16,2025-01-19,3
E01550,P02539,49,Male,COPD,Pulmonology,7,3.6,2025-07-12,2025-07-19,7
E01551,P00452,35,Male,COPD,Pulmonology,7,5.6,2025-07-30,2025-08-06,7
E01552,P01524,45,Male,Low Back Pain,Orthopedics,4,6.5,2025-03-15,2025-03-19,4
E01553,P00165,46,Male,Low Back Pain,Orthopedics,4,4.0,2025-10-04,2025-10-08,4
E01554,P00182,33,Female,Pneumonia,Pulmonology,8,4.1,2025-03-02,2025-03-10,8
E01555,P02517,64,Male,Knee Osteoarthritis,Orthopedics,6,5.5,2025-01-24,2025-01-30,6
E01556,P00910,76,Male,Heart Failure,Cardiology,3,4.8,2025-01-23,2025-01-26,3
E01557,P02783,48,Male,Knee Osteoarthritis,Orthopedics,7,7.5,2025-12-09,2025-12-16,7
E01558,P00823,21,Female,Diabetes,General Medicine,4,5.7,2025-09-15,2025-09-19,4
E01559,P00944,54,Male,Stroke,Neurology,11,5.9,2025-07-17,2025-07-28,11
E01560,P02002,34,Male,Stroke,Neurology,10,6.1,2025-02-22,2025-03-04,10
E01561,P02055,56,Female,Low Back Pain,Orthopedics,6,5.5,2025-05-19,2025-05-25,6
E01562,P00330,65,Male,Heart Failure,Cardiology,4,4.7,2025-09-28,2025-10-02,4
E01563,P00775,63,Female,Knee Osteoarthritis,Orthopedics,3,9.5,2025-07-20,2025-07-23,3
E01564,P02199,65,Female,Low Back Pain,Orthopedics,2,5.5,2025-06-13,2025-06-15,2
E01565,P03157,56,Male,Pneumonia,Pulmonology,10,6.2,2025-04-02,2025-04-12,10
E01566,P00147,21,Male,Low Back Pain,Orthopedics,4,5.7,2025-01-23,2025-01-27,4
E01567,P03453,47,Female,Pneumonia,Pulmonology,7,2.2,2025-03-29,2025-04-05,7
E01568,P00915,47,Male,Pneumonia,Pulmonology,4,3.9,2025-07-01,2025-07-05,4
E01569,P01572,39,Male,Diabetes,General Medicine,3,4.6,2025-12-21,2025-12-24,3
E01570,P01309,83,Female,Diabetes,General Medicine,3,4.9,2025-10-10,2025-10-13,3
E01571,P02748,29,Female,Pneumonia,Pulmonology,12,2.1,2025-01-21,2025-02-02,12
E01572,P00082,53,Male,Fracture,Orthopedics,15,7.2,2025-02-18,2025-03-05,15
E01573,P00514,35,Female,Heart Failure,Cardiology,11,2.5,2025-07-09,2025-07-20,11
E01574,P01921,70,Male,Diabetes,General Medicine,4,1.3,2025-07-24,2025-07-28,4
E01575,P02863,88,Male,Diabetes,General Medicine,6,2.1,2025-02-13,2025-02-19,6
E01576,P02757,18,Male,Stroke,Neurology,16,3.4,2025-10-27,2025-11-12,16
E01577,P01940,75,Male,Low Back Pain,Orthopedics,6,7.3,2025-05-08,2025-05-14,6
E01578,P00746,23,Female,Stroke,Neurology,14,6.2,2025-07-08,2025-07-22,14
E01579,P03071,87,Male,Heart Failure,Cardiology,3,1.3,2025-06-19,2025-06-22,3
E01580,P01410,61,Female,Diabetes,General Medicine,8,4.0,2025-10-06,2025-10-14,8
E01581,P00707,89,Male,COPD,Pulmonology,10,1.7,2025-07-20,2025-07-30,10
E01582,P00471,41,Male,Fracture,Orthopedics,10,7.4,2025-05-05,2025-05-15,10
E01583,P03191,36,Female,Diabetes,General Medicine,7,2.6,2025-10-19,2025-10-26,7
E01584,P00396,35,Male,Knee Osteoarthritis,Orthopedics,2,4.9,2025-11-07,2025-11-09,2
E01585,P01556,47,Female,Heart Failure,Cardiology,4,4.7,2025-01-16,2025-01-20,4
E01586,P02309,59,Female,COPD,Pulmonology,8,2.6,2025-12-11,2025-12-19,8
E01587,P00805,50,Male,Low Back Pain,Orthopedics,3,6.0,2025-10-01,2025-10-04,3
E01588,P00934,29,Male,Low Back Pain,Orthopedics,2,3.2,2025-10-21,2025-10-23,2
E01589,P01280,44,Male,COPD,Pulmonology,3,4.9,2025-01-20,2025-01-23,3
E01590,P01758,56,Male,Low Back Pain,Orthopedics,4,7.7,2025-01-19,2025-01-23,4
E01591,P00905,26,Female,Fracture,Orthopedics,14,6.5,2025-01-13,2025-01-27,14
E01592,P03298,38,Male,COPD,Pulmonology,7,1.2,2025-01-17,2025-01-24,7
E01593,P01077,46,Male,Heart Failure,Cardiology,12,5.3,2025-07-25,2025-08-06,12
E01594,P02988,50,Male,COPD,Pulmonology,6,2.5,2025-01-30,2025-02-05,6
E01595,P01891,79,Male,COPD,Pulmonology,10,2.8,2025-10-26,2025-11-05,10
E01596,P01524,32,Male,Knee Osteoarthritis,Orthopedics,2,10.0,2025-10-31,2025-11-02,2
E01597,P02902,19,Female,Knee Osteoarthritis,Orthopedics,4,5.4,2025-02-12,2025-02-16,4
E01598,P01388,69,Male,Stroke,Neurology,7,5.6,2025-04-03,2025-04-10,7
E01599,P01304,61,Female,Heart Failure,Cardiology,5,4.3,2025-03-07,2025-03-12,5
E01600,P00593,71,Male,Heart Failure,Cardiology,14,4.1,2025-04-29,2025-05-13,14
E01601,P02762,35,Male,Knee Osteoarthritis,Orthopedics,6,6.9,2025-11-05,2025-11-11,6
E01602,P03230,20,Male,Pneumonia,Pulmonology,9,4.1,2025-03-13,2025-03-22,9
E01603,P02680,24,Female,Pneumonia,Pulmonology,9,3.9,2025-11-30,2025-12-09,9
E01604,P02107,60,Male,Stroke,Neurology,5,4.4,2025-06-11,2025-06-16,5
E01605,P00128,55,Female,Fracture,Orthopedics,3,8.8,2025-11-26,2025-11-29,3
E01606,P00736,54,Female,Pneumonia,Pulmonology,7,1.5,2025-11-24,2025-12-01,7
E01607,P02769,75,Male,Pneumonia,Pulmonology,3,5.0,2025-09-26,2025-09-29,3
E01608,P03187,50,Female,Pneumonia,Pulmonology,3,4.7,2025-08-06,2025-08-09,3
E01609,P03281,76,Male,Fracture,Orthopedics,5,7.5,2025-09-11,2025-09-16,5
E01610,P02574,28,Male,Diabetes,General Medicine,8,5.2,2025-02-28,2025-03-08,8
E01611,P00521,85,Female,Stroke,Neurology,5,4.4,2025-02-01,2025-02-06,5
E01612,P02600,85,Male,Knee Osteoarthritis,Orthopedics,7,3.7,2025-12-05,2025-12-12,7
E01613,P00237,39,Male,Pneumonia,Pulmonology,11,3.4,2025-04-30,2025-05-11,11
E01614,P01305,83,Female,Low Back Pain,Orthopedics,6,5.0,2025-11-06,2025-11-12,6
E01615,P03431,61,Female,COPD,Pulmonology,11,2.4,2025-01-02,2025-01-13,11
E01616,P03273,23,Female,Diabetes,General Medicine,1,1.6,2025-04-28,2025-04-29,1
E01617,P01782,59,Female,Fracture,Orthopedics,15,5.8,2025-02-06,2025-02-21,15
E01618,P01302,42,Female,Fracture,Orthopedics,10,5.6,2025-04-07,2025-04-17,10
E01619,P03307,74,Female,Fracture,Orthopedics,3,2.9,2025-12-25,2025-12-28,3
E01620,P02542,72,Male,Pneumonia,Pulmonology,8,4.6,2025-09-14,2025-09-22,8
E01621,P02052,33,Female,COPD,Pulmonology,8,6.8,2025-05-08,2025-05-16,8
E01622,P02714,31,Female,COPD,Pulmonology,9,4.4,2025-12-25,2026-01-03,9
E01623,P00442,56,Male,Diabetes,General Medicine,8,3.2,2025-06-05,2025-06-13,8
E01624,P02077,45,Male,Stroke,Neurology,12,4.4,2025-05-25,2025-06-06,12
E01625,P03181,68,Female,Fracture,Orthopedics,7,5.9,2025-02-26,2025-03-05,7
E01626,P02658,66,Female,Low Back Pain,Orthopedics,2,6.6,2025-03-11,2025-03-13,2
E01627,P00805,26,Male,Low Back Pain,Orthopedics,1,6.4,2025-02-13,2025-02-14,1
E01628,P00075,75,Female,Low Back Pain,Orthopedics,1,5.2,2025-07-31,2025-08-01,1
E01629,P02886,62,Female,Fracture,Orthopedics,10,9.0,2025-06-24,2025-07-04,10
E01630,P03218,39,Male,Pneumonia,Pulmonology,7,1.3,2025-05-21,2025-05-28,7
E01631,P02176,49,Female,Diabetes,General Medicine,6,4.6,2025-03-17,2025-03-23,6
E01632,P02090,86,Male,Fracture,Orthopedics,3,6.3,2025-06-07,2025-06-10,3
E01633,P01380,86,Female,Low Back Pain,Orthopedics,5,9.4,2025-03-26,2025-03-31,5
E01634,P00041,59,Male,COPD,Pulmonology,7,4.0,2025-11-18,2025-11-25,7
E01635,P02982,70,Male,Fracture,Orthopedics,16,6.0,2025-11-05,2025-11-21,16
E01636,P02082,76,Male,COPD,Pulmonology,5,3.1,2025-01-18,2025-01-23,5
E01637,P03089,56,Female,Heart Failure,Cardiology,5,3.6,2025-10-11,2025-10-16,5
E01638,P01701,32,Male,Fracture,Orthopedics,16,4.8,2025-02-11,2025-02-27,16
E01639,P03225,88,Female,Heart Failure,Cardiology,3,2.3,2025-05-14,2025-05-17,3
E01640,P03046,46,Male,Diabetes,General Medicine,5,0.8,2025-04-12,2025-04-17,5
E01641,P01402,20,Male,Fracture,Orthopedics,13,5.1,2025-05-17,2025-05-30,13
E01642,P00588,27,Male,Pneumonia,Pulmonology,5,3.6,2025-08-10,2025-08-15,5
E01643,P01623,46,Female,Pneumonia,Pulmonology,6,4.0,2025-08-17,2025-08-23,6
E01644,P00342,52,Female,Stroke,Neurology,15,1.5,2025-10-21,2025-11-05,15
E01645,P02075,23,Male,Stroke,Neurology,14,4.3,2025-11-02,2025-11-16,14
E01646,P03359,29,Female,Low Back Pain,Orthopedics,5,7.3,2025-11-12,2025-11-17,5
E01647,P00646,55,Female,Knee Osteoarthritis,Orthopedics,5,6.3,2025-04-29,2025-05-04,5
E01648,P00731,36,Female,COPD,Pulmonology,5,2.5,2025-04-09,2025-04-14,5
E01649,P00168,84,Male,Stroke,Neurology,3,3.9,2025-12-16,2025-12-19,3
E01650,P00610,25,Female,Pneumonia,Pulmonology,11,2.7,2025-11-20,2025-12-01,11
E01651,P02316,25,Male,COPD,Pulmonology,9,2.5,2025-06-08,2025-06-17,9
E01652,P01773,64,Male,Knee Osteoarthritis,Orthopedics,3,6.8,2025-08-27,2025-08-30,3
E01653,P02041,21,Male,Stroke,Neurology,4,8.0,2025-11-16,2025-11-20,4
E01654,P02869,68,Female,Diabetes,General Medicine,1,2.4,2025-12-01,2025-12-02,1
E01655,P00455,84,Male,Heart Failure,Cardiology,8,3.0,2025-07-08,2025-07-16,8
E01656,P02954,62,Female,Stroke,Neurology,11,4.4,2025-11-05,2025-11-16,11
E01657,P01709,25,Female,Fracture,Orthopedics,15,5.5,2025-09-06,2025-09-21,15
E01658,P03473,33,Male,Stroke,Neurology,4,6.1,2025-01-26,2025-01-30,4
E01659,P02970,84,Male,Fracture,Orthopedics,11,2.9,2025-07-08,2025-07-19,11
E01660,P03029,26,Male,Diabetes,General Medicine,2,2.7,2025-05-20,2025-05-22,2
E01661,P00702,77,Female,Pneumonia,Pulmonology,10,4.7,2025-06-30,2025-07-10,10
E01662,P02682,88,Female,Low Back Pain,Orthopedics,3,6.1,2025-01-21,2025-01-24,3
E01663,P01600,32,Male,Diabetes,General Medicine,1,2.3,2025-06-12,2025-06-13,1
E01664,P00130,88,Male,Low Back Pain,Orthopedics,2,7.2,2025-03-12,2025-03-14,2
E01665,P03068,58,Female,Stroke,Neurology,15,5.9,2025-03-23,2025-04-07,15
E01666,P01846,39,Female,Pneumonia,Pulmonology,11,3.8,2025-06-04,2025-06-15,11
E01667,P01387,41,Male,Knee Osteoarthritis,Orthopedics,4,5.3,2025-11-12,2025-11-16,4
E01668,P02867,61,Female,Stroke,Neurology,12,5.2,2025-12-21,2026-01-02,12
E01669,P00693,18,Female,Diabetes,General Medicine,3,2.9,2025-02-16,2025-02-19,3
E01670,P03364,27,Female,Knee Osteoarthritis,Orthopedics,6,7.6,2025-07-13,2025-07-19,6
E01671,P01395,89,Female,Heart Failure,Cardiology,4,5.7,2025-08-12,2025-08-16,4
E01672,P00794,73,Female,Knee Osteoarthritis,Orthopedics,3,2.6,2025-08-25,2025-08-28,3
E01673,P00029,67,Female,Diabetes,General Medicine,1,3.7,2025-10-07,2025-10-08,1
E01674,P00149,29,Male,COPD,Pulmonology,4,0.9,2025-01-10,2025-01-14,4
E01675,P01320,77,Female,Knee Osteoarthritis,Orthopedics,2,10.0,2025-06-01,2025-06-03,2
E01676,P02059,43,Male,Diabetes,General Medicine,8,2.8,2025-12-10,2025-12-18,8
E01677,P02724,58,Male,COPD,Pulmonology,7,4.6,2025-04-14,2025-04-21,7
E01678,P01137,53,Female,Stroke,Neurology,10,4.4,2025-05-04,2025-05-14,10
E01679,P00187,40,Male,COPD,Pulmonology,8,2.3,2025-07-04,2025-07-12,8
E01680,P02855,60,Male,Pneumonia,Pulmonology,4,2.1,2025-10-17,2025-10-21,4
E01681,P02792,23,Male,Heart Failure,Cardiology,9,5.9,2025-02-10,2025-02-19,9
E01682,P01251,86,Female,COPD,Pulmonology,11,4.9,2025-01-11,2025-01-22,11
E01683,P01334,60,Male,Pneumonia,Pulmonology,2,6.4,2025-08-06,2025-08-08,2
E01684,P00098,42,Female,Pneumonia,Pulmonology,2,3.6,2025-01-01,2025-01-03,2
E01685,P00055,35,Male,Pneumonia,Pulmonology,11,3.9,2025-06-20,2025-07-01,11
E01686,P02671,79,Male,COPD,Pulmonology,9,3.1,2025-12-04,2025-12-13,9
E01687,P02712,30,Male,Diabetes,General Medicine,8,3.1,2025-10-09,2025-10-17,8
E01688,P00758,60,Male,Fracture,Orthopedics,15,4.9,2025-02-22,2025-03-09,15
E01689,P00406,45,Female,Diabetes,General Medicine,1,3.6,2025-05-05,2025-05-06,1
E01690,P02117,35,Male,Heart Failure,Cardiology,11,2.3,2025-06-24,2025-07-05,11
E01691,P03384,76,Male,Diabetes,General Medicine,6,4.2,2025-09-22,2025-09-28,6
E01692,P01313,77,Female,Low Back Pain,Orthopedics,5,6.8,2025-09-22,2025-09-27,5
E01693,P01786,80,Female,Diabetes,General Medicine,2,3.9,2025-07-18,2025-07-20,2
E01694,P00751,74,Female,Diabetes,General Medicine,3,6.0,2025-09-13,2025-09-16,3
E01695,P03220,68,Male,Diabetes,General Medicine,1,3.4,2025-06-21,2025-06-22,1
E01696,P01763,73,Female,Stroke,Neurology,8,5.6,2025-02-28,2025-03-08,8
E01697,P03316,44,Female,Heart Failure,Cardiology,9,6.6,2025-04-16,2025-04-25,9
E01698,P03006,49,Female,Low Back Pain,Orthopedics,1,8.5,2025-05-05,2025-05-06,1
E01699,P00365,26,Female,Diabetes,General Medicine,1,5.2,2025-01-16,2025-01-17,1
E01700,P02027,85,Female,Fracture,Orthopedics,10,6.0,2025-02-07,2025-02-17,10
E01701,P00482,63,Female,Heart Failure,Cardiology,13,3.8,2025-08-31,2025-09-13,13
E01702,P02249,84,Male,Knee Osteoarthritis,Orthopedics,2,4.5,2025-07-29,2025-07-31,2
E01703,P00154,43,Female,Stroke,Neurology,10,5.2,2025-11-11,2025-11-21,10
E01704,P01525,25,Male,COPD,Pulmonology,4,3.9,2025-10-12,2025-10-16,4
E01705,P02121,23,Female,Fracture,Orthopedics,15,6.5,2025-06-17,2025-07-02,15
E01706,P02761,41,Female,Diabetes,General Medicine,3,5.0,2025-09-21,2025-09-24,3
E01707,P02344,65,Female,Fracture,Orthopedics,4,4.7,2025-04-08,2025-04-12,4
E01708,P01041,62,Male,Low Back Pain,Orthopedics,1,9.0,2025-05-14,2025-05-15,1
E01709,P01665,30,Female,Stroke,Neurology,6,5.9,2025-12-31,2026-01-06,6
E01710,P01241,86,Female,Low Back Pain,Orthopedics,2,6.4,2025-06-30,2025-07-02,2
E01711,P00061,42,Female,COPD,Pulmonology,3,3.3,2025-08-10,2025-08-13,3
E01712,P00939,37,Female,COPD,Pulmonology,12,4.2,2025-12-30,2026-01-11,12
E01713,P01640,83,Male,Fracture,Orthopedics,13,8.8,2025-05-29,2025-06-11,13
E01714,P02090,62,Male,Stroke,Neurology,7,4.7,2025-09-01,2025-09-08,7
E01715,P00025,64,Male,Knee Osteoarthritis,Orthopedics,4,6.7,2025-11-09,2025-11-13,4
E01716,P01063,80,Male,Fracture,Orthopedics,3,6.5,2025-03-17,2025-03-20,3
E01717,P00131,72,Male,Heart Failure,Cardiology,10,6.2,2025-09-19,2025-09-29,10
E01718,P01253,36,Female,Stroke,Neurology,16,3.9,2025-08-19,2025-09-04,16
E01719,P00108,52,Female,Pneumonia,Pulmonology,5,3.5,2025-07-10,2025-07-15,5
E01720,P00172,70,Female,COPD,Pulmonology,6,5.7,2025-05-14,2025-05-20,6
E01721,P01459,43,Male,Knee Osteoarthritis,Orthopedics,7,6.7,2025-11-05,2025-11-12,7
E01722,P00102,31,Female,Fracture,Orthopedics,4,8.2,2025-09-09,2025-09-13,4
E01723,P02914,62,Male,COPD,Pulmonology,9,2.1,2025-09-02,2025-09-11,9
E01724,P02572,61,Female,Pneumonia,Pulmonology,12,3.2,2025-09-22,2025-10-04,12
E01725,P02323,82,Male,Knee Osteoarthritis,Orthopedics,2,8.7,2025-11-21,2025-11-23,2
E01726,P01637,68,Female,COPD,Pulmonology,12,2.5,2025-11-26,2025-12-08,12
E01727,P03116,60,Female,Pneumonia,Pulmonology,11,3.3,2025-12-09,2025-12-20,11
E01728,P02865,40,Female,Pneumonia,Pulmonology,6,3.9,2025-01-04,2025-01-10,6
E01729,P03005,73,Female,COPD,Pulmonology,3,2.0,2025-02-06,2025-02-09,3
E01730,P01041,36,Male,Fracture,Orthopedics,4,5.9,2025-03-12,2025-03-16,4
E01731,P00330,72,Female,COPD,Pulmonology,5,3.7,2025-09-19,2025-09-24,5
E01732,P01521,77,Female,Low Back Pain,Orthopedics,4,6.6,2025-08-25,2025-08-29,4
E01733,P00012,76,Female,Stroke,Neurology,15,6.4,2025-11-03,2025-11-18,15
E01734,P01342,50,Male,Stroke,Neurology,10,6.8,2025-12-21,2025-12-31,10
E01735,P00216,36,Female,Knee Osteoarthritis,Orthopedics,5,5.2,2025-06-27,2025-07-02,5
E01736,P00339,45,Female,Heart Failure,Cardiology,7,3.7,2025-04-06,2025-04-13,7
E01737,P01800,69,Female,COPD,Pulmonology,11,4.5,2025-08-15,2025-08-26,11
E01738,P02709,66,Female,Fracture,Orthopedics,10,8.8,2025-01-11,2025-01-21,10
E01739,P03153,54,Female,Low Back Pain,Orthopedics,5,7.6,2025-09-23,2025-09-28,5
E01740,P01751,43,Male,Stroke,Neurology,9,4.9,2025-07-08,2025-07-17,9
E01741,P01509,57,Male,Stroke,Neurology,15,5.5,2025-07-28,2025-08-12,15
E01742,P02422,55,Male,Fracture,Orthopedics,12,7.5,2025-01-13,2025-01-25,12
E01743,P03024,71,Female,Low Back Pain,Orthopedics,4,5.1,2025-06-11,2025-06-15,4
E01744,P00710,39,Male,Diabetes,General Medicine,2,3.8,2025-03-01,2025-03-03,2
E01745,P01224,33,Female,Low Back Pain,Orthopedics,1,8.7,2025-01-05,2025-01-06,1
E01746,P02514,45,Female,Fracture,Orthopedics,4,6.2,2025-07-21,2025-07-25,4
E01747,P01113,52,Female,Stroke,Neurology,3,4.7,2025-01-12,2025-01-15,3
E01748,P01292,77,Female,Heart Failure,Cardiology,9,3.1,2025-12-07,2025-12-16,9
E01749,P00489,62,Male,Diabetes,General Medicine,2,0.0,2025-08-28,2025-08-30,2
E01750,P01562,63,Male,Fracture,Orthopedics,11,6.5,2025-08-13,2025-08-24,11
E01751,P00047,89,Male,Fracture,Orthopedics,3,7.0,2025-07-01,2025-07-04,3
E01752,P03360,72,Female,Pneumonia,Pulmonology,8,2.7,2025-10-24,2025-11-01,8
E01753,P00778,43,Male,Low Back Pain,Orthopedics,2,4.8,2025-10-31,2025-11-02,2
E01754,P01040,42,Male,Pneumonia,Pulmonology,7,2.2,2025-11-03,2025-11-10,7
E01755,P00711,82,Female,Diabetes,General Medicine,5,4.6,2025-06-27,2025-07-02,5
E01756,P00401,23,Male,Diabetes,General Medicine,3,6.5,2025-04-28,2025-05-01,3
E01757,P01818,40,Female,Diabetes,General Medicine,5,5.6,2025-12-18,2025-12-23,5
E01758,P03029,81,Male,Knee Osteoarthritis,Orthopedics,1,4.5,2025-03-17,2025-03-18,1
E01759,P03158,60,Male,Low Back Pain,Orthopedics,2,7.8,2025-02-15,2025-02-17,2
E01760,P00250,40,Male,Fracture,Orthopedics,4,5.5,2025-08-15,2025-08-19,4
E01761,P00391,47,Female,COPD,Pulmonology,11,2.6,2025-12-22,2026-01-02,11
E01762,P00335,35,Male,Heart Failure,Cardiology,11,2.8,2025-10-21,2025-11-01,11
E01763,P00629,38,Male,Heart Failure,Cardiology,7,4.6,2025-08-28,2025-09-04,7
E01764,P00137,74,Male,Fracture,Orthopedics,13,7.9,2025-12-14,2025-12-27,13
E01765,P02931,40,Male,Pneumonia,Pulmonology,13,3.4,2025-05-21,2025-06-03,13
E01766,P02736,62,Female,Fracture,Orthopedics,3,6.4,2025-07-23,2025-07-26,3
E01767,P01522,61,Female,Pneumonia,Pulmonology,12,4.2,2025-05-30,2025-06-11,12
E01768,P00827,64,Male,COPD,Pulmonology,5,4.4,2025-05-10,2025-05-15,5
E01769,P00727,57,Male,Pneumonia,Pulmonology,13,5.3,2025-12-15,2025-12-28,13
E01770,P01501,68,Male,Low Back Pain,Orthopedics,2,4.6,2025-11-29,2025-12-01,2
E01771,P02642,59,Female,Stroke,Neurology,13,4.5,2025-09-26,2025-10-09,13
E01772,P03295,24,Male,Pneumonia,Pulmonology,6,1.9,2025-11-09,2025-11-15,6
E01773,P00990,67,Male,Diabetes,General Medicine,2,3.4,2025-05-17,2025-05-19,2
E01774,P02420,65,Female,Pneumonia,Pulmonology,3,3.2,2025-04-26,2025-04-29,3
E01775,P00935,23,Female,Diabetes,General Medicine,7,3.4,2025-12-17,2025-12-24,7
E01776,P03043,26,Female,Knee Osteoarthritis,Orthopedics,7,5.3,2025-06-10,2025-06-17,7
E01777,P00402,74,Male,Stroke,Neurology,9,2.3,2025-06-04,2025-06-13,9
E01778,P01467,48,Female,Stroke,Neurology,8,1.4,2025-06-22,2025-06-30,8
E01779,P00615,38,Female,COPD,Pulmonology,2,3.3,2025-05-10,2025-05-12,2
E01780,P01297,57,Male,Low Back Pain,Orthopedics,4,5.9,2025-03-20,2025-03-24,4
E01781,P01183,62,Female,Fracture,Orthopedics,15,5.5,2025-02-26,2025-03-13,15
E01782,P03224,66,Male,Low Back Pain,Orthopedics,4,8.5,2025-12-17,2025-12-21,4
E01783,P03043,37,Male,Heart Failure,Cardiology,4,2.2,2025-02-26,2025-03-02,4
E01784,P02668,34,Female,Knee Osteoarthritis,Orthopedics,1,8.6,2025-12-29,2025-12-30,1
E01785,P02236,45,Male,COPD,Pulmonology,11,5.9,2025-12-01,2025-12-12,11
E01786,P01122,58,Female,Low Back Pain,Orthopedics,1,3.6,2025-05-14,2025-05-15,1
E01787,P00131,83,Female,Diabetes,General Medicine,2,3.6,2025-01-14,2025-01-16,2
E01788,P02853,42,Female,Knee Osteoarthritis,Orthopedics,7,5.9,2025-10-10,2025-10-17,7
E01789,P01195,75,Male,Stroke,Neurology,11,0.1,2025-10-21,2025-11-01,11
E01790,P02984,58,Female,Fracture,Orthopedics,12,4.3,2025-05-27,2025-06-08,12
E01791,P03034,23,Male,Fracture,Orthopedics,14,7.7,2025-05-07,2025-05-21,14
E01792,P00183,55,Male,Diabetes,General Medicine,7,6.5,2025-09-17,2025-09-24,7
E01793,P03031,23,Male,COPD,Pulmonology,5,4.9,2025-11-10,2025-11-15,5
E01794,P00364,62,Female,COPD,Pulmonology,5,4.0,2025-08-06,2025-08-11,5
E01795,P00039,31,Male,Knee Osteoarthritis,Orthopedics,7,6.5,2025-08-21,2025-08-28,7
E01796,P02545,83,Male,Stroke,Neurology,3,7.0,2025-06-17,2025-06-20,3
E01797,P01373,57,Female,Low Back Pain,Orthopedics,2,9.7,2025-05-23,2025-05-25,2
E01798,P03030,20,Female,Diabetes,General Medicine,4,2.6,2025-09-17,2025-09-21,4
E01799,P00921,41,Male,Diabetes,General Medicine,1,0.5,2025-08-06,2025-08-07,1
E01800,P03469,36,Male,Stroke,Neurology,4,1.4,2025-11-04,2025-11-08,4
E01801,P02770,35,Female,Diabetes,General Medicine,7,5.5,2025-05-26,2025-06-02,7
E01802,P03233,81,Male,Fracture,Orthopedics,3,6.4,2025-04-09,2025-04-12,3
E01803,P00016,52,Male,Low Back Pain,Orthopedics,6,6.8,2025-07-01,2025-07-07,6
E01804,P00493,79,Male,Low Back Pain,Orthopedics,4,3.8,2025-06-18,2025-06-22,4
E01805,P01450,18,Male,Low Back Pain,Orthopedics,3,5.4,2025-08-21,2025-08-24,3
E01806,P01132,42,Female,Stroke,Neurology,3,4.1,2025-04-03,2025-04-06,3
E01807,P02942,62,Male,Pneumonia,Pulmonology,13,3.8,2025-04-27,2025-05-10,13
E01808,P00311,66,Female,Pneumonia,Pulmonology,6,2.9,2025-01-04,2025-01-10,6
E01809,P00739,33,Male,COPD,Pulmonology,11,1.9,2025-03-26,2025-04-06,11
E01810,P03242,36,Female,COPD,Pulmonology,5,2.3,2025-06-16,2025-06-21,5
E01811,P00546,40,Male,Fracture,Orthopedics,7,8.3,2025-01-07,2025-01-14,7
E01812,P02462,42,Female,Diabetes,General Medicine,1,3.9,2025-08-20,2025-08-21,1
E01813,P00251,33,Male,Low Back Pain,Orthopedics,1,7.4,2025-09-08,2025-09-09,1
E01814,P00759,71,Female,Diabetes,General Medicine,5,2.2,2025-03-26,2025-03-31,5
E01815,P01805,90,Male,Stroke,Neurology,8,0.1,2025-11-15,2025-11-23,8
E01816,P03213,18,Male,Diabetes,General Medicine,5,2.7,2025-07-12,2025-07-17,5
E01817,P01298,59,Female,Heart Failure,Cardiology,3,2.2,2025-05-03,2025-05-06,3
E01818,P03488,36,Female,Pneumonia,Pulmonology,10,4.0,2025-03-30,2025-04-09,10
E01819,P01632,51,Female,Diabetes,General Medicine,5,8.4,2025-04-05,2025-04-10,5
E01820,P01915,72,Female,Diabetes,General Medicine,3,4.5,2025-10-27,2025-10-30,3
E01821,P03111,35,Female,Knee Osteoarthritis,Orthopedics,3,10.0,2025-12-24,2025-12-27,3
E01822,P00814,51,Male,Fracture,Orthopedics,7,7.4,2025-02-14,2025-02-21,7
E01823,P00029,62,Female,Diabetes,General Medicine,2,2.6,2025-09-10,2025-09-12,2
E01824,P00958,23,Female,Heart Failure,Cardiology,10,4.0,2025-02-20,2025-03-02,10
E01825,P02033,38,Male,Pneumonia,Pulmonology,4,6.2,2025-03-06,2025-03-10,4
E01826,P00477,87,Female,Knee Osteoarthritis,Orthopedics,5,9.2,2025-02-23,2025-02-28,5
E01827,P00318,65,Female,Fracture,Orthopedics,15,5.6,2025-08-10,2025-08-25,15
E01828,P00245,56,Female,Stroke,Neurology,14,4.9,2025-03-13,2025-03-27,14
E01829,P00748,48,Male,COPD,Pulmonology,6,1.4,2025-06-17,2025-06-23,6
E01830,P00697,27,Female,Stroke,Neurology,4,5.7,2025-07-05,2025-07-09,4
E01831,P00272,47,Male,Pneumonia,Pulmonology,12,5.8,2025-05-23,2025-06-04,12
E01832,P01772,35,Male,COPD,Pulmonology,5,3.6,2025-01-19,2025-01-24,5
E01833,P01263,77,Female,Stroke,Neurology,13,3.5,2025-01-10,2025-01-23,13
E01834,P02425,90,Male,Fracture,Orthopedics,13,7.0,2025-09-29,2025-10-12,13
E01835,P00266,32,Female,Heart Failure,Cardiology,3,4.1,2025-06-20,2025-06-23,3
E01836,P02974,21,Female,Diabetes,General Medicine,5,3.6,2025-12-30,2026-01-04,5
E01837,P00921,80,Female,Pneumonia,Pulmonology,11,3.8,2025-01-16,2025-01-27,11
E01838,P03431,57,Female,COPD,Pulmonology,3,3.2,2025-03-21,2025-03-24,3
E01839,P00340,26,Female,Knee Osteoarthritis,Orthopedics,2,8.0,2025-10-11,2025-10-13,2
E01840,P00389,26,Male,Diabetes,General Medicine,7,4.6,2025-07-09,2025-07-16,7
E01841,P02625,43,Male,Stroke,Neurology,16,3.0,2025-05-28,2025-06-13,16
E01842,P02051,21,Male,Stroke,Neurology,11,3.0,2025-06-12,2025-06-23,11
E01843,P01166,33,Male,Knee Osteoarthritis,Orthopedics,2,6.1,2025-09-22,2025-09-24,2
E01844,P00376,32,Female,Heart Failure,Cardiology,7,4.6,2025-12-26,2026-01-02,7
E01845,P02034,69,Female,Fracture,Orthopedics,10,6.7,2025-05-18,2025-05-28,10
E01846,P02372,86,Male,Fracture,Orthopedics,11,5.5,2025-10-28,2025-11-08,11
E01847,P00146,22,Female,Knee Osteoarthritis,Orthopedics,7,6.9,2025-12-31,2026-01-07,7
E01848,P01982,37,Male,Pneumonia,Pulmonology,9,3.0,2025-01-30,2025-02-08,9
E01849,P00293,35,Male,Knee Osteoarthritis,Orthopedics,5,7.8,2025-10-31,2025-11-05,5
E01850,P00432,19,Male,Stroke,Neurology,7,5.0,2025-06-17,2025-06-24,7
E01851,P00705,30,Male,Heart Failure,Cardiology,7,3.0,2025-04-01,2025-04-08,7
E01852,P02997,21,Female,Heart Failure,Cardiology,2,3.8,2025-04-01,2025-04-03,2
E01853,P01999,59,Female,Low Back Pain,Orthopedics,5,8.5,2025-07-30,2025-08-04,5
E01854,P02633,78,Male,Knee Osteoarthritis,Orthopedics,3,5.6,2025-11-26,2025-11-29,3
E01855,P00399,25,Male,Pneumonia,Pulmonology,9,4.1,2025-10-27,2025-11-05,9
E01856,P02865,84,Male,Stroke,Neurology,4,4.4,2025-06-23,2025-06-27,4
E01857,P03416,80,Male,Diabetes,General Medicine,6,4.1,2025-05-14,2025-05-20,6
E01858,P00964,26,Male,Fracture,Orthopedics,16,5.5,2025-01-24,2025-02-09,16
E01859,P03212,28,Female,Fracture,Orthopedics,16,6.7,2025-07-20,2025-08-05,16
E01860,P02235,59,Male,Fracture,Orthopedics,11,8.2,2025-08-07,2025-08-18,11
E01861,P02042,30,Male,Heart Failure,Cardiology,14,2.1,2025-01-07,2025-01-21,14
E01862,P01829,53,Female,Fracture,Orthopedics,5,4.5,2025-01-06,2025-01-11,5
E01863,P02109,30,Female,Knee Osteoarthritis,Orthopedics,2,4.6,2025-04-28,2025-04-30,2
E01864,P00939,29,Female,Low Back Pain,Orthopedics,2,4.7,2025-06-10,2025-06-12,2
E01865,P03452,54,Female,Pneumonia,Pulmonology,6,4.4,2025-03-26,2025-04-01,6
E01866,P00710,90,Female,Pneumonia,Pulmonology,12,1.4,2025-09-05,2025-09-17,12
E01867,P00807,69,Female,COPD,Pulmonology,10,3.1,2025-06-15,2025-06-25,10
E01868,P01464,88,Female,Fracture,Orthopedics,8,7.4,2025-05-25,2025-06-02,8
E01869,P03391,19,Female,Stroke,Neurology,16,5.1,2025-01-31,2025-02-16,16
E01870,P01326,73,Female,Heart Failure,Cardiology,9,2.9,2025-08-08,2025-08-17,9
E01871,P03416,77,Male,Stroke,Neurology,10,4.8,2025-05-13,2025-05-23,10
E01872,P00011,40,Female,Fracture,Orthopedics,9,6.7,2025-03-05,2025-03-14,9
E01873,P01086,57,Male,Low Back Pain,Orthopedics,5,6.2,2025-03-17,2025-03-22,5
E01874,P01869,81,Male,Diabetes,General Medicine,2,3.2,2025-05-11,2025-05-13,2
E01875,P02274,40,Male,Fracture,Orthopedics,16,9.9,2025-11-08,2025-11-24,16
E01876,P03225,46,Male,Diabetes,General Medicine,7,4.7,2025-11-15,2025-11-22,7
E01877,P02612,68,Male,Diabetes,General Medicine,2,7.2,2025-12-27,2025-12-29,2
E01878,P00772,86,Male,Pneumonia,Pulmonology,11,2.8,2025-02-07,2025-02-18,11
E01879,P01595,48,Male,Heart Failure,Cardiology,6,3.4,2025-02-23,2025-03-01,6
E01880,P01608,67,Male,Fracture,Orthopedics,14,4.5,2025-05-10,2025-05-24,14
E01881,P01334,37,Female,Stroke,Neurology,9,3.3,2025-08-06,2025-08-15,9
E01882,P00885,72,Male,Stroke,Neurology,14,7.4,2025-01-02,2025-01-16,14
E01883,P03315,19,Male,Low Back Pain,Orthopedics,4,5.7,2025-09-03,2025-09-07,4
E01884,P01390,42,Male,Diabetes,General Medicine,7,6.4,2025-05-20,2025-05-27,7
E01885,P03402,30,Male,Heart Failure,Cardiology,12,1.6,2025-10-23,2025-11-04,12
E01886,P03179,87,Female,Heart Failure,Cardiology,14,1.9,2025-09-15,2025-09-29,14
E01887,P00226,84,Male,Low Back Pain,Orthopedics,2,6.0,2025-04-15,2025-04-17,2
E01888,P00825,75,Female,Knee Osteoarthritis,Orthopedics,7,6.4,2025-12-02,2025-12-09,7
E01889,P02266,81,Female,Heart Failure,Cardiology,7,4.9,2025-07-04,2025-07-11,7
E01890,P00937,86,Male,Heart Failure,Cardiology,8,4.2,2025-10-30,2025-11-07,8
E01891,P02801,76,Male,Stroke,Neurology,13,3.9,2025-09-01,2025-09-14,13
E01892,P02554,77,Female,Low Back Pain,Orthopedics,4,6.3,2025-06-13,2025-06-17,4
E01893,P02307,79,Male,Fracture,Orthopedics,3,6.0,2025-05-12,2025-05-15,3
E01894,P01912,33,Male,Heart Failure,Cardiology,9,2.1,2025-07-22,2025-07-31,9
E01895,P01797,85,Female,Heart Failure,Cardiology,9,2.2,2025-07-29,2025-08-07,9
E01896,P00054,32,Female,Stroke,Neurology,5,6.0,2025-12-13,2025-12-18,5
E01897,P03119,72,Male,Fracture,Orthopedics,5,3.8,2025-04-11,2025-04-16,5
E01898,P00727,52,Male,Fracture,Orthopedics,7,8.9,2025-09-28,2025-10-05,7
E01899,P02737,72,Male,Heart Failure,Cardiology,4,3.0,2025-02-18,2025-02-22,4
E01900,P01545,31,Female,Stroke,Neurology,16,3.3,2025-08-27,2025-09-12,16
E01901,P03171,66,Male,Knee Osteoarthritis,Orthopedics,5,7.6,2025-08-03,2025-08-08,5
E01902,P01044,24,Female,Pneumonia,Pulmonology,9,5.7,2025-10-18,2025-10-27,9
E01903,P01914,47,Female,COPD,Pulmonology,2,5.2,2025-12-16,2025-12-18,2
E01904,P01777,66,Male,Stroke,Neurology,4,5.3,2025-10-07,2025-10-11,4
E01905,P01597,33,Female,Stroke,Neurology,4,6.1,2025-11-12,2025-11-16,4
E01906,P01915,68,Male,Heart Failure,Cardiology,13,0.9,2025-03-18,2025-03-31,13
E01907,P02467,89,Male,Stroke,Neurology,6,3.7,2025-10-31,2025-11-06,6
E01908,P02738,59,Female,Low Back Pain,Orthopedics,1,5.1,2025-05-31,2025-06-01,1
E01909,P00850,34,Male,Diabetes,General Medicine,2,5.3,2025-10-24,2025-10-26,2
E01910,P02110,80,Female,Diabetes,General Medicine,4,2.9,2025-06-06,2025-06-10,4
E01911,P03217,62,Female,Knee Osteoarthritis,Orthopedics,6,7.8,2025-07-17,2025-07-23,6
E01912,P02264,24,Male,Fracture,Orthopedics,13,7.3,2025-10-14,2025-10-27,13
E01913,P00003,44,Male,Stroke,Neurology,15,3.2,2025-01-24,2025-02-08,15
E01914,P00160,27,Male,Fracture,Orthopedics,14,5.6,2025-01-09,2025-01-23,14
E01915,P00781,51,Male,Low Back Pain,Orthopedics,1,8.4,2025-05-12,2025-05-13,1
E01916,P03192,53,Female,Heart Failure,Cardiology,8,2.3,2025-03-18,2025-03-26,8
E01917,P00893,42,Female,Heart Failure,Cardiology,11,3.7,2025-08-14,2025-08-25,11
E01918,P02031,23,Female,COPD,Pulmonology,9,2.3,2025-05-11,2025-05-20,9
E01919,P03161,41,Male,Pneumonia,Pulmonology,2,3.0,2025-03-31,2025-04-02,2
E01920,P02377,35,Female,Knee Osteoarthritis,Orthopedics,5,6.4,2025-04-27,2025-05-02,5
E01921,P00580,23,Female,Low Back Pain,Orthopedics,5,5.3,2025-04-20,2025-04-25,5
E01922,P01934,46,Male,Fracture,Orthopedics,11,5.1,2025-12-20,2025-12-31,11
E01923,P01381,42,Male,Low Back Pain,Orthopedics,4,6.9,2025-09-28,2025-10-02,4
E01924,P01291,72,Male,COPD,Pulmonology,5,2.2,2025-08-15,2025-08-20,5
E01925,P01641,63,Female,COPD,Pulmonology,3,2.3,2025-09-01,2025-09-04,3
E01926,P00952,41,Male,Heart Failure,Cardiology,7,2.1,2025-11-04,2025-11-11,7
E01927,P03395,43,Female,Fracture,Orthopedics,4,6.4,2025-02-24,2025-02-28,4
E01928,P02683,45,Female,Pneumonia,Pulmonology,4,4.9,2025-02-06,2025-02-10,4
E01929,P00988,20,Female,Heart Failure,Cardiology,9,5.8,2025-02-24,2025-03-05,9
E01930,P01219,55,Female,Pneumonia,Pulmonology,4,2.4,2025-01-12,2025-01-16,4
E01931,P00921,78,Female,Diabetes,General Medicine,2,6.7,2025-07-04,2025-07-06,2
E01932,P02786,68,Male,Low Back Pain,Orthopedics,6,5.0,2025-08-25,2025-08-31,6
E01933,P01356,65,Female,COPD,Pulmonology,4,5.1,2025-10-20,2025-10-24,4
E01934,P00170,38,Male,Diabetes,General Medicine,8,2.4,2025-07-23,2025-07-31,8
E01935,P00521,71,Female,Fracture,Orthopedics,3,5.2,2025-07-30,2025-08-02,3
E01936,P01487,73,Female,Heart Failure,Cardiology,13,2.4,2025-08-14,2025-08-27,13
E01937,P00040,76,Male,Knee Osteoarthritis,Orthopedics,6,6.4,2025-01-07,2025-01-13,6
E01938,P01561,89,Female,Stroke,Neurology,16,5.4,2025-08-08,2025-08-24,16
E01939,P03333,68,Female,Knee Osteoarthritis,Orthopedics,3,7.5,2025-11-07,2025-11-10,3
E01940,P01419,37,Male,Knee Osteoarthritis,Orthopedics,6,5.1,2025-01-28,2025-02-03,6
E01941,P00955,76,Male,Stroke,Neurology,5,3.0,2025-10-20,2025-10-25,5
E01942,P03298,88,Female,Low Back Pain,Orthopedics,1,5.1,2025-07-31,2025-08-01,1
E01943,P00984,26,Female,Diabetes,General Medicine,7,3.3,2025-07-08,2025-07-15,7
E01944,P03196,18,Female,Diabetes,General Medicine,6,3.2,2025-03-16,2025-03-22,6
E01945,P00975,46,Male,Low Back Pain,Orthopedics,5,5.1,2025-08-30,2025-09-04,5
E01946,P00038,80,Female,Stroke,Neurology,4,4.9,2025-04-24,2025-04-28,4
E01947,P02376,89,Male,Pneumonia,Pulmonology,10,6.9,2025-06-16,2025-06-26,10
E01948,P01275,73,Male,Knee Osteoarthritis,Orthopedics,5,5.7,2025-04-16,2025-04-21,5
E01949,P01200,85,Female,Heart Failure,Cardiology,8,2.8,2025-05-31,2025-06-08,8
E01950,P01626,52,Male,Diabetes,General Medicine,1,4.3,2025-03-25,2025-03-26,1
E01951,P00914,20,Female,Low Back Pain,Orthopedics,4,5.7,2025-07-31,2025-08-04,4
E01952,P00454,24,Female,Heart Failure,Cardiology,10,4.5,2025-09-24,2025-10-04,10
E01953,P00037,44,Male,COPD,Pulmonology,2,2.4,2025-11-18,2025-11-20,2
E01954,P03388,18,Male,Stroke,Neurology,14,7.2,2025-09-26,2025-10-10,14
E01955,P01712,88,Male,Heart Failure,Cardiology,7,4.0,2025-06-26,2025-07-03,7
E01956,P03021,61,Male,Fracture,Orthopedics,4,5.6,2025-09-28,2025-10-02,4
E01957,P00796,58,Male,Heart Failure,Cardiology,9,2.6,2025-11-08,2025-11-17,9
E01958,P00973,59,Male,Fracture,Orthopedics,7,5.7,2025-07-01,2025-07-08,7
E01959,P00593,50,Female,Knee Osteoarthritis,Orthopedics,7,8.6,2025-06-08,2025-06-15,7
E01960,P01138,67,Female,Stroke,Neurology,5,2.6,2025-07-08,2025-07-13,5
E01961,P03112,80,Female,Heart Failure,Cardiology,3,2.5,2025-07-05,2025-07-08,3
E01962,P01325,54,Male,Diabetes,General Medicine,8,2.7,2025-11-05,2025-11-13,8
E01963,P02272,76,Male,Stroke,Neurology,9,4.5,2025-09-03,2025-09-12,9
E01964,P00318,65,Male,Diabetes,General Medicine,1,3.1,2025-11-13,2025-11-14,1
E01965,P02397,22,Female,Low Back Pain,Orthopedics,3,4.3,2025-02-11,2025-02-14,3
E01966,P02163,65,Female,Low Back Pain,Orthopedics,4,5.9,2025-10-12,2025-10-16,4
E01967,P02746,20,Male,COPD,Pulmonology,3,3.4,2025-10-27,2025-10-30,3
E01968,P01347,64,Male,Pneumonia,Pulmonology,3,2.6,2025-12-28,2025-12-31,3
E01969,P01592,79,Male,Low Back Pain,Orthopedics,2,7.5,2025-10-21,2025-10-23,2
E01970,P03112,31,Male,Heart Failure,Cardiology,12,4.9,2025-06-30,2025-07-12,12
E01971,P01890,80,Female,Stroke,Neurology,14,4.4,2025-12-31,2026-01-14,14
E01972,P02088,78,Female,Low Back Pain,Orthopedics,6,6.8,2025-07-01,2025-07-07,6
E01973,P01997,48,Female,Diabetes,General Medicine,7,0.3,2025-12-06,2025-12-13,7
E01974,P01773,34,Male,Heart Failure,Cardiology,13,2.9,2025-08-06,2025-08-19,13
E01975,P01313,41,Female,Low Back Pain,Orthopedics,6,8.0,2025-06-12,2025-06-18,6
E01976,P01286,40,Male,Fracture,Orthopedics,4,5.9,2025-02-15,2025-02-19,4
E01977,P00216,67,Male,Fracture,Orthopedics,6,5.4,2025-04-02,2025-04-08,6
E01978,P03219,87,Male,Knee Osteoarthritis,Orthopedics,3,9.9,2025-04-15,2025-04-18,3
E01979,P02384,44,Female,Diabetes,General Medicine,3,6.2,2025-07-26,2025-07-29,3
E01980,P03240,32,Female,COPD,Pulmonology,5,4.2,2025-11-24,2025-11-29,5
E01981,P02140,67,Male,COPD,Pulmonology,6,5.2,2025-05-19,2025-05-25,6
E01982,P02401,53,Female,COPD,Pulmonology,8,0.2,2025-01-29,2025-02-06,8
E01983,P02619,25,Male,Diabetes,General Medicine,6,2.3,2025-09-08,2025-09-14,6
E01984,P02864,20,Male,COPD,Pulmonology,10,2.8,2025-07-10,2025-07-20,10
E01985,P01705,79,Male,Pneumonia,Pulmonology,12,3.1,2025-02-16,2025-02-28,12
E01986,P02829,64,Female,Knee Osteoarthritis,Orthopedics,2,5.8,2025-09-08,2025-09-10,2
E01987,P00363,78,Female,Pneumonia,Pulmonology,9,0.0,2025-09-20,2025-09-29,9
E01988,P02605,49,Male,Fracture,Orthopedics,5,7.1,2025-03-05,2025-03-10,5
E01989,P03417,30,Female,Low Back Pain,Orthopedics,1,7.3,2025-12-04,2025-12-05,1
E01990,P01717,18,Female,Knee Osteoarthritis,Orthopedics,2,8.9,2025-11-16,2025-11-18,2
E01991,P01194,51,Female,Diabetes,General Medicine,4,2.3,2025-12-14,2025-12-18,4
E01992,P00356,79,Female,Pneumonia,Pulmonology,5,2.2,2025-09-25,2025-09-30,5
E01993,P00191,88,Male,Heart Failure,Cardiology,4,0.0,2025-01-12,2025-01-16,4
E01994,P02470,48,Female,Knee Osteoarthritis,Orthopedics,2,6.1,2025-10-19,2025-10-21,2
E01995,P00700,81,Male,Diabetes,General Medicine,6,4.9,2025-01-29,2025-02-04,6
E01996,P02055,42,Male,Stroke,Neurology,12,3.6,2025-05-19,2025-05-31,12
E01997,P02181,55,Female,Knee Osteoarthritis,Orthopedics,5,9.7,2025-03-26,2025-03-31,5
E01998,P00557,31,Male,Knee Osteoarthritis,Orthopedics,1,6.1,2025-03-15,2025-03-16,1
E01999,P00826,25,Male,Low Back Pain,Orthopedics,4,6.7,2025-09-08,2025-09-12,4
E02000,P02809,71,Female,Heart Failure,Cardiology,4,1.5,2025-08-12,2025-08-16,4
E02001,P01055,19,Male,Low Back Pain,Orthopedics,2,6.9,2025-02-16,2025-02-18,2
E02002,P02583,73,Male,COPD,Pulmonology,5,0.5,2025-03-22,2025-03-27,5
E02003,P00426,78,Female,Knee Osteoarthritis,Orthopedics,3,7.5,2025-05-01,2025-05-04,3
E02004,P03466,39,Female,Fracture,Orthopedics,14,7.6,2025-02-12,2025-02-26,14
E02005,P02720,52,Female,Knee Osteoarthritis,Orthopedics,3,8.5,2025-05-26,2025-05-29,3
E02006,P02411,33,Female,COPD,Pulmonology,10,2.0,2025-03-15,2025-03-25,10
E02007,P01575,67,Female,Heart Failure,Cardiology,5,3.7,2025-02-22,2025-02-27,5
E02008,P02130,60,Male,Heart Failure,Cardiology,10,4.3,2025-08-21,2025-08-31,10
E02009,P02404,34,Male,Fracture,Orthopedics,14,7.2,2025-10-22,2025-11-05,14
E02010,P03330,75,Female,Fracture,Orthopedics,12,5.2,2025-12-29,2026-01-10,12
E02011,P00589,19,Female,Pneumonia,Pulmonology,6,0.0,2025-07-19,2025-07-25,6
E02012,P02013,21,Male,Diabetes,General Medicine,7,4.0,2025-06-11,2025-06-18,7
E02013,P01548,56,Female,Diabetes,General Medicine,6,3.3,2025-02-06,2025-02-12,6
E02014,P00295,23,Female,Pneumonia,Pulmonology,6,2.6,2025-04-07,2025-04-13,6
E02015,P01986,86,Male,Diabetes,General Medicine,1,4.6,2025-02-18,2025-02-19,1
E02016,P01248,86,Male,Knee Osteoarthritis,Orthopedics,2,6.4,2025-01-10,2025-01-12,2
E02017,P01549,37,Male,Pneumonia,Pulmonology,12,1.5,2025-02-09,2025-02-21,12
E02018,P03118,81,Female,Pneumonia,Pulmonology,6,0.6,2025-06-02,2025-06-08,6
E02019,P01691,33,Male,Diabetes,General Medicine,6,1.8,2025-04-16,2025-04-22,6
E02020,P01137,68,Female,Stroke,Neurology,9,8.1,2025-02-10,2025-02-19,9
E02021,P01257,54,Male,Fracture,Orthopedics,4,7.6,2025-06-13,2025-06-17,4
E02022,P02065,90,Female,Diabetes,General Medicine,2,3.8,2025-09-15,2025-09-17,2
E02023,P00360,86,Female,Low Back Pain,Orthopedics,1,6.2,2025-07-30,2025-07-31,1
E02024,P03295,59,Female,Stroke,Neurology,8,4.1,2025-07-21,2025-07-29,8
E02025,P02914,74,Male,Pneumonia,Pulmonology,3,5.3,2025-07-14,2025-07-17,3
E02026,P00700,83,Male,Stroke,Neurology,4,3.8,2025-02-22,2025-02-26,4
E02027,P00448,26,Male,Knee Osteoarthritis,Orthopedics,3,7.4,2025-05-27,2025-05-30,3
E02028,P02904,81,Female,Heart Failure,Cardiology,2,3.0,2025-10-09,2025-10-11,2
E02029,P02413,39,Male,Stroke,Neurology,11,7.4,2025-11-06,2025-11-17,11
E02030,P00675,51,Male,Low Back Pain,Orthopedics,6,7.6,2025-08-31,2025-09-06,6
E02031,P01008,72,Female,Heart Failure,Cardiology,11,5.4,2025-02-20,2025-03-03,11
E02032,P01350,46,Female,Knee Osteoarthritis,Orthopedics,3,5.6,2025-04-24,2025-04-27,3
E02033,P02515,55,Male,Low Back Pain,Orthopedics,4,8.1,2025-09-30,2025-10-04,4
E02034,P02462,35,Male,COPD,Pulmonology,6,3.0,2025-04-30,2025-05-06,6
E02035,P00586,88,Male,Heart Failure,Cardiology,8,3.7,2025-07-08,2025-07-16,8
E02036,P01257,82,Female,COPD,Pulmonology,2,6.0,2025-02-15,2025-02-17,2
E02037,P01248,18,Male,Knee Osteoarthritis,Orthopedics,3,4.9,2025-08-31,2025-09-03,3
E02038,P00994,21,Female,Heart Failure,Cardiology,4,3.8,2025-11-07,2025-11-11,4
E02039,P01436,21,Female,Heart Failure,Cardiology,3,4.2,2025-02-19,2025-02-22,3
E02040,P00572,44,Male,Diabetes,General Medicine,8,4.3,2025-11-27,2025-12-05,8
E02041,P02383,60,Male,Low Back Pain,Orthopedics,5,5.8,2025-01-11,2025-01-16,5
E02042,P01246,76,Female,Fracture,Orthopedics,3,9.6,2025-02-17,2025-02-20,3
E02043,P02085,49,Female,Low Back Pain,Orthopedics,4,4.6,2025-02-25,2025-03-01,4
E02044,P00989,50,Male,Stroke,Neurology,4,6.7,2025-01-08,2025-01-12,4
E02045,P00278,45,Male,COPD,Pulmonology,2,5.3,2025-01-14,2025-01-16,2
E02046,P01220,72,Male,COPD,Pulmonology,7,6.4,2025-08-03,2025-08-10,7
E02047,P02964,77,Female,Low Back Pain,Orthopedics,1,4.1,2025-09-02,2025-09-03,1
E02048,P01888,87,Female,Low Back Pain,Orthopedics,3,5.2,2025-02-23,2025-02-26,3
E02049,P00484,79,Male,Heart Failure,Cardiology,8,5.7,2025-09-30,2025-10-08,8
E02050,P01266,51,Female,COPD,Pulmonology,6,0.7,2025-05-11,2025-05-17,6
E02051,P03396,73,Female,Pneumonia,Pulmonology,13,1.1,2025-01-09,2025-01-22,13
E02052,P00731,30,Male,Fracture,Orthopedics,15,5.8,2025-07-31,2025-08-15,15
E02053,P02240,73,Female,Diabetes,General Medicine,3,3.8,2025-05-02,2025-05-05,3
E02054,P01041,35,Male,Fracture,Orthopedics,14,8.9,2025-04-24,2025-05-08,14
E02055,P02572,71,Male,Stroke,Neurology,14,4.2,2025-01-20,2025-02-03,14
E02056,P00918,60,Female,Fracture,Orthopedics,10,5.6,2025-12-05,2025-12-15,10
E02057,P02449,56,Female,Diabetes,General Medicine,2,4.0,2025-01-21,2025-01-23,2
E02058,P00886,78,Male,Stroke,Neurology,6,5.2,2025-07-27,2025-08-02,6
E02059,P02753,59,Female,Knee Osteoarthritis,Orthopedics,1,7.2,2025-02-02,2025-02-03,1
E02060,P00022,35,Male,Heart Failure,Cardiology,6,3.2,2025-05-13,2025-05-19,6
E02061,P00474,40,Female,Low Back Pain,Orthopedics,6,3.6,2025-07-10,2025-07-16,6
E02062,P03192,71,Female,Low Back Pain,Orthopedics,6,5.1,2025-01-26,2025-02-01,6
E02063,P02258,47,Female,Pneumonia,Pulmonology,6,5.6,2025-12-30,2026-01-05,6
E02064,P02354,75,Male,Fracture,Orthopedics,12,6.8,2025-03-30,2025-04-11,12
E02065,P03342,85,Female,COPD,Pulmonology,12,3.0,2025-04-02,2025-04-14,12
E02066,P00704,84,Male,COPD,Pulmonology,8,5.2,2025-02-02,2025-02-10,8
E02067,P00687,88,Male,Diabetes,General Medicine,7,1.8,2025-08-26,2025-09-02,7
E02068,P00285,35,Male,Diabetes,General Medicine,1,3.2,2025-01-18,2025-01-19,1
E02069,P00716,24,Female,Diabetes,General Medicine,2,3.7,2025-10-01,2025-10-03,2
E02070,P00763,57,Male,COPD,Pulmonology,8,2.8,2025-10-16,2025-10-24,8
E02071,P01251,87,Male,Low Back Pain,Orthopedics,4,6.7,2025-01-27,2025-01-31,4
E02072,P00948,82,Female,COPD,Pulmonology,7,3.2,2025-11-01,2025-11-08,7
E02073,P02429,85,Male,Diabetes,General Medicine,3,1.4,2025-04-18,2025-04-21,3
E02074,P02508,66,Male,Heart Failure,Cardiology,13,3.8,2025-08-14,2025-08-27,13
E02075,P01031,69,Female,Stroke,Neurology,12,2.5,2025-11-20,2025-12-02,12
E02076,P00029,46,Male,Low Back Pain,Orthopedics,3,6.7,2025-12-21,2025-12-24,3
E02077,P00907,38,Female,Heart Failure,Cardiology,8,5.6,2025-01-19,2025-01-27,8
E02078,P03105,26,Male,Knee Osteoarthritis,Orthopedics,3,6.1,2025-08-11,2025-08-14,3
E02079,P02927,64,Male,Fracture,Orthopedics,5,4.7,2025-10-08,2025-10-13,5
E02080,P02127,59,Female,Heart Failure,Cardiology,12,3.3,2025-04-14,2025-04-26,12
E02081,P02995,68,Male,Fracture,Orthopedics,9,5.3,2025-11-28,2025-12-07,9
E02082,P02507,73,Male,Heart Failure,Cardiology,13,4.4,2025-11-28,2025-12-11,13
E02083,P00570,68,Male,Knee Osteoarthritis,Orthopedics,3,6.3,2025-12-28,2025-12-31,3
E02084,P02007,87,Female,Heart Failure,Cardiology,13,6.1,2025-10-16,2025-10-29,13
E02085,P01454,37,Female,Stroke,Neurology,13,6.2,2025-02-06,2025-02-19,13
E02086,P00738,44,Female,Low Back Pain,Orthopedics,3,6.3,2025-12-14,2025-12-17,3
E02087,P03357,55,Female,Fracture,Orthopedics,4,7.6,2025-09-01,2025-09-05,4
E02088,P00516,89,Female,Pneumonia,Pulmonology,13,2.9,2025-02-12,2025-02-25,13
E02089,P02001,82,Male,COPD,Pulmonology,7,3.6,2025-05-06,2025-05-13,7
E02090,P03171,71,Female,Knee Osteoarthritis,Orthopedics,4,6.0,2025-01-09,2025-01-13,4
E02091,P02445,41,Female,Fracture,Orthopedics,10,7.6,2025-01-14,2025-01-24,10
E02092,P00039,64,Female,Low Back Pain,Orthopedics,5,8.6,2025-05-11,2025-05-16,5
E02093,P03343,88,Male,Diabetes,General Medicine,7,4.7,2025-11-21,2025-11-28,7
E02094,P00887,80,Male,Fracture,Orthopedics,16,7.9,2025-07-03,2025-07-19,16
E02095,P02845,74,Female,Stroke,Neurology,4,5.9,2025-10-09,2025-10-13,4
E02096,P02205,72,Male,Pneumonia,Pulmonology,5,4.3,2025-02-22,2025-02-27,5
E02097,P01099,77,Male,Stroke,Neurology,4,2.8,2025-02-10,2025-02-14,4
E02098,P02932,79,Male,Fracture,Orthopedics,16,9.1,2025-12-04,2025-12-20,16
E02099,P01824,47,Male,Stroke,Neurology,4,7.2,2025-12-24,2025-12-28,4
E02100,P03202,39,Female,Diabetes,General Medicine,2,3.1,2025-01-21,2025-01-23,2
E02101,P01711,46,Female,Pneumonia,Pulmonology,2,2.9,2025-10-22,2025-10-24,2
E02102,P00974,58,Male,COPD,Pulmonology,5,4.4,2025-07-27,2025-08-01,5
E02103,P03156,59,Male,Stroke,Neurology,4,5.3,2025-05-31,2025-06-04,4
E02104,P03094,82,Male,Diabetes,General Medicine,1,3.2,2025-03-10,2025-03-11,1
E02105,P01563,48,Male,Knee Osteoarthritis,Orthopedics,1,4.6,2025-11-27,2025-11-28,1
E02106,P02897,47,Female,Diabetes,General Medicine,8,4.0,2025-11-14,2025-11-22,8
E02107,P03454,35,Male,Heart Failure,Cardiology,12,4.3,2025-10-28,2025-11-09,12
E02108,P02796,34,Female,Fracture,Orthopedics,13,7.6,2025-01-27,2025-02-09,13
E02109,P00989,55,Male,Low Back Pain,Orthopedics,6,7.0,2025-04-26,2025-05-02,6
E02110,P00021,31,Female,Fracture,Orthopedics,14,6.1,2025-05-22,2025-06-05,14
E02111,P02351,73,Male,Fracture,Orthopedics,5,8.0,2025-02-10,2025-02-15,5
E02112,P00869,39,Female,Diabetes,General Medicine,6,3.6,2025-04-16,2025-04-22,6
E02113,P00084,84,Female,Diabetes,General Medicine,4,2.8,2025-03-15,2025-03-19,4
E02114,P01683,73,Female,Diabetes,General Medicine,6,3.2,2025-03-01,2025-03-07,6
E02115,P01977,36,Male,Fracture,Orthopedics,9,3.9,2025-10-25,2025-11-03,9
E02116,P01411,74,Female,COPD,Pulmonology,2,3.2,2025-05-02,2025-05-04,2
E02117,P01531,61,Male,Stroke,Neurology,11,5.5,2025-07-22,2025-08-02,11
E02118,P03329,52,Female,COPD,Pulmonology,5,4.0,2025-01-11,2025-01-16,5
E02119,P00570,18,Female,Pneumonia,Pulmonology,7,5.8,2025-05-27,2025-06-03,7
E02120,P00934,69,Male,Diabetes,General Medicine,6,3.1,2025-08-04,2025-08-10,6
E02121,P03234,87,Female,Diabetes,General Medicine,3,4.2,2025-11-17,2025-11-20,3
E02122,P01981,54,Male,Heart Failure,Cardiology,4,4.7,2025-10-30,2025-11-03,4
E02123,P03235,82,Male,Heart Failure,Cardiology,5,7.0,2025-01-14,2025-01-19,5
E02124,P01856,68,Male,Knee Osteoarthritis,Orthopedics,5,6.7,2025-03-08,2025-03-13,5
E02125,P03057,18,Male,Knee Osteoarthritis,Orthopedics,3,4.9,2025-06-29,2025-07-02,3
E02126,P00793,38,Female,Heart Failure,Cardiology,11,4.8,2025-12-31,2026-01-11,11
E02127,P00792,70,Female,Pneumonia,Pulmonology,4,6.3,2025-08-30,2025-09-03,4
E02128,P01810,33,Male,Knee Osteoarthritis,Orthopedics,5,6.0,2025-06-09,2025-06-14,5
E02129,P01295,78,Female,Low Back Pain,Orthopedics,6,7.8,2025-01-10,2025-01-16,6
E02130,P02540,71,Female,Low Back Pain,Orthopedics,1,8.3,2025-05-04,2025-05-05,1
E02131,P02256,57,Male,Pneumonia,Pulmonology,9,5.0,2025-09-30,2025-10-09,9
E02132,P01608,43,Female,Heart Failure,Cardiology,9,3.7,2025-08-29,2025-09-07,9
E02133,P01084,82,Male,Knee Osteoarthritis,Orthopedics,1,5.5,2025-05-23,2025-05-24,1
E02134,P02478,81,Female,Diabetes,General Medicine,6,3.4,2025-12-19,2025-12-25,6
E02135,P00985,60,Female,Heart Failure,Cardiology,2,4.2,2025-06-16,2025-06-18,2
E02136,P01681,34,Male,Knee Osteoarthritis,Orthopedics,3,7.9,2025-02-26,2025-03-01,3
E02137,P03381,76,Female,Pneumonia,Pulmonology,2,4.0,2025-05-18,2025-05-20,2
E02138,P00520,40,Female,Low Back Pain,Orthopedics,5,5.9,2025-11-23,2025-11-28,5
E02139,P00591,24,Male,Fracture,Orthopedics,7,7.3,2025-12-19,2025-12-26,7
E02140,P01051,61,Female,Pneumonia,Pulmonology,4,4.8,2025-01-17,2025-01-21,4
E02141,P01710,70,Male,Fracture,Orthopedics,16,7.1,2025-11-28,2025-12-14,16
E02142,P02036,88,Female,Knee Osteoarthritis,Orthopedics,2,5.2,2025-09-30,2025-10-02,2
E02143,P02247,51,Male,Pneumonia,Pulmonology,4,3.2,2025-11-30,2025-12-04,4
E02144,P02435,63,Male,Knee Osteoarthritis,Orthopedics,1,7.9,2025-01-03,2025-01-04,1
E02145,P00349,85,Male,Knee Osteoarthritis,Orthopedics,3,4.4,2025-08-31,2025-09-03,3
E02146,P00960,33,Male,Fracture,Orthopedics,10,3.4,2025-04-18,2025-04-28,10
E02147,P01964,88,Male,Pneumonia,Pulmonology,4,5.8,2025-02-20,2025-02-24,4
E02148,P00693,36,Female,Stroke,Neurology,13,5.3,2025-12-16,2025-12-29,13
E02149,P01560,19,Female,Diabetes,General Medicine,2,4.4,2025-06-23,2025-06-25,2
E02150,P00378,27,Male,Heart Failure,Cardiology,6,1.9,2025-04-26,2025-05-02,6
E02151,P02947,67,Female,Low Back Pain,Orthopedics,4,7.6,2025-07-02,2025-07-06,4
E02152,P02964,29,Male,Diabetes,General Medicine,4,3.9,2025-12-27,2025-12-31,4
E02153,P00527,87,Female,Heart Failure,Cardiology,14,1.1,2025-12-21,2026-01-04,14
E02154,P03225,39,Female,Heart Failure,Cardiology,13,5.6,2025-06-03,2025-06-16,13
E02155,P02782,49,Male,Low Back Pain,Orthopedics,1,6.7,2025-09-04,2025-09-05,1
E02156,P02254,18,Male,Diabetes,General Medicine,4,2.9,2025-03-17,2025-03-21,4
E02157,P02503,71,Female,Low Back Pain,Orthopedics,1,5.9,2025-09-01,2025-09-02,1
E02158,P03345,75,Female,Knee Osteoarthritis,Orthopedics,5,3.5,2025-03-22,2025-03-27,5
E02159,P01260,87,Male,Low Back Pain,Orthopedics,4,7.4,2025-08-17,2025-08-21,4
E02160,P01876,35,Female,Fracture,Orthopedics,6,6.9,2025-03-13,2025-03-19,6
E02161,P01764,23,Female,Fracture,Orthopedics,8,6.2,2025-08-06,2025-08-14,8
E02162,P00521,62,Male,Pneumonia,Pulmonology,8,5.4,2025-08-31,2025-09-08,8
E02163,P01702,40,Female,Stroke,Neurology,11,2.4,2025-11-10,2025-11-21,11
E02164,P01017,40,Male,Stroke,Neurology,3,3.6,2025-03-19,2025-03-22,3
E02165,P03004,43,Male,Stroke,Neurology,13,3.2,2025-06-07,2025-06-20,13
E02166,P02774,24,Male,Diabetes,General Medicine,2,3.1,2025-02-17,2025-02-19,2
E02167,P01014,61,Female,Fracture,Orthopedics,6,6.6,2025-11-08,2025-11-14,6
E02168,P02549,44,Female,Diabetes,General Medicine,6,4.1,2025-10-25,2025-10-31,6
E02169,P00117,43,Male,Knee Osteoarthritis,Orthopedics,2,6.0,2025-01-24,2025-01-26,2
E02170,P02434,53,Male,COPD,Pulmonology,8,2.2,2025-04-20,2025-04-28,8
E02171,P01368,72,Female,Stroke,Neurology,9,7.0,2025-02-21,2025-03-02,9
E02172,P00584,81,Female,Knee Osteoarthritis,Orthopedics,6,10.0,2025-10-17,2025-10-23,6
E02173,P00395,74,Female,Fracture,Orthopedics,12,6.7,2025-09-16,2025-09-28,12
E02174,P01088,86,Male,COPD,Pulmonology,9,2.4,2025-11-20,2025-11-29,9
E02175,P02769,78,Male,Stroke,Neurology,10,6.7,2025-05-19,2025-05-29,10
E02176,P00072,19,Female,Diabetes,General Medicine,8,1.3,2025-11-02,2025-11-10,8
E02177,P00274,72,Female,COPD,Pulmonology,9,3.0,2025-12-04,2025-12-13,9
E02178,P02014,55,Female,Pneumonia,Pulmonology,7,2.5,2025-10-02,2025-10-09,7
E02179,P01344,46,Male,Pneumonia,Pulmonology,10,1.8,2025-02-13,2025-02-23,10
E02180,P00338,43,Male,Pneumonia,Pulmonology,4,3.1,2025-09-16,2025-09-20,4
E02181,P01390,52,Female,Low Back Pain,Orthopedics,6,5.2,2025-04-23,2025-04-29,6
E02182,P00607,84,Female,Pneumonia,Pulmonology,6,3.5,2025-08-15,2025-08-21,6
E02183,P00166,46,Male,Heart Failure,Cardiology,9,3.5,2025-03-06,2025-03-15,9
E02184,P01568,51,Male,Stroke,Neurology,6,3.6,2025-06-12,2025-06-18,6
E02185,P02059,58,Female,Pneumonia,Pulmonology,5,2.9,2025-06-13,2025-06-18,5
E02186,P01325,58,Female,COPD,Pulmonology,11,3.2,2025-06-15,2025-06-26,11
E02187,P00729,40,Female,Fracture,Orthopedics,13,7.7,2025-02-08,2025-02-21,13
E02188,P02849,88,Male,Heart Failure,Cardiology,11,3.3,2025-06-02,2025-06-13,11
E02189,P02044,20,Female,Heart Failure,Cardiology,14,4.7,2025-11-16,2025-11-30,14
E02190,P00102,75,Male,Heart Failure,Cardiology,6,4.4,2025-12-26,2026-01-01,6
E02191,P03497,49,Male,Knee Osteoarthritis,Orthopedics,3,7.4,2025-09-26,2025-09-29,3
E02192,P01416,48,Female,COPD,Pulmonology,7,5.6,2025-11-20,2025-11-27,7
E02193,P00779,60,Female,Knee Osteoarthritis,Orthopedics,7,4.8,2025-11-22,2025-11-29,7
E02194,P00214,24,Male,Heart Failure,Cardiology,12,2.8,2025-03-16,2025-03-28,12
E02195,P01112,18,Female,Low Back Pain,Orthopedics,4,9.1,2025-09-14,2025-09-18,4
E02196,P01577,78,Male,Pneumonia,Pulmonology,3,3.1,2025-07-19,2025-07-22,3
E02197,P02449,31,Female,Fracture,Orthopedics,14,2.3,2025-04-08,2025-04-22,14
E02198,P02636,69,Female,Stroke,Neurology,14,4.2,2025-04-14,2025-04-28,14
E02199,P02937,23,Female,COPD,Pulmonology,3,3.7,2025-06-13,2025-06-16,3
E02200,P03118,27,Female,Low Back Pain,Orthopedics,4,2.6,2025-04-23,2025-04-27,4
E02201,P01696,88,Male,Diabetes,General Medicine,8,5.5,2025-04-13,2025-04-21,8
E02202,P00592,47,Male,Knee Osteoarthritis,Orthopedics,3,5.4,2025-02-06,2025-02-09,3
E02203,P01334,38,Male,Pneumonia,Pulmonology,3,4.0,2025-04-16,2025-04-19,3
E02204,P01110,77,Female,Pneumonia,Pulmonology,2,3.2,2025-07-06,2025-07-08,2
E02205,P02140,80,Male,Diabetes,General Medicine,6,1.6,2025-12-30,2026-01-05,6
E02206,P02721,59,Male,Diabetes,General Medicine,8,1.9,2025-01-21,2025-01-29,8
E02207,P00714,68,Male,COPD,Pulmonology,6,2.1,2025-05-28,2025-06-03,6
E02208,P00936,81,Female,Pneumonia,Pulmonology,11,5.1,2025-05-09,2025-05-20,11
E02209,P01952,73,Male,Diabetes,General Medicine,1,3.3,2025-07-06,2025-07-07,1
E02210,P00242,58,Female,Pneumonia,Pulmonology,10,2.7,2025-10-11,2025-10-21,10
E02211,P02044,49,Female,Low Back Pain,Orthopedics,4,5.1,2025-07-18,2025-07-22,4
E02212,P00002,32,Male,COPD,Pulmonology,9,5.3,2025-08-23,2025-09-01,9
E02213,P02273,79,Female,Fracture,Orthopedics,15,8.7,2025-04-18,2025-05-03,15
E02214,P02849,44,Male,Diabetes,General Medicine,4,5.3,2025-01-09,2025-01-13,4
E02215,P01769,45,Male,Low Back Pain,Orthopedics,5,7.2,2025-08-14,2025-08-19,5
E02216,P01950,81,Male,Low Back Pain,Orthopedics,2,6.9,2025-07-28,2025-07-30,2
E02217,P02637,76,Male,Diabetes,General Medicine,8,1.7,2025-09-02,2025-09-10,8
E02218,P02164,75,Male,COPD,Pulmonology,8,3.1,2025-10-15,2025-10-23,8
E02219,P00918,19,Female,Pneumonia,Pulmonology,12,2.5,2025-03-07,2025-03-19,12
E02220,P03175,53,Male,Fracture,Orthopedics,13,3.8,2025-12-22,2026-01-04,13
E02221,P02242,88,Female,Heart Failure,Cardiology,8,5.1,2025-06-02,2025-06-10,8
E02222,P03238,30,Male,Pneumonia,Pulmonology,2,2.5,2025-07-10,2025-07-12,2
E02223,P02919,32,Male,Stroke,Neurology,8,6.3,2025-08-06,2025-08-14,8
E02224,P00090,77,Male,Diabetes,General Medicine,5,4.8,2025-06-03,2025-06-08,5
E02225,P01710,39,Female,Knee Osteoarthritis,Orthopedics,4,7.3,2025-10-04,2025-10-08,4
E02226,P02170,80,Female,COPD,Pulmonology,11,4.4,2025-03-23,2025-04-03,11
E02227,P00143,42,Female,Diabetes,General Medicine,2,2.6,2025-08-09,2025-08-11,2
E02228,P03042,65,Female,Stroke,Neurology,12,7.3,2025-10-07,2025-10-19,12
E02229,P00106,60,Male,Low Back Pain,Orthopedics,3,6.6,2025-04-21,2025-04-24,3
E02230,P00887,55,Male,Knee Osteoarthritis,Orthopedics,4,7.0,2025-04-02,2025-04-06,4
E02231,P00428,58,Female,Knee Osteoarthritis,Orthopedics,2,5.5,2025-01-12,2025-01-14,2
E02232,P01329,62,Female,Pneumonia,Pulmonology,11,2.1,2025-05-19,2025-05-30,11
E02233,P01896,57,Female,Heart Failure,Cardiology,8,4.2,2025-06-04,2025-06-12,8
E02234,P01995,34,Male,Pneumonia,Pulmonology,10,3.8,2025-01-23,2025-02-02,10
E02235,P00317,74,Female,COPD,Pulmonology,6,2.3,2025-08-08,2025-08-14,6
E02236,P01987,19,Female,Knee Osteoarthritis,Orthopedics,5,4.3,2025-12-14,2025-12-19,5
E02237,P00635,79,Male,Fracture,Orthopedics,16,4.6,2025-08-25,2025-09-10,16
E02238,P01926,26,Female,Fracture,Orthopedics,9,8.3,2025-09-10,2025-09-19,9
E02239,P02057,85,Male,Knee Osteoarthritis,Orthopedics,7,5.6,2025-07-02,2025-07-09,7
E02240,P02822,34,Male,Fracture,Orthopedics,11,6.0,2025-07-17,2025-07-28,11
E02241,P03145,67,Male,Fracture,Orthopedics,5,8.7,2025-06-19,2025-06-24,5
E02242,P03431,57,Male,Heart Failure,Cardiology,2,1.8,2025-05-03,2025-05-05,2
E02243,P02271,75,Male,COPD,Pulmonology,3,2.4,2025-02-03,2025-02-06,3
E02244,P01440,38,Female,Diabetes,General Medicine,4,2.3,2025-11-09,2025-11-13,4
E02245,P00553,35,Female,Heart Failure,Cardiology,7,5.9,2025-01-03,2025-01-10,7
E02246,P03442,72,Male,Low Back Pain,Orthopedics,6,9.5,2025-01-06,2025-01-12,6
E02247,P00716,46,Male,Pneumonia,Pulmonology,11,4.6,2025-10-31,2025-11-11,11
E02248,P01288,41,Female,Fracture,Orthopedics,12,7.7,2025-04-12,2025-04-24,12
E02249,P01714,34,Female,Diabetes,General Medicine,4,2.6,2025-07-11,2025-07-15,4
E02250,P01884,35,Male,Pneumonia,Pulmonology,10,6.4,2025-01-13,2025-01-23,10
E02251,P03390,59,Female,Fracture,Orthopedics,5,6.9,2025-02-05,2025-02-10,5
E02252,P01108,62,Female,Heart Failure,Cardiology,11,4.8,2025-03-11,2025-03-22,11
E02253,P01342,34,Male,Diabetes,General Medicine,2,3.3,2025-10-16,2025-10-18,2
E02254,P00111,90,Female,Heart Failure,Cardiology,12,3.1,2025-04-15,2025-04-27,12
E02255,P00251,31,Female,Low Back Pain,Orthopedics,1,9.0,2025-07-23,2025-07-24,1
E02256,P02431,66,Female,Stroke,Neurology,4,5.3,2025-11-09,2025-11-13,4
E02257,P02055,46,Female,Knee Osteoarthritis,Orthopedics,3,8.7,2025-02-24,2025-02-27,3
E02258,P00459,21,Male,COPD,Pulmonology,8,3.9,2025-04-17,2025-04-25,8
E02259,P01108,37,Female,Diabetes,General Medicine,2,2.2,2025-05-21,2025-05-23,2
E02260,P00208,64,Male,Knee Osteoarthritis,Orthopedics,5,5.6,2025-08-13,2025-08-18,5
E02261,P00900,26,Female,Stroke,Neurology,7,4.7,2025-11-03,2025-11-10,7
E02262,P03462,44,Male,Diabetes,General Medicine,2,2.6,2025-12-14,2025-12-16,2
E02263,P03386,32,Male,Knee Osteoarthritis,Orthopedics,7,4.8,2025-11-05,2025-11-12,7
E02264,P00022,36,Female,Knee Osteoarthritis,Orthopedics,2,8.3,2025-02-05,2025-02-07,2
E02265,P00410,69,Male,Diabetes,General Medicine,8,2.7,2025-05-13,2025-05-21,8
E02266,P00895,43,Male,Knee Osteoarthritis,Orthopedics,5,6.7,2025-01-25,2025-01-30,5
E02267,P00515,43,Male,Knee Osteoarthritis,Orthopedics,7,6.9,2025-12-03,2025-12-10,7
E02268,P03199,43,Male,Diabetes,General Medicine,8,2.6,2025-02-06,2025-02-14,8
E02269,P00809,63,Male,COPD,Pulmonology,11,5.7,2025-01-19,2025-01-30,11
E02270,P00874,66,Female,Knee Osteoarthritis,Orthopedics,7,4.8,2025-02-04,2025-02-11,7
E02271,P00014,70,Male,Knee Osteoarthritis,Orthopedics,1,6.9,2025-12-29,2025-12-30,1
E02272,P00971,20,Male,COPD,Pulmonology,2,3.9,2025-11-06,2025-11-08,2
E02273,P03026,83,Female,Pneumonia,Pulmonology,13,3.4,2025-01-06,2025-01-19,13
E02274,P03062,59,Female,Low Back Pain,Orthopedics,1,4.6,2025-07-18,2025-07-19,1
E02275,P03084,36,Male,Pneumonia,Pulmonology,11,4.8,2025-02-03,2025-02-14,11
E02276,P02135,34,Female,Fracture,Orthopedics,4,7.6,2025-02-25,2025-03-01,4
E02277,P02957,50,Female,Stroke,Neurology,13,3.5,2025-09-13,2025-09-26,13
E02278,P01561,66,Female,Pneumonia,Pulmonology,7,4.6,2025-07-30,2025-08-06,7
E02279,P01325,73,Female,Pneumonia,Pulmonology,2,4.1,2025-04-07,2025-04-09,2
E02280,P01267,80,Female,Stroke,Neurology,7,2.6,2025-10-09,2025-10-16,7
E02281,P02170,20,Female,Knee Osteoarthritis,Orthopedics,7,5.2,2025-08-29,2025-09-05,7
E02282,P03219,66,Male,Knee Osteoarthritis,Orthopedics,5,8.2,2025-06-19,2025-06-24,5
E02283,P00750,72,Male,Pneumonia,Pulmonology,5,4.0,2025-12-13,2025-12-18,5
E02284,P03428,43,Female,Stroke,Neurology,13,3.7,2025-10-21,2025-11-03,13
E02285,P00685,89,Female,Knee Osteoarthritis,Orthopedics,5,5.2,2025-08-15,2025-08-20,5
E02286,P01928,69,Male,Heart Failure,Cardiology,13,2.7,2025-11-11,2025-11-24,13
E02287,P02357,24,Female,Diabetes,General Medicine,1,2.8,2025-05-07,2025-05-08,1
E02288,P00695,63,Male,Diabetes,General Medicine,3,2.2,2025-10-07,2025-10-10,3
E02289,P02336,63,Female,Low Back Pain,Orthopedics,3,3.9,2025-01-21,2025-01-24,3
E02290,P00307,33,Male,Diabetes,General Medicine,6,5.2,2025-11-12,2025-11-18,6
E02291,P01990,41,Male,Pneumonia,Pulmonology,8,5.0,2025-09-03,2025-09-11,8
E02292,P02962,78,Female,Diabetes,General Medicine,8,1.6,2025-03-31,2025-04-08,8
E02293,P00662,71,Female,Diabetes,General Medicine,7,3.7,2025-01-06,2025-01-13,7
E02294,P00549,79,Female,Heart Failure,Cardiology,3,2.1,2025-09-23,2025-09-26,3
E02295,P03424,18,Female,Knee Osteoarthritis,Orthopedics,7,6.1,2025-04-07,2025-04-14,7
E02296,P00312,66,Male,Heart Failure,Cardiology,8,3.0,2025-05-30,2025-06-07,8
E02297,P02921,42,Female,Pneumonia,Pulmonology,7,2.9,2025-03-21,2025-03-28,7
E02298,P01083,27,Male,Diabetes,General Medicine,1,6.5,2025-01-17,2025-01-18,1
E02299,P02972,33,Female,COPD,Pulmonology,9,2.8,2025-05-18,2025-05-27,9
E02300,P01738,75,Male,Knee Osteoarthritis,Orthopedics,6,5.3,2025-05-20,2025-05-26,6
E02301,P00755,89,Female,Low Back Pain,Orthopedics,3,5.4,2025-12-05,2025-12-08,3
E02302,P00035,46,Female,Low Back Pain,Orthopedics,6,8.1,2025-02-09,2025-02-15,6
E02303,P00445,23,Male,Fracture,Orthopedics,6,4.0,2025-06-17,2025-06-23,6
E02304,P02141,33,Female,Fracture,Orthopedics,16,5.4,2025-03-15,2025-03-31,16
E02305,P01983,37,Female,Diabetes,General Medicine,5,5.7,2025-03-15,2025-03-20,5
E02306,P01231,88,Female,Diabetes,General Medicine,1,3.9,2025-02-19,2025-02-20,1
E02307,P00353,60,Female,Low Back Pain,Orthopedics,1,6.8,2025-01-10,2025-01-11,1
E02308,P00903,43,Female,Low Back Pain,Orthopedics,3,9.7,2025-04-13,2025-04-16,3
E02309,P01356,88,Male,COPD,Pulmonology,7,3.9,2025-12-16,2025-12-23,7
E02310,P02910,50,Female,Pneumonia,Pulmonology,9,2.4,2025-10-26,2025-11-04,9
E02311,P01749,43,Male,Diabetes,General Medicine,3,3.1,2025-12-05,2025-12-08,3
E02312,P00159,62,Female,Low Back Pain,Orthopedics,3,4.8,2025-04-14,2025-04-17,3
E02313,P01978,80,Female,COPD,Pulmonology,5,5.4,2025-10-17,2025-10-22,5
E02314,P00957,84,Male,Stroke,Neurology,4,5.4,2025-10-07,2025-10-11,4
E02315,P02072,69,Male,Low Back Pain,Orthopedics,3,8.2,2025-05-22,2025-05-25,3
E02316,P00404,85,Male,Knee Osteoarthritis,Orthopedics,2,8.3,2025-10-24,2025-10-26,2
E02317,P02853,43,Male,Knee Osteoarthritis,Orthopedics,2,5.9,2025-06-19,2025-06-21,2
E02318,P00516,19,Male,Stroke,Neurology,3,3.1,2025-01-13,2025-01-16,3
E02319,P02780,31,Female,Fracture,Orthopedics,7,6.4,2025-06-06,2025-06-13,7
E02320,P01388,47,Male,Pneumonia,Pulmonology,7,2.2,2025-06-23,2025-06-30,7
E02321,P03454,66,Male,Fracture,Orthopedics,6,6.7,2025-06-11,2025-06-17,6
E02322,P02580,29,Female,Diabetes,General Medicine,4,5.2,2025-05-12,2025-05-16,4
E02323,P00956,61,Female,Fracture,Orthopedics,7,6.2,2025-01-28,2025-02-04,7
E02324,P02200,50,Male,Diabetes,General Medicine,6,3.7,2025-03-24,2025-03-30,6
E02325,P01713,30,Male,Low Back Pain,Orthopedics,5,6.4,2025-12-29,2026-01-03,5
E02326,P02995,43,Male,Knee Osteoarthritis,Orthopedics,6,7.7,2025-09-26,2025-10-02,6
E02327,P00608,38,Female,Pneumonia,Pulmonology,10,2.5,2025-09-08,2025-09-18,10
E02328,P02468,45,Male,Pneumonia,Pulmonology,9,0.2,2025-04-16,2025-04-25,9
E02329,P01274,65,Female,Pneumonia,Pulmonology,10,4.2,2025-09-18,2025-09-28,10
E02330,P03189,57,Female,Low Back Pain,Orthopedics,5,8.0,2025-12-19,2025-12-24,5
E02331,P02914,83,Female,Diabetes,General Medicine,6,4.2,2025-01-14,2025-01-20,6
E02332,P01536,90,Female,Pneumonia,Pulmonology,4,2.5,2025-03-21,2025-03-25,4
E02333,P02626,40,Male,Low Back Pain,Orthopedics,6,4.8,2025-06-09,2025-06-15,6
E02334,P02383,65,Female,Low Back Pain,Orthopedics,3,7.2,2025-06-27,2025-06-30,3
E02335,P01442,19,Female,Stroke,Neurology,3,4.7,2025-06-04,2025-06-07,3
E02336,P02980,37,Male,Heart Failure,Cardiology,11,3.3,2025-02-04,2025-02-15,11
E02337,P01798,76,Female,Fracture,Orthopedics,15,9.2,2025-09-16,2025-10-01,15
E02338,P00295,63,Male,Pneumonia,Pulmonology,7,2.1,2025-09-17,2025-09-24,7
E02339,P00755,20,Female,Heart Failure,Cardiology,5,6.2,2025-05-15,2025-05-20,5
E02340,P01395,72,Male,Diabetes,General Medicine,3,3.5,2025-05-11,2025-05-14,3
E02341,P00186,29,Female,Low Back Pain,Orthopedics,6,3.7,2025-03-22,2025-03-28,6
E02342,P01270,57,Female,COPD,Pulmonology,9,3.2,2025-02-28,2025-03-09,9
E02343,P00637,83,Male,Fracture,Orthopedics,4,7.9,2025-03-15,2025-03-19,4
E02344,P01292,33,Female,Fracture,Orthopedics,13,6.0,2025-08-27,2025-09-09,13
E02345,P03309,51,Female,Pneumonia,Pulmonology,3,1.3,2025-05-09,2025-05-12,3
E02346,P00530,61,Male,COPD,Pulmonology,8,3.3,2025-11-11,2025-11-19,8
E02347,P02069,23,Female,Knee Osteoarthritis,Orthopedics,5,5.2,2025-05-18,2025-05-23,5
E02348,P02959,81,Female,Diabetes,General Medicine,7,4.2,2025-04-13,2025-04-20,7
E02349,P02915,39,Male,Stroke,Neurology,7,5.7,2025-01-09,2025-01-16,7
E02350,P00794,35,Male,Stroke,Neurology,15,2.9,2025-08-20,2025-09-04,15
E02351,P02148,29,Male,Heart Failure,Cardiology,2,2.4,2025-04-09,2025-04-11,2
E02352,P02800,69,Male,Low Back Pain,Orthopedics,2,7.6,2025-08-06,2025-08-08,2
E02353,P00478,68,Male,Heart Failure,Cardiology,7,2.2,2025-08-25,2025-09-01,7
E02354,P01623,88,Female,Knee Osteoarthritis,Orthopedics,4,4.9,2025-08-10,2025-08-14,4
E02355,P03370,65,Male,Knee Osteoarthritis,Orthopedics,4,4.7,2025-06-17,2025-06-21,4
E02356,P00940,36,Female,Fracture,Orthopedics,15,7.0,2025-03-03,2025-03-18,15
E02357,P00526,23,Male,Stroke,Neurology,10,5.0,2025-11-14,2025-11-24,10
E02358,P02382,44,Female,COPD,Pulmonology,12,2.5,2025-01-10,2025-01-22,12
E02359,P00002,70,Female,Pneumonia,Pulmonology,3,3.5,2025-08-22,2025-08-25,3
E02360,P00375,65,Male,Stroke,Neurology,4,6.8,2025-03-28,2025-04-01,4
E02361,P02341,24,Female,Stroke,Neurology,4,3.0,2025-09-24,2025-09-28,4
E02362,P02885,76,Female,COPD,Pulmonology,4,0.6,2025-07-23,2025-07-27,4
E02363,P03053,86,Male,Fracture,Orthopedics,8,7.2,2025-11-14,2025-11-22,8
E02364,P00553,28,Male,Fracture,Orthopedics,3,6.3,2025-11-29,2025-12-02,3
E02365,P02366,32,Male,COPD,Pulmonology,12,2.4,2025-12-26,2026-01-07,12
E02366,P01526,81,Male,Knee Osteoarthritis,Orthopedics,2,7.5,2025-08-29,2025-08-31,2
E02367,P01852,20,Female,COPD,Pulmonology,11,4.8,2025-02-25,2025-03-08,11
E02368,P00381,86,Female,Heart Failure,Cardiology,3,0.2,2025-04-20,2025-04-23,3
E02369,P01647,40,Female,Knee Osteoarthritis,Orthopedics,6,5.5,2025-02-18,2025-02-24,6
E02370,P00014,70,Female,COPD,Pulmonology,2,7.0,2025-08-31,2025-09-02,2
E02371,P00504,54,Female,Low Back Pain,Orthopedics,3,7.4,2025-01-16,2025-01-19,3
E02372,P02279,26,Female,Knee Osteoarthritis,Orthopedics,2,7.5,2025-03-14,2025-03-16,2
E02373,P02009,32,Male,Knee Osteoarthritis,Orthopedics,7,8.3,2025-07-21,2025-07-28,7
E02374,P03156,20,Female,Stroke,Neurology,15,4.5,2025-04-03,2025-04-18,15
E02375,P00130,87,Female,Pneumonia,Pulmonology,2,4.7,2025-05-17,2025-05-19,2
E02376,P00838,34,Female,Stroke,Neurology,9,5.6,2025-02-02,2025-02-11,9
E02377,P03217,43,Male,Diabetes,General Medicine,5,4.3,2025-03-29,2025-04-03,5
E02378,P02939,38,Male,Knee Osteoarthritis,Orthopedics,1,6.0,2025-07-22,2025-07-23,1
E02379,P02041,89,Male,COPD,Pulmonology,3,3.8,2025-02-08,2025-02-11,3
E02380,P00028,38,Male,COPD,Pulmonology,2,2.6,2025-04-24,2025-04-26,2
E02381,P02114,28,Female,COPD,Pulmonology,10,3.5,2025-11-29,2025-12-09,10
E02382,P03235,55,Female,Knee Osteoarthritis,Orthopedics,2,4.7,2025-09-04,2025-09-06,2
E02383,P01253,89,Female,COPD,Pulmonology,7,2.3,2025-12-09,2025-12-16,7
E02384,P00261,52,Male,Diabetes,General Medicine,7,3.1,2025-07-27,2025-08-03,7
E02385,P02047,31,Female,Knee Osteoarthritis,Orthopedics,5,5.1,2025-11-08,2025-11-13,5
E02386,P01473,31,Female,COPD,Pulmonology,9,2.7,2025-10-24,2025-11-02,9
E02387,P01448,27,Female,Knee Osteoarthritis,Orthopedics,6,6.3,2025-12-26,2026-01-01,6
E02388,P00460,29,Male,Low Back Pain,Orthopedics,5,7.1,2025-07-30,2025-08-04,5
E02389,P00301,55,Male,Knee Osteoarthritis,Orthopedics,4,7.9,2025-12-21,2025-12-25,4
E02390,P02967,51,Male,Diabetes,General Medicine,7,2.8,2025-02-28,2025-03-07,7
E02391,P03375,58,Female,Stroke,Neurology,15,6.5,2025-06-05,2025-06-20,15
E02392,P02335,27,Female,Knee Osteoarthritis,Orthopedics,5,7.9,2025-05-02,2025-05-07,5
E02393,P03467,34,Female,Pneumonia,Pulmonology,2,4.3,2025-04-30,2025-05-02,2
E02394,P03082,34,Female,Diabetes,General Medicine,4,3.7,2025-10-24,2025-10-28,4
E02395,P00630,84,Male,Heart Failure,Cardiology,3,4.0,2025-11-18,2025-11-21,3
E02396,P00270,79,Female,Low Back Pain,Orthopedics,2,8.3,2025-03-03,2025-03-05,2
E02397,P02640,18,Male,Diabetes,General Medicine,3,5.3,2025-06-07,2025-06-10,3
E02398,P01994,29,Female,Stroke,Neurology,14,6.5,2025-02-09,2025-02-23,14
E02399,P01629,21,Male,COPD,Pulmonology,2,3.6,2025-08-30,2025-09-01,2
E02400,P01802,59,Female,COPD,Pulmonology,12,4.3,2025-02-09,2025-02-21,12
E02401,P02892,30,Female,Diabetes,General Medicine,3,5.5,2025-12-24,2025-12-27,3
E02402,P00862,21,Male,Heart Failure,Cardiology,3,2.6,2025-07-09,2025-07-12,3
E02403,P03433,86,Male,COPD,Pulmonology,2,3.0,2025-08-22,2025-08-24,2
E02404,P01281,36,Female,Low Back Pain,Orthopedics,4,6.5,2025-01-15,2025-01-19,4
E02405,P02181,19,Female,Pneumonia,Pulmonology,4,4.8,2025-05-04,2025-05-08,4
E02406,P03348,29,Female,Heart Failure,Cardiology,2,4.9,2025-08-16,2025-08-18,2
E02407,P01800,23,Male,Fracture,Orthopedics,4,6.2,2025-10-07,2025-10-11,4
E02408,P01707,25,Female,Fracture,Orthopedics,5,4.2,2025-02-17,2025-02-22,5
E02409,P03020,68,Male,Diabetes,General Medicine,3,3.9,2025-07-08,2025-07-11,3
E02410,P02561,28,Female,Heart Failure,Cardiology,7,2.1,2025-10-31,2025-11-07,7
E02411,P02361,80,Female,COPD,Pulmonology,11,1.3,2025-02-16,2025-02-27,11
E02412,P00576,74,Female,COPD,Pulmonology,9,1.6,2025-07-03,2025-07-12,9
E02413,P02934,29,Female,Diabetes,General Medicine,6,4.0,2025-04-15,2025-04-21,6
E02414,P02004,90,Male,COPD,Pulmonology,3,5.5,2025-09-04,2025-09-07,3
E02415,P01308,19,Male,COPD,Pulmonology,3,3.6,2025-09-21,2025-09-24,3
E02416,P03193,25,Female,Pneumonia,Pulmonology,8,3.8,2025-07-25,2025-08-02,8
E02417,P03179,28,Female,Pneumonia,Pulmonology,2,5.3,2025-01-18,2025-01-20,2
E02418,P01957,70,Female,Stroke,Neurology,3,2.2,2025-12-30,2026-01-02,3
E02419,P02735,27,Male,Pneumonia,Pulmonology,8,4.3,2025-09-08,2025-09-16,8
E02420,P02021,25,Female,Knee Osteoarthritis,Orthopedics,1,6.5,2025-08-26,2025-08-27,1
E02421,P03276,53,Male,Heart Failure,Cardiology,6,4.3,2025-12-06,2025-12-12,6
E02422,P02213,31,Male,Heart Failure,Cardiology,12,2.8,2025-11-17,2025-11-29,12
E02423,P02353,71,Male,Diabetes,General Medicine,1,2.3,2025-12-31,2026-01-01,1
E02424,P01656,38,Male,Pneumonia,Pulmonology,6,3.7,2025-10-29,2025-11-04,6
E02425,P01580,67,Female,Stroke,Neurology,13,7.0,2025-03-07,2025-03-20,13
E02426,P01848,56,Female,COPD,Pulmonology,2,4.8,2025-12-02,2025-12-04,2
E02427,P02204,37,Male,Stroke,Neurology,12,3.7,2025-05-30,2025-06-11,12
E02428,P01391,24,Female,Stroke,Neurology,14,2.5,2025-07-12,2025-07-26,14
E02429,P01743,26,Female,Low Back Pain,Orthopedics,1,4.0,2025-05-27,2025-05-28,1
E02430,P01926,18,Female,COPD,Pulmonology,5,5.5,2025-07-02,2025-07-07,5
E02431,P00620,43,Male,Knee Osteoarthritis,Orthopedics,1,5.1,2025-04-16,2025-04-17,1
E02432,P01275,55,Female,Pneumonia,Pulmonology,3,3.0,2025-08-24,2025-08-27,3
E02433,P00957,55,Female,COPD,Pulmonology,8,5.5,2025-05-06,2025-05-14,8
E02434,P01940,78,Female,Stroke,Neurology,14,2.1,2025-06-28,2025-07-12,14
E02435,P02382,61,Female,COPD,Pulmonology,3,5.7,2025-01-13,2025-01-16,3
E02436,P00969,61,Female,Knee Osteoarthritis,Orthopedics,4,6.1,2025-08-19,2025-08-23,4
E02437,P02559,79,Female,Heart Failure,Cardiology,5,1.8,2025-01-28,2025-02-02,5
E02438,P01317,23,Female,Diabetes,General Medicine,6,3.1,2025-11-19,2025-11-25,6
E02439,P01044,34,Female,Pneumonia,Pulmonology,3,2.4,2025-09-18,2025-09-21,3
E02440,P00282,68,Female,Pneumonia,Pulmonology,3,4.2,2025-04-10,2025-04-13,3
E02441,P02845,55,Female,Low Back Pain,Orthopedics,2,5.5,2025-07-07,2025-07-09,2
E02442,P03073,41,Male,Heart Failure,Cardiology,4,0.6,2025-12-03,2025-12-07,4
E02443,P02167,68,Female,Pneumonia,Pulmonology,6,3.2,2025-10-27,2025-11-02,6
E02444,P01059,27,Male,Low Back Pain,Orthopedics,1,4.5,2025-04-29,2025-04-30,1
E02445,P00198,89,Female,Low Back Pain,Orthopedics,6,6.8,2025-02-15,2025-02-21,6
E02446,P02533,38,Male,Low Back Pain,Orthopedics,4,4.7,2025-03-09,2025-03-13,4
E02447,P01083,87,Male,Fracture,Orthopedics,16,5.8,2025-11-01,2025-11-17,16
E02448,P02885,74,Female,Pneumonia,Pulmonology,10,3.8,2025-06-20,2025-06-30,10
E02449,P01185,56,Male,Pneumonia,Pulmonology,11,3.2,2025-12-24,2026-01-04,11
E02450,P01009,50,Male,Pneumonia,Pulmonology,6,3.9,2025-07-15,2025-07-21,6
E02451,P02739,76,Male,Knee Osteoarthritis,Orthopedics,3,7.5,2025-11-29,2025-12-02,3
E02452,P01230,35,Female,Low Back Pain,Orthopedics,6,4.8,2025-01-20,2025-01-26,6
E02453,P01036,73,Male,Knee Osteoarthritis,Orthopedics,2,6.4,2025-04-21,2025-04-23,2
E02454,P00490,74,Male,Diabetes,General Medicine,4,0.0,2025-05-26,2025-05-30,4
E02455,P00276,65,Female,Pneumonia,Pulmonology,9,3.9,2025-07-11,2025-07-20,9
E02456,P02741,59,Male,Fracture,Orthopedics,5,6.0,2025-08-17,2025-08-22,5
E02457,P02290,44,Male,COPD,Pulmonology,3,2.0,2025-01-12,2025-01-15,3
E02458,P01240,69,Male,Heart Failure,Cardiology,4,4.0,2025-08-05,2025-08-09,4
E02459,P01275,59,Female,Fracture,Orthopedics,16,8.3,2025-03-20,2025-04-05,16
E02460,P00126,49,Male,Stroke,Neurology,11,3.8,2025-02-05,2025-02-16,11
E02461,P00217,43,Female,Diabetes,General Medicine,8,2.1,2025-09-21,2025-09-29,8
E02462,P03378,42,Male,COPD,Pulmonology,7,3.7,2025-01-28,2025-02-04,7
E02463,P01209,40,Male,Stroke,Neurology,12,2.5,2025-03-27,2025-04-08,12
E02464,P03111,74,Male,Stroke,Neurology,14,3.5,2025-07-07,2025-07-21,14
E02465,P01247,69,Male,Pneumonia,Pulmonology,5,5.3,2025-11-01,2025-11-06,5
E02466,P03256,48,Female,Heart Failure,Cardiology,11,3.6,2025-09-11,2025-09-22,11
E02467,P02543,81,Male,Stroke,Neurology,5,1.7,2025-03-21,2025-03-26,5
E02468,P02475,88,Female,Low Back Pain,Orthopedics,5,3.8,2025-07-05,2025-07-10,5
E02469,P03250,50,Male,COPD,Pulmonology,3,3.7,2025-01-05,2025-01-08,3
E02470,P00919,19,Female,Fracture,Orthopedics,16,7.8,2025-02-15,2025-03-03,16
E02471,P03500,35,Male,Fracture,Orthopedics,6,4.1,2025-12-20,2025-12-26,6
E02472,P01318,64,Male,Stroke,Neurology,11,5.2,2025-04-12,2025-04-23,11
E02473,P02199,50,Female,Diabetes,General Medicine,4,5.5,2025-01-02,2025-01-06,4
E02474,P02432,52,Female,Heart Failure,Cardiology,14,6.3,2025-08-05,2025-08-19,14
E02475,P01662,68,Female,Heart Failure,Cardiology,13,4.0,2025-01-25,2025-02-07,13
E02476,P00308,35,Female,Fracture,Orthopedics,7,7.3,2025-09-14,2025-09-21,7
E02477,P01360,89,Male,Stroke,Neurology,10,1.3,2025-08-11,2025-08-21,10
E02478,P01970,47,Female,Heart Failure,Cardiology,3,6.6,2025-11-20,2025-11-23,3
E02479,P02794,61,Female,Diabetes,General Medicine,4,2.6,2025-03-10,2025-03-14,4
E02480,P00892,70,Female,Fracture,Orthopedics,13,5.1,2025-07-16,2025-07-29,13
E02481,P00375,27,Male,COPD,Pulmonology,4,3.1,2025-09-29,2025-10-03,4
E02482,P03080,69,Male,Diabetes,General Medicine,6,5.8,2025-07-01,2025-07-07,6
E02483,P02034,66,Male,Diabetes,General Medicine,4,6.8,2025-01-18,2025-01-22,4
E02484,P01365,28,Male,Low Back Pain,Orthopedics,4,6.7,2025-04-17,2025-04-21,4
E02485,P00129,83,Female,Pneumonia,Pulmonology,2,5.0,2025-01-17,2025-01-19,2
E02486,P01015,75,Male,Stroke,Neurology,9,4.6,2025-05-05,2025-05-14,9
E02487,P01800,53,Female,COPD,Pulmonology,10,1.9,2025-03-23,2025-04-02,10
E02488,P02717,50,Male,Fracture,Orthopedics,3,8.7,2025-01-04,2025-01-07,3
E02489,P03424,64,Female,Heart Failure,Cardiology,2,2.6,2025-04-25,2025-04-27,2
E02490,P01382,30,Female,Diabetes,General Medicine,1,5.8,2025-12-17,2025-12-18,1
E02491,P00517,57,Female,Fracture,Orthopedics,12,8.4,2025-12-17,2025-12-29,12
E02492,P01519,85,Female,Stroke,Neurology,9,5.4,2025-05-17,2025-05-26,9
E02493,P00086,59,Female,COPD,Pulmonology,12,6.2,2025-10-14,2025-10-26,12
E02494,P01199,36,Male,COPD,Pulmonology,10,6.8,2025-08-16,2025-08-26,10
E02495,P03265,36,Female,Stroke,Neurology,5,4.2,2025-01-16,2025-01-21,5
E02496,P02359,75,Female,Pneumonia,Pulmonology,9,2.3,2025-10-25,2025-11-03,9
E02497,P01143,40,Female,Low Back Pain,Orthopedics,1,3.7,2025-07-31,2025-08-01,1
E02498,P03290,71,Female,Heart Failure,Cardiology,4,6.9,2025-09-03,2025-09-07,4
E02499,P02475,82,Male,Low Back Pain,Orthopedics,4,5.8,2025-10-13,2025-10-17,4
E02500,P01994,29,Male,COPD,Pulmonology,4,5.2,2025-10-09,2025-10-13,4
E02501,P03486,41,Female,Heart Failure,Cardiology,2,2.4,2025-06-26,2025-06-28,2
E02502,P02162,51,Female,COPD,Pulmonology,3,5.8,2025-01-31,2025-02-03,3
E02503,P03217,70,Female,Diabetes,General Medicine,8,2.4,2025-02-19,2025-02-27,8
E02504,P00303,25,Female,Diabetes,General Medicine,7,1.7,2025-05-23,2025-05-30,7
E02505,P02792,35,Male,Stroke,Neurology,5,4.2,2025-02-21,2025-02-26,5
E02506,P00588,74,Male,Heart Failure,Cardiology,8,2.7,2025-08-21,2025-08-29,8
E02507,P00987,22,Female,Heart Failure,Cardiology,6,4.4,2025-06-15,2025-06-21,6
E02508,P01864,43,Female,COPD,Pulmonology,11,3.4,2025-02-07,2025-02-18,11
E02509,P00345,47,Female,Low Back Pain,Orthopedics,5,7.4,2025-01-20,2025-01-25,5
E02510,P00814,71,Female,Diabetes,General Medicine,8,3.1,2025-04-09,2025-04-17,8
E02511,P01988,30,Female,Knee Osteoarthritis,Orthopedics,3,5.5,2025-08-03,2025-08-06,3
E02512,P02849,46,Male,Stroke,Neurology,11,3.6,2025-02-13,2025-02-24,11
E02513,P03073,20,Male,Fracture,Orthopedics,9,9.6,2025-04-21,2025-04-30,9
E02514,P03219,75,Female,Heart Failure,Cardiology,6,3.8,2025-03-30,2025-04-05,6
E02515,P01311,19,Male,Pneumonia,Pulmonology,8,0.5,2025-11-15,2025-11-23,8
E02516,P02000,45,Male,Pneumonia,Pulmonology,12,2.7,2025-04-28,2025-05-10,12
E02517,P01678,19,Male,Knee Osteoarthritis,Orthopedics,2,6.6,2025-08-27,2025-08-29,2
E02518,P03125,24,Female,Diabetes,General Medicine,1,6.3,2025-03-13,2025-03-14,1
E02519,P01328,43,Male,Diabetes,General Medicine,5,5.0,2025-11-06,2025-11-11,5
E02520,P01093,33,Male,Diabetes,General Medicine,7,2.1,2025-10-31,2025-11-07,7
E02521,P02409,40,Female,Low Back Pain,Orthopedics,3,10.0,2025-06-12,2025-06-15,3
E02522,P03292,57,Male,COPD,Pulmonology,10,3.5,2025-09-08,2025-09-18,10
E02523,P01010,77,Female,Pneumonia,Pulmonology,2,5.4,2025-12-23,2025-12-25,2
E02524,P00704,90,Male,Diabetes,General Medicine,4,1.8,2025-07-14,2025-07-18,4
E02525,P00575,49,Female,Pneumonia,Pulmonology,2,0.0,2025-03-01,2025-03-03,2
E02526,P01609,32,Female,Knee Osteoarthritis,Orthopedics,3,4.4,2025-04-08,2025-04-11,3
E02527,P03233,30,Male,Stroke,Neurology,4,0.0,2025-12-22,2025-12-26,4
E02528,P01113,22,Male,COPD,Pulmonology,5,6.7,2025-12-21,2025-12-26,5
E02529,P00688,69,Female,Low Back Pain,Orthopedics,3,6.8,2025-03-14,2025-03-17,3
E02530,P02829,58,Female,Heart Failure,Cardiology,4,2.1,2025-08-10,2025-08-14,4
E02531,P02633,70,Male,Knee Osteoarthritis,Orthopedics,3,7.2,2025-04-29,2025-05-02,3
E02532,P02637,67,Male,COPD,Pulmonology,6,3.8,2025-07-01,2025-07-07,6
E02533,P03231,32,Male,Pneumonia,Pulmonology,9,4.4,2025-08-06,2025-08-15,9
E02534,P00489,24,Male,Knee Osteoarthritis,Orthopedics,2,8.3,2025-09-13,2025-09-15,2
E02535,P03019,57,Female,Heart Failure,Cardiology,9,3.1,2025-03-29,2025-04-07,9
E02536,P01348,45,Female,COPD,Pulmonology,12,2.2,2025-12-27,2026-01-08,12
E02537,P03453,49,Female,Low Back Pain,Orthopedics,5,7.7,2025-10-02,2025-10-07,5
E02538,P03174,32,Male,Fracture,Orthopedics,15,7.7,2025-12-02,2025-12-17,15
E02539,P00494,87,Male,Stroke,Neurology,7,4.7,2025-01-26,2025-02-02,7
E02540,P01668,82,Female,Heart Failure,Cardiology,11,6.8,2025-05-01,2025-05-12,11
E02541,P01638,21,Female,COPD,Pulmonology,11,2.8,2025-10-16,2025-10-27,11
E02542,P00019,28,Female,Low Back Pain,Orthopedics,3,5.2,2025-12-28,2025-12-31,3
E02543,P02445,43,Female,Pneumonia,Pulmonology,13,4.1,2025-01-30,2025-02-12,13
E02544,P01001,78,Female,Heart Failure,Cardiology,12,2.5,2025-07-21,2025-08-02,12
E02545,P03351,54,Female,Fracture,Orthopedics,15,7.2,2025-02-05,2025-02-20,15
E02546,P00851,40,Male,Knee Osteoarthritis,Orthopedics,6,5.3,2025-05-05,2025-05-11,6
E02547,P01389,57,Female,Diabetes,General Medicine,8,2.9,2025-08-11,2025-08-19,8
E02548,P01355,40,Female,Knee Osteoarthritis,Orthopedics,7,9.3,2025-08-23,2025-08-30,7
E02549,P01368,33,Female,Pneumonia,Pulmonology,2,2.9,2025-05-04,2025-05-06,2
E02550,P00822,78,Female,COPD,Pulmonology,7,2.3,2025-06-20,2025-06-27,7
E02551,P00455,85,Female,Fracture,Orthopedics,8,8.3,2025-06-30,2025-07-08,8
E02552,P01625,48,Female,Stroke,Neurology,13,2.9,2025-08-03,2025-08-16,13
E02553,P02773,70,Female,Heart Failure,Cardiology,14,2.5,2025-04-28,2025-05-12,14
E02554,P03137,42,Male,COPD,Pulmonology,6,4.4,2025-08-15,2025-08-21,6
E02555,P03148,61,Female,Stroke,Neurology,6,5.9,2025-02-06,2025-02-12,6
E02556,P00711,29,Male,Pneumonia,Pulmonology,2,5.3,2025-11-13,2025-11-15,2
E02557,P02191,26,Male,Heart Failure,Cardiology,12,2.4,2025-04-06,2025-04-18,12
E02558,P00917,29,Male,Low Back Pain,Orthopedics,2,7.4,2025-04-30,2025-05-02,2
E02559,P02876,86,Female,Low Back Pain,Orthopedics,3,5.8,2025-01-12,2025-01-15,3
E02560,P02653,71,Female,COPD,Pulmonology,9,2.6,2025-05-02,2025-05-11,9
E02561,P01497,71,Female,Knee Osteoarthritis,Orthopedics,6,8.3,2025-02-04,2025-02-10,6
E02562,P01441,45,Female,COPD,Pulmonology,4,2.7,2025-09-08,2025-09-12,4
E02563,P00305,73,Female,Knee Osteoarthritis,Orthopedics,4,6.9,2025-03-08,2025-03-12,4
E02564,P00736,86,Female,Fracture,Orthopedics,5,6.7,2025-02-07,2025-02-12,5
E02565,P02339,75,Female,Pneumonia,Pulmonology,13,1.9,2025-10-07,2025-10-20,13
E02566,P01964,59,Female,Low Back Pain,Orthopedics,6,7.9,2025-08-18,2025-08-24,6
E02567,P02150,55,Female,Fracture,Orthopedics,14,7.3,2025-12-03,2025-12-17,14
E02568,P02010,85,Female,Heart Failure,Cardiology,8,0.5,2025-06-17,2025-06-25,8
E02569,P03339,70,Male,Low Back Pain,Orthopedics,5,6.9,2025-11-24,2025-11-29,5
E02570,P02915,50,Female,Knee Osteoarthritis,Orthopedics,2,5.3,2025-09-03,2025-09-05,2
E02571,P03016,88,Female,COPD,Pulmonology,7,5.1,2025-03-20,2025-03-27,7
E02572,P03022,73,Female,Pneumonia,Pulmonology,13,1.3,2025-04-24,2025-05-07,13
E02573,P02890,89,Male,Low Back Pain,Orthopedics,1,6.0,2025-10-28,2025-10-29,1
E02574,P00962,68,Female,Fracture,Orthopedics,8,7.0,2025-08-05,2025-08-13,8
E02575,P02990,60,Female,Pneumonia,Pulmonology,10,3.6,2025-07-19,2025-07-29,10
E02576,P01027,32,Male,Fracture,Orthopedics,12,7.6,2025-12-18,2025-12-30,12
E02577,P02133,55,Female,Low Back Pain,Orthopedics,4,4.2,2025-08-30,2025-09-03,4
E02578,P02376,32,Male,COPD,Pulmonology,11,6.0,2025-01-13,2025-01-24,11
E02579,P02864,22,Male,Stroke,Neurology,15,5.3,2025-07-26,2025-08-10,15
E02580,P01474,71,Male,COPD,Pulmonology,2,5.5,2025-09-19,2025-09-21,2
E02581,P02502,68,Male,Low Back Pain,Orthopedics,6,7.8,2025-04-07,2025-04-13,6
E02582,P01948,27,Female,Knee Osteoarthritis,Orthopedics,3,6.5,2025-03-12,2025-03-15,3
E02583,P02677,29,Male,COPD,Pulmonology,10,1.6,2025-10-30,2025-11-09,10
E02584,P03293,21,Male,Heart Failure,Cardiology,5,2.7,2025-12-15,2025-12-20,5
E02585,P01178,35,Female,Knee Osteoarthritis,Orthopedics,2,8.9,2025-08-18,2025-08-20,2
E02586,P00665,53,Female,Knee Osteoarthritis,Orthopedics,1,8.6,2025-12-23,2025-12-24,1
E02587,P00012,42,Female,Knee Osteoarthritis,Orthopedics,3,5.6,2025-10-27,2025-10-30,3
E02588,P01157,53,Male,Pneumonia,Pulmonology,8,0.0,2025-02-01,2025-02-09,8
E02589,P00304,84,Female,Diabetes,General Medicine,3,3.2,2025-09-07,2025-09-10,3
E02590,P03365,26,Male,Diabetes,General Medicine,8,3.1,2025-09-11,2025-09-19,8
E02591,P03023,78,Male,Stroke,Neurology,12,4.1,2025-09-16,2025-09-28,12
E02592,P03372,70,Female,Fracture,Orthopedics,4,7.3,2025-07-01,2025-07-05,4
E02593,P01764,35,Female,Fracture,Orthopedics,11,7.8,2025-12-06,2025-12-17,11
E02594,P02831,60,Female,Knee Osteoarthritis,Orthopedics,4,8.0,2025-06-15,2025-06-19,4
E02595,P00043,52,Female,Diabetes,General Medicine,5,4.2,2025-01-04,2025-01-09,5
E02596,P00944,80,Female,Stroke,Neurology,13,1.8,2025-05-25,2025-06-07,13
E02597,P02391,21,Female,Pneumonia,Pulmonology,3,3.0,2025-06-14,2025-06-17,3
E02598,P01350,58,Male,Knee Osteoarthritis,Orthopedics,5,10.0,2025-12-10,2025-12-15,5
E02599,P02546,62,Male,Heart Failure,Cardiology,9,4.1,2025-12-28,2026-01-06,9
E02600,P02412,67,Female,Pneumonia,Pulmonology,13,4.1,2025-04-15,2025-04-28,13
E02601,P00891,45,Male,Stroke,Neurology,12,5.0,2025-02-05,2025-02-17,12
E02602,P02475,59,Male,Pneumonia,Pulmonology,9,4.1,2025-11-10,2025-11-19,9
E02603,P01005,86,Male,Heart Failure,Cardiology,4,0.0,2025-06-18,2025-06-22,4
E02604,P00021,18,Male,Fracture,Orthopedics,4,6.1,2025-01-08,2025-01-12,4
E02605,P00407,56,Male,Pneumonia,Pulmonology,10,3.4,2025-03-27,2025-04-06,10
E02606,P02667,34,Male,Stroke,Neurology,5,6.4,2025-04-07,2025-04-12,5
E02607,P01015,52,Female,Fracture,Orthopedics,10,6.6,2025-11-11,2025-11-21,10
E02608,P00336,63,Female,Fracture,Orthopedics,4,4.0,2025-01-30,2025-02-03,4
E02609,P01839,59,Female,Fracture,Orthopedics,5,7.1,2025-04-11,2025-04-16,5
E02610,P03189,56,Male,Heart Failure,Cardiology,2,2.3,2025-03-08,2025-03-10,2
E02611,P01148,66,Female,Heart Failure,Cardiology,12,1.7,2025-12-15,2025-12-27,12
E02612,P02447,79,Female,Fracture,Orthopedics,8,5.2,2025-03-04,2025-03-12,8
E02613,P02841,55,Female,Pneumonia,Pulmonology,8,4.3,2025-02-01,2025-02-09,8
E02614,P01828,40,Male,Heart Failure,Cardiology,5,5.4,2025-03-28,2025-04-02,5
E02615,P00715,39,Female,COPD,Pulmonology,2,4.2,2025-07-30,2025-08-01,2
E02616,P00051,21,Male,Pneumonia,Pulmonology,4,4.4,2025-02-20,2025-02-24,4
E02617,P00324,66,Female,Knee Osteoarthritis,Orthopedics,1,7.2,2025-03-04,2025-03-05,1
E02618,P00789,76,Female,Heart Failure,Cardiology,6,3.7,2025-03-21,2025-03-27,6
E02619,P00141,90,Female,Pneumonia,Pulmonology,7,4.5,2025-12-09,2025-12-16,7
E02620,P00470,85,Male,Knee Osteoarthritis,Orthopedics,4,2.9,2025-08-20,2025-08-24,4
E02621,P00787,88,Male,Heart Failure,Cardiology,2,3.7,2025-04-11,2025-04-13,2
E02622,P01826,19,Male,Knee Osteoarthritis,Orthopedics,6,4.9,2025-05-09,2025-05-15,6
E02623,P01358,66,Male,Low Back Pain,Orthopedics,5,8.2,2025-01-19,2025-01-24,5
E02624,P01917,48,Male,Heart Failure,Cardiology,6,3.3,2025-12-23,2025-12-29,6
E02625,P00964,57,Female,Low Back Pain,Orthopedics,5,6.5,2025-04-04,2025-04-09,5
E02626,P03056,65,Female,Stroke,Neurology,8,2.2,2025-03-22,2025-03-30,8
E02627,P00373,68,Male,Stroke,Neurology,13,6.0,2025-04-13,2025-04-26,13
E02628,P02542,60,Male,Pneumonia,Pulmonology,3,4.4,2025-06-03,2025-06-06,3
E02629,P01693,72,Female,Diabetes,General Medicine,1,4.3,2025-09-26,2025-09-27,1
E02630,P02799,66,Male,Low Back Pain,Orthopedics,2,5.3,2025-04-28,2025-04-30,2
E02631,P01180,74,Female,Low Back Pain,Orthopedics,5,5.3,2025-12-08,2025-12-13,5
E02632,P02339,32,Male,Stroke,Neurology,12,4.8,2025-10-06,2025-10-18,12
E02633,P01672,44,Female,Low Back Pain,Orthopedics,6,5.5,2025-12-29,2026-01-04,6
E02634,P03216,85,Male,Diabetes,General Medicine,8,4.2,2025-08-13,2025-08-21,8
E02635,P00106,81,Male,Fracture,Orthopedics,7,3.3,2025-09-25,2025-10-02,7
E02636,P01444,47,Female,Knee Osteoarthritis,Orthopedics,7,5.8,2025-05-17,2025-05-24,7
E02637,P02718,53,Female,Knee Osteoarthritis,Orthopedics,5,9.2,2025-08-14,2025-08-19,5
E02638,P01682,84,Male,Diabetes,General Medicine,4,4.2,2025-11-30,2025-12-04,4
E02639,P00002,66,Male,Low Back Pain,Orthopedics,4,6.8,2025-08-17,2025-08-21,4
E02640,P02637,72,Female,Low Back Pain,Orthopedics,6,9.5,2025-11-19,2025-11-25,6
E02641,P02692,73,Male,Low Back Pain,Orthopedics,6,3.0,2025-04-18,2025-04-24,6
E02642,P02138,85,Female,COPD,Pulmonology,11,2.3,2025-10-27,2025-11-07,11
E02643,P03417,61,Female,Pneumonia,Pulmonology,8,2.9,2025-01-07,2025-01-15,8
E02644,P00350,48,Male,Heart Failure,Cardiology,10,4.8,2025-05-08,2025-05-18,10
E02645,P01287,75,Female,Diabetes,General Medicine,7,4.8,2025-12-19,2025-12-26,7
E02646,P03423,70,Female,Diabetes,General Medicine,2,2.2,2025-09-24,2025-09-26,2
E02647,P03180,40,Male,COPD,Pulmonology,7,5.0,2025-06-22,2025-06-29,7
E02648,P01063,45,Female,Diabetes,General Medicine,1,2.9,2025-08-02,2025-08-03,1
E02649,P02957,33,Female,Fracture,Orthopedics,9,8.3,2025-09-04,2025-09-13,9
E02650,P02207,54,Female,Fracture,Orthopedics,4,5.0,2025-04-16,2025-04-20,4
E02651,P03007,38,Female,Diabetes,General Medicine,3,3.3,2025-03-24,2025-03-27,3
E02652,P02360,34,Male,COPD,Pulmonology,9,2.8,2025-10-19,2025-10-28,9
E02653,P03313,54,Female,Diabetes,General Medicine,3,5.1,2025-07-22,2025-07-25,3
E02654,P00445,36,Male,Low Back Pain,Orthopedics,1,5.7,2025-02-10,2025-02-11,1
E02655,P02346,47,Female,COPD,Pulmonology,5,3.4,2025-07-24,2025-07-29,5
E02656,P00952,62,Male,Pneumonia,Pulmonology,10,4.3,2025-12-14,2025-12-24,10
E02657,P00036,35,Female,Stroke,Neurology,4,5.3,2025-02-18,2025-02-22,4
E02658,P01108,79,Male,Low Back Pain,Orthopedics,5,7.8,2025-05-23,2025-05-28,5
E02659,P01476,53,Female,Fracture,Orthopedics,13,6.8,2025-05-21,2025-06-03,13
E02660,P01799,69,Female,Low Back Pain,Orthopedics,5,5.9,2025-02-22,2025-02-27,5
E02661,P01846,36,Female,Heart Failure,Cardiology,12,3.0,2025-04-17,2025-04-29,12
E02662,P01409,61,Female,COPD,Pulmonology,3,3.5,2025-02-02,2025-02-05,3
E02663,P01196,24,Male,Fracture,Orthopedics,13,6.9,2025-07-19,2025-08-01,13
E02664,P01400,61,Male,Stroke,Neurology,3,4.3,2025-04-29,2025-05-02,3
E02665,P01709,85,Female,Diabetes,General Medicine,5,3.5,2025-10-15,2025-10-20,5
E02666,P01386,51,Male,Stroke,Neurology,16,2.2,2025-08-17,2025-09-02,16
E02667,P02607,83,Female,Pneumonia,Pulmonology,6,4.5,2025-04-28,2025-05-04,6
E02668,P02939,86,Female,Knee Osteoarthritis,Orthopedics,2,6.8,2025-06-25,2025-06-27,2
E02669,P02189,72,Male,Low Back Pain,Orthopedics,6,8.0,2025-07-04,2025-07-10,6
E02670,P02935,27,Male,COPD,Pulmonology,8,3.5,2025-11-14,2025-11-22,8
E02671,P03190,59,Male,COPD,Pulmonology,9,0.9,2025-12-04,2025-12-13,9
E02672,P01301,58,Female,Stroke,Neurology,4,4.0,2025-08-03,2025-08-07,4
E02673,P02774,86,Female,Heart Failure,Cardiology,8,3.2,2025-08-09,2025-08-17,8
E02674,P01244,27,Male,Fracture,Orthopedics,6,7.6,2025-05-10,2025-05-16,6
E02675,P03098,27,Female,Pneumonia,Pulmonology,2,0.4,2025-11-29,2025-12-01,2
E02676,P00521,77,Male,Knee Osteoarthritis,Orthopedics,3,6.6,2025-09-29,2025-10-02,3
E02677,P01807,68,Male,Pneumonia,Pulmonology,4,4.3,2025-09-03,2025-09-07,4
E02678,P00010,38,Male,COPD,Pulmonology,12,2.5,2025-05-03,2025-05-15,12
E02679,P00984,25,Male,Diabetes,General Medicine,4,3.6,2025-01-08,2025-01-12,4
E02680,P02426,82,Male,Knee Osteoarthritis,Orthopedics,1,5.6,2025-03-08,2025-03-09,1
E02681,P01657,47,Male,Fracture,Orthopedics,7,5.4,2025-04-25,2025-05-02,7
E02682,P01661,66,Female,Fracture,Orthopedics,15,5.9,2025-10-15,2025-10-30,15
E02683,P02730,26,Female,COPD,Pulmonology,9,2.4,2025-04-15,2025-04-24,9
E02684,P02632,34,Male,Heart Failure,Cardiology,2,4.5,2025-01-25,2025-01-27,2
E02685,P02200,86,Male,Knee Osteoarthritis,Orthopedics,6,5.4,2025-02-22,2025-02-28,6
E02686,P00720,75,Male,COPD,Pulmonology,10,2.1,2025-09-04,2025-09-14,10
E02687,P01073,74,Female,Heart Failure,Cardiology,4,6.2,2025-12-03,2025-12-07,4
E02688,P03226,79,Male,Diabetes,General Medicine,5,4.9,2025-10-08,2025-10-13,5
E02689,P00859,69,Male,Heart Failure,Cardiology,10,0.7,2025-02-02,2025-02-12,10
E02690,P01317,78,Male,Pneumonia,Pulmonology,6,2.4,2025-10-14,2025-10-20,6
E02691,P01604,57,Female,Stroke,Neurology,11,4.9,2025-02-05,2025-02-16,11
E02692,P00050,55,Male,Pneumonia,Pulmonology,11,4.0,2025-12-09,2025-12-20,11
E02693,P02712,60,Female,Fracture,Orthopedics,10,4.3,2025-08-27,2025-09-06,10
E02694,P02579,80,Female,COPD,Pulmonology,8,5.2,2025-08-05,2025-08-13,8
E02695,P03132,36,Male,COPD,Pulmonology,12,4.7,2025-06-26,2025-07-08,12
E02696,P03239,67,Female,Low Back Pain,Orthopedics,1,7.2,2025-02-13,2025-02-14,1
E02697,P03274,50,Female,Pneumonia,Pulmonology,5,5.5,2025-10-31,2025-11-05,5
E02698,P02905,30,Female,Knee Osteoarthritis,Orthopedics,1,7.2,2025-06-07,2025-06-08,1
E02699,P00146,79,Male,Fracture,Orthopedics,12,7.2,2025-09-26,2025-10-08,12
E02700,P00915,60,Female,Diabetes,General Medicine,8,5.8,2025-06-20,2025-06-28,8
E02701,P03041,66,Male,Fracture,Orthopedics,6,8.2,2025-08-09,2025-08-15,6
E02702,P01463,53,Male,Low Back Pain,Orthopedics,4,5.2,2025-08-18,2025-08-22,4
E02703,P02290,27,Male,Low Back Pain,Orthopedics,1,7.4,2025-04-01,2025-04-02,1
E02704,P00581,23,Female,Low Back Pain,Orthopedics,2,5.5,2025-05-11,2025-05-13,2
E02705,P02735,74,Male,COPD,Pulmonology,5,4.3,2025-08-14,2025-08-19,5
E02706,P01585,18,Female,Stroke,Neurology,5,5.2,2025-08-13,2025-08-18,5
E02707,P00483,88,Female,Heart Failure,Cardiology,7,1.4,2025-05-23,2025-05-30,7
E02708,P03180,75,Female,Knee Osteoarthritis,Orthopedics,3,6.3,2025-03-07,2025-03-10,3
E02709,P01250,38,Female,Fracture,Orthopedics,7,6.9,2025-01-28,2025-02-04,7
E02710,P00673,73,Male,COPD,Pulmonology,6,2.8,2025-05-05,2025-05-11,6
E02711,P00631,37,Male,Fracture,Orthopedics,4,7.0,2025-07-31,2025-08-04,4
E02712,P02709,71,Female,Diabetes,General Medicine,4,4.7,2025-03-21,2025-03-25,4
E02713,P00662,42,Male,COPD,Pulmonology,4,3.5,2025-08-26,2025-08-30,4
E02714,P02853,45,Male,Stroke,Neurology,13,4.8,2025-05-12,2025-05-25,13
E02715,P02467,22,Male,Fracture,Orthopedics,8,8.6,2025-11-24,2025-12-02,8
E02716,P00988,38,Female,COPD,Pulmonology,3,4.2,2025-10-27,2025-10-30,3
E02717,P03232,35,Male,COPD,Pulmonology,5,3.8,2025-04-29,2025-05-04,5
E02718,P01547,64,Female,Pneumonia,Pulmonology,3,2.1,2025-02-15,2025-02-18,3
E02719,P00650,87,Male,Diabetes,General Medicine,1,4.5,2025-03-25,2025-03-26,1
E02720,P00969,74,Female,Low Back Pain,Orthopedics,3,7.0,2025-10-09,2025-10-12,3
E02721,P02638,36,Female,Diabetes,General Medicine,2,5.4,2025-12-18,2025-12-20,2
E02722,P01101,82,Female,Diabetes,General Medicine,2,3.6,2025-01-13,2025-01-15,2
E02723,P02557,20,Male,Pneumonia,Pulmonology,7,0.8,2025-05-05,2025-05-12,7
E02724,P00441,59,Female,Heart Failure,Cardiology,2,0.9,2025-11-21,2025-11-23,2
E02725,P03326,38,Male,COPD,Pulmonology,12,4.6,2025-06-21,2025-07-03,12
E02726,P00921,57,Female,Knee Osteoarthritis,Orthopedics,6,5.6,2025-08-22,2025-08-28,6
E02727,P00770,84,Male,Low Back Pain,Orthopedics,2,7.2,2025-06-30,2025-07-02,2
E02728,P01344,42,Female,Fracture,Orthopedics,5,6.7,2025-02-20,2025-02-25,5
E02729,P01827,72,Male,Heart Failure,Cardiology,9,3.2,2025-09-26,2025-10-05,9
E02730,P00263,69,Female,Stroke,Neurology,7,4.4,2025-06-18,2025-06-25,7
E02731,P01578,61,Female,COPD,Pulmonology,9,2.2,2025-11-12,2025-11-21,9
E02732,P03446,73,Female,Low Back Pain,Orthopedics,2,6.5,2025-10-15,2025-10-17,2
E02733,P02685,72,Male,Knee Osteoarthritis,Orthopedics,7,5.6,2025-10-01,2025-10-08,7
E02734,P03239,87,Female,COPD,Pulmonology,10,2.9,2025-12-15,2025-12-25,10
E02735,P02507,90,Female,Stroke,Neurology,9,4.0,2025-07-26,2025-08-04,9
E02736,P00999,83,Female,Pneumonia,Pulmonology,4,3.2,2025-05-28,2025-06-01,4
E02737,P03352,36,Female,Heart Failure,Cardiology,8,4.9,2025-10-27,2025-11-04,8
E02738,P00700,24,Male,COPD,Pulmonology,9,3.3,2025-02-06,2025-02-15,9
E02739,P02350,80,Female,Low Back Pain,Orthopedics,6,8.0,2025-06-10,2025-06-16,6
E02740,P01604,59,Female,Diabetes,General Medicine,1,5.8,2025-10-02,2025-10-03,1
E02741,P01242,59,Male,Fracture,Orthopedics,15,7.8,2025-10-15,2025-10-30,15
E02742,P01126,76,Male,Fracture,Orthopedics,15,7.3,2025-04-16,2025-05-01,15
E02743,P02602,37,Male,Fracture,Orthopedics,5,7.0,2025-01-22,2025-01-27,5
E02744,P02336,90,Female,Knee Osteoarthritis,Orthopedics,5,7.8,2025-08-21,2025-08-26,5
E02745,P01191,34,Male,COPD,Pulmonology,7,3.6,2025-05-02,2025-05-09,7
E02746,P02669,44,Male,Fracture,Orthopedics,5,8.0,2025-05-09,2025-05-14,5
E02747,P01006,64,Male,Low Back Pain,Orthopedics,4,7.4,2025-11-06,2025-11-10,4
E02748,P00036,19,Female,Diabetes,General Medicine,5,3.0,2025-08-05,2025-08-10,5
E02749,P00744,80,Female,Low Back Pain,Orthopedics,3,7.8,2025-05-28,2025-05-31,3
E02750,P01765,79,Female,COPD,Pulmonology,5,3.6,2025-02-27,2025-03-04,5
E02751,P00353,36,Male,Stroke,Neurology,7,4.3,2025-08-25,2025-09-01,7
E02752,P01923,34,Female,Diabetes,General Medicine,2,2.8,2025-03-11,2025-03-13,2
E02753,P00073,86,Male,Diabetes,General Medicine,2,3.7,2025-07-08,2025-07-10,2
E02754,P02696,56,Male,Low Back Pain,Orthopedics,1,8.0,2025-08-30,2025-08-31,1
E02755,P01377,88,Male,Pneumonia,Pulmonology,11,4.8,2025-03-04,2025-03-15,11
E02756,P01915,56,Female,COPD,Pulmonology,9,4.0,2025-08-29,2025-09-07,9
E02757,P01094,53,Male,Fracture,Orthopedics,14,7.4,2025-07-04,2025-07-18,14
E02758,P02473,57,Male,Pneumonia,Pulmonology,7,5.4,2025-09-16,2025-09-23,7
E02759,P03047,62,Female,Heart Failure,Cardiology,11,3.3,2025-08-17,2025-08-28,11
E02760,P00708,21,Male,Fracture,Orthopedics,13,4.8,2025-08-11,2025-08-24,13
E02761,P01805,42,Male,Stroke,Neurology,5,6.5,2025-04-09,2025-04-14,5
E02762,P02609,86,Male,Pneumonia,Pulmonology,12,2.7,2025-09-04,2025-09-16,12
E02763,P02876,47,Female,Low Back Pain,Orthopedics,2,5.5,2025-02-14,2025-02-16,2
E02764,P00956,85,Male,COPD,Pulmonology,8,0.8,2025-09-30,2025-10-08,8
E02765,P02565,46,Female,Pneumonia,Pulmonology,9,4.4,2025-01-05,2025-01-14,9
E02766,P02476,90,Female,Heart Failure,Cardiology,11,1.1,2025-01-11,2025-01-22,11
E02767,P00160,85,Male,Knee Osteoarthritis,Orthopedics,1,5.4,2025-12-14,2025-12-15,1
E02768,P02197,68,Male,Heart Failure,Cardiology,7,4.4,2025-02-08,2025-02-15,7
E02769,P02824,41,Male,Diabetes,General Medicine,7,4.6,2025-02-11,2025-02-18,7
E02770,P03302,31,Male,Fracture,Orthopedics,15,5.5,2025-07-22,2025-08-06,15
E02771,P01736,86,Female,COPD,Pulmonology,10,3.3,2025-04-04,2025-04-14,10
E02772,P01586,35,Female,Diabetes,General Medicine,4,2.2,2025-01-05,2025-01-09,4
E02773,P00067,59,Male,Pneumonia,Pulmonology,4,2.7,2025-02-21,2025-02-25,4
E02774,P03062,74,Female,Pneumonia,Pulmonology,3,3.9,2025-05-30,2025-06-02,3
E02775,P02429,29,Male,Heart Failure,Cardiology,6,2.7,2025-07-24,2025-07-30,6
E02776,P00058,34,Male,Heart Failure,Cardiology,14,3.1,2025-10-27,2025-11-10,14
E02777,P03331,47,Male,Low Back Pain,Orthopedics,2,4.3,2025-07-06,2025-07-08,2
E02778,P00342,40,Male,Stroke,Neurology,3,6.2,2025-06-02,2025-06-05,3
E02779,P01154,18,Female,Low Back Pain,Orthopedics,5,7.3,2025-04-26,2025-05-01,5
E02780,P02775,49,Female,Diabetes,General Medicine,6,4.7,2025-05-29,2025-06-04,6
E02781,P01196,26,Male,Low Back Pain,Orthopedics,1,8.4,2025-08-08,2025-08-09,1
E02782,P02818,32,Male,Heart Failure,Cardiology,11,2.3,2025-07-11,2025-07-22,11
E02783,P02662,45,Female,COPD,Pulmonology,10,3.0,2025-08-21,2025-08-31,10
E02784,P01233,41,Female,Low Back Pain,Orthopedics,6,3.7,2025-11-20,2025-11-26,6
E02785,P02402,77,Female,Knee Osteoarthritis,Orthopedics,3,10.0,2025-08-09,2025-08-12,3
E02786,P01495,52,Male,Fracture,Orthopedics,9,6.3,2025-02-16,2025-02-25,9
E02787,P01822,44,Female,Stroke,Neurology,10,6.1,2025-05-07,2025-05-17,10
E02788,P00116,37,Male,Heart Failure,Cardiology,11,1.6,2025-10-18,2025-10-29,11
E02789,P03336,82,Male,COPD,Pulmonology,3,5.0,2025-08-03,2025-08-06,3
E02790,P00662,66,Female,Pneumonia,Pulmonology,7,6.3,2025-01-07,2025-01-14,7
E02791,P01466,18,Male,Fracture,Orthopedics,7,6.4,2025-07-03,2025-07-10,7
E02792,P02501,27,Female,Low Back Pain,Orthopedics,5,5.0,2025-04-26,2025-05-01,5
E02793,P01869,64,Male,Heart Failure,Cardiology,14,3.3,2025-02-21,2025-03-07,14
E02794,P02335,76,Male,Pneumonia,Pulmonology,4,0.2,2025-02-15,2025-02-19,4
E02795,P03375,79,Male,Pneumonia,Pulmonology,4,3.4,2025-01-23,2025-01-27,4
E02796,P01017,35,Male,Diabetes,General Medicine,6,4.7,2025-05-11,2025-05-17,6
E02797,P00311,63,Male,Diabetes,General Medicine,4,3.4,2025-05-07,2025-05-11,4
E02798,P00208,49,Male,COPD,Pulmonology,11,3.1,2025-09-22,2025-10-03,11
E02799,P02666,44,Female,Heart Failure,Cardiology,14,4.3,2025-11-05,2025-11-19,14
E02800,P02494,35,Female,Fracture,Orthopedics,12,7.4,2025-07-15,2025-07-27,12
E02801,P02718,56,Male,COPD,Pulmonology,8,1.0,2025-02-17,2025-02-25,8
E02802,P00633,66,Female,Heart Failure,Cardiology,2,3.6,2025-03-23,2025-03-25,2
E02803,P02103,61,Male,Knee Osteoarthritis,Orthopedics,6,10.0,2025-04-19,2025-04-25,6
E02804,P02960,89,Female,Stroke,Neurology,5,2.5,2025-09-20,2025-09-25,5
E02805,P03084,71,Female,Stroke,Neurology,14,4.4,2025-12-21,2026-01-04,14
E02806,P00657,51,Male,Fracture,Orthopedics,3,9.4,2025-01-31,2025-02-03,3
E02807,P01424,88,Female,Heart Failure,Cardiology,11,5.2,2025-12-24,2026-01-04,11
E02808,P01932,53,Male,Diabetes,General Medicine,3,2.7,2025-02-25,2025-02-28,3
E02809,P03028,35,Female,Fracture,Orthopedics,7,6.8,2025-12-21,2025-12-28,7
E02810,P02563,55,Male,Low Back Pain,Orthopedics,1,6.5,2025-07-08,2025-07-09,1
E02811,P01680,76,Female,COPD,Pulmonology,4,2.4,2025-01-05,2025-01-09,4
E02812,P00237,26,Male,Knee Osteoarthritis,Orthopedics,2,6.4,2025-10-13,2025-10-15,2
E02813,P03351,90,Female,Stroke,Neurology,16,4.1,2025-10-05,2025-10-21,16
E02814,P00348,89,Male,Heart Failure,Cardiology,11,3.7,2025-05-25,2025-06-05,11
E02815,P02675,68,Female,Diabetes,General Medicine,1,2.4,2025-07-15,2025-07-16,1
E02816,P03176,52,Male,Diabetes,General Medicine,8,1.6,2025-01-27,2025-02-04,8
E02817,P00630,22,Female,Diabetes,General Medicine,1,3.4,2025-05-07,2025-05-08,1
E02818,P01541,31,Male,COPD,Pulmonology,7,6.1,2025-05-15,2025-05-22,7
E02819,P02004,47,Female,Low Back Pain,Orthopedics,1,6.6,2025-01-23,2025-01-24,1
E02820,P01272,21,Male,Pneumonia,Pulmonology,13,3.0,2025-11-27,2025-12-10,13
E02821,P00364,56,Male,Fracture,Orthopedics,7,7.6,2025-04-27,2025-05-04,7
E02822,P02369,81,Male,COPD,Pulmonology,12,3.3,2025-01-08,2025-01-20,12
E02823,P00286,42,Male,Low Back Pain,Orthopedics,6,9.3,2025-04-11,2025-04-17,6
E02824,P00149,45,Female,Diabetes,General Medicine,2,3.5,2025-09-18,2025-09-20,2
E02825,P01108,83,Female,Heart Failure,Cardiology,3,4.6,2025-07-18,2025-07-21,3
E02826,P02454,39,Female,Fracture,Orthopedics,7,5.4,2025-03-27,2025-04-03,7
E02827,P03026,48,Male,Knee Osteoarthritis,Orthopedics,1,7.3,2025-08-16,2025-08-17,1
E02828,P00456,40,Male,Low Back Pain,Orthopedics,1,6.9,2025-06-28,2025-06-29,1
E02829,P01767,65,Male,Heart Failure,Cardiology,11,3.4,2025-08-28,2025-09-08,11
E02830,P00800,37,Male,COPD,Pulmonology,11,2.7,2025-01-12,2025-01-23,11
E02831,P01185,55,Male,COPD,Pulmonology,10,2.5,2025-10-30,2025-11-09,10
E02832,P01013,72,Female,Fracture,Orthopedics,8,6.9,2025-08-22,2025-08-30,8
E02833,P02832,85,Female,Diabetes,General Medicine,3,4.4,2025-07-02,2025-07-05,3
E02834,P02508,18,Female,Knee Osteoarthritis,Orthopedics,1,6.3,2025-10-09,2025-10-10,1
E02835,P01524,24,Male,Stroke,Neurology,16,4.9,2025-12-24,2026-01-09,16
E02836,P02786,74,Male,Stroke,Neurology,5,4.4,2025-07-09,2025-07-14,5
E02837,P02557,29,Male,COPD,Pulmonology,5,3.6,2025-11-22,2025-11-27,5
E02838,P00481,22,Male,Heart Failure,Cardiology,14,3.2,2025-08-03,2025-08-17,14
E02839,P01687,67,Male,Knee Osteoarthritis,Orthopedics,6,6.5,2025-09-15,2025-09-21,6
E02840,P02162,59,Male,Heart Failure,Cardiology,5,7.5,2025-01-26,2025-01-31,5
E02841,P02797,29,Male,Knee Osteoarthritis,Orthopedics,1,7.0,2025-09-27,2025-09-28,1
E02842,P01602,35,Female,Knee Osteoarthritis,Orthopedics,7,7.5,2025-03-23,2025-03-30,7
E02843,P02409,83,Female,COPD,Pulmonology,6,4.2,2025-12-24,2025-12-30,6
E02844,P00341,34,Male,Heart Failure,Cardiology,9,3.1,2025-07-04,2025-07-13,9
E02845,P02818,85,Male,COPD,Pulmonology,10,5.4,2025-10-15,2025-10-25,10
E02846,P02011,88,Male,Fracture,Orthopedics,7,6.1,2025-03-03,2025-03-10,7
E02847,P02809,79,Female,Knee Osteoarthritis,Orthopedics,5,8.1,2025-01-30,2025-02-04,5
E02848,P03017,58,Female,Low Back Pain,Orthopedics,1,6.0,2025-01-31,2025-02-01,1
E02849,P02497,51,Male,Diabetes,General Medicine,1,2.1,2025-10-20,2025-10-21,1
E02850,P01867,87,Female,Fracture,Orthopedics,9,7.0,2025-06-22,2025-07-01,9
E02851,P00835,62,Female,Knee Osteoarthritis,Orthopedics,7,4.8,2025-04-12,2025-04-19,7
E02852,P01204,75,Female,Low Back Pain,Orthopedics,6,7.3,2025-05-08,2025-05-14,6
E02853,P01726,68,Male,Knee Osteoarthritis,Orthopedics,5,4.7,2025-03-27,2025-04-01,5
E02854,P03479,51,Female,Low Back Pain,Orthopedics,6,6.0,2025-11-11,2025-11-17,6
E02855,P01690,61,Female,Heart Failure,Cardiology,6,1.4,2025-01-28,2025-02-03,6
E02856,P03268,32,Male,Stroke,Neurology,16,8.7,2025-05-02,2025-05-18,16
E02857,P00311,87,Male,Pneumonia,Pulmonology,10,1.0,2025-09-08,2025-09-18,10
E02858,P00262,67,Female,Fracture,Orthopedics,3,6.5,2025-03-02,2025-03-05,3
E02859,P01443,49,Male,Knee Osteoarthritis,Orthopedics,2,8.2,2025-06-20,2025-06-22,2
E02860,P00406,84,Female,Pneumonia,Pulmonology,8,5.1,2025-09-29,2025-10-07,8
E02861,P02191,20,Female,Knee Osteoarthritis,Orthopedics,6,7.8,2025-11-21,2025-11-27,6
E02862,P00342,68,Male,Heart Failure,Cardiology,11,3.0,2025-10-27,2025-11-07,11
E02863,P01340,84,Male,Heart Failure,Cardiology,3,5.5,2025-04-23,2025-04-26,3
E02864,P03173,65,Female,Low Back Pain,Orthopedics,4,7.9,2025-07-13,2025-07-17,4
E02865,P00244,34,Male,Knee Osteoarthritis,Orthopedics,5,6.8,2025-01-19,2025-01-24,5
E02866,P00490,24,Male,Heart Failure,Cardiology,4,3.9,2025-12-06,2025-12-10,4
E02867,P00012,30,Female,Heart Failure,Cardiology,5,3.0,2025-04-03,2025-04-08,5
E02868,P03311,83,Female,Knee Osteoarthritis,Orthopedics,7,5.1,2025-08-05,2025-08-12,7
E02869,P00561,21,Female,Low Back Pain,Orthopedics,5,8.4,2025-06-28,2025-07-03,5
E02870,P00042,27,Female,Low Back Pain,Orthopedics,3,8.5,2025-07-10,2025-07-13,3
E02871,P02726,34,Female,Low Back Pain,Orthopedics,2,5.2,2025-06-12,2025-06-14,2
E02872,P00594,69,Female,Low Back Pain,Orthopedics,3,6.3,2025-04-10,2025-04-13,3
E02873,P01453,23,Male,Stroke,Neurology,11,4.3,2025-07-06,2025-07-17,11
E02874,P01827,86,Male,Knee Osteoarthritis,Orthopedics,7,6.5,2025-10-22,2025-10-29,7
E02875,P03230,26,Female,COPD,Pulmonology,2,3.6,2025-03-08,2025-03-10,2
E02876,P03288,38,Male,Stroke,Neurology,8,5.9,2025-03-14,2025-03-22,8
E02877,P01694,41,Male,Heart Failure,Cardiology,9,2.4,2025-08-20,2025-08-29,9
E02878,P00134,21,Female,Stroke,Neurology,7,3.2,2025-07-08,2025-07-15,7
E02879,P03139,41,Male,Fracture,Orthopedics,14,8.4,2025-02-19,2025-03-05,14
E02880,P03079,76,Male,COPD,Pulmonology,3,2.8,2025-11-05,2025-11-08,3
E02881,P00948,20,Female,COPD,Pulmonology,6,1.6,2025-10-29,2025-11-04,6
E02882,P00073,85,Male,COPD,Pulmonology,9,2.8,2025-11-04,2025-11-13,9
E02883,P00399,57,Male,Low Back Pain,Orthopedics,2,6.0,2025-05-04,2025-05-06,2
E02884,P01429,65,Female,Heart Failure,Cardiology,2,5.8,2025-06-06,2025-06-08,2
E02885,P02626,71,Male,Stroke,Neurology,6,5.9,2025-09-18,2025-09-24,6
E02886,P02907,52,Male,Stroke,Neurology,6,6.2,2025-07-14,2025-07-20,6
E02887,P00130,73,Male,Fracture,Orthopedics,11,7.7,2025-11-26,2025-12-07,11
E02888,P02979,57,Female,Knee Osteoarthritis,Orthopedics,3,7.9,2025-12-17,2025-12-20,3
E02889,P03278,85,Female,Stroke,Neurology,6,3.5,2025-11-27,2025-12-03,6
E02890,P01812,63,Male,Fracture,Orthopedics,5,6.2,2025-09-13,2025-09-18,5
E02891,P02002,30,Male,Heart Failure,Cardiology,3,2.0,2025-07-19,2025-07-22,3
E02892,P00266,44,Female,Low Back Pain,Orthopedics,4,6.2,2025-03-09,2025-03-13,4
E02893,P01561,23,Female,Knee Osteoarthritis,Orthopedics,6,7.5,2025-03-21,2025-03-27,6
E02894,P01986,34,Male,Fracture,Orthopedics,10,6.7,2025-08-21,2025-08-31,10
E02895,P00793,53,Female,Stroke,Neurology,3,6.5,2025-07-05,2025-07-08,3
E02896,P02301,19,Male,Knee Osteoarthritis,Orthopedics,7,4.8,2025-04-15,2025-04-22,7
E02897,P02870,69,Male,Pneumonia,Pulmonology,4,4.3,2025-11-21,2025-11-25,4
E02898,P01313,83,Female,Knee Osteoarthritis,Orthopedics,6,4.6,2025-05-22,2025-05-28,6
E02899,P00164,69,Female,COPD,Pulmonology,11,3.6,2025-09-29,2025-10-10,11
E02900,P00095,60,Male,Low Back Pain,Orthopedics,2,7.6,2025-12-09,2025-12-11,2
E02901,P01806,39,Male,COPD,Pulmonology,7,3.2,2025-05-04,2025-05-11,7
E02902,P02881,72,Female,Pneumonia,Pulmonology,5,4.3,2025-08-11,2025-08-16,5
E02903,P01134,84,Male,COPD,Pulmonology,2,2.1,2025-06-23,2025-06-25,2
E02904,P02384,77,Female,Pneumonia,Pulmonology,2,1.0,2025-07-10,2025-07-12,2
E02905,P00822,75,Female,Knee Osteoarthritis,Orthopedics,5,7.3,2025-05-20,2025-05-25,5
E02906,P00238,29,Female,Heart Failure,Cardiology,13,6.1,2025-10-24,2025-11-06,13
E02907,P02429,86,Female,Low Back Pain,Orthopedics,1,5.0,2025-04-29,2025-04-30,1
E02908,P02947,56,Female,Heart Failure,Cardiology,3,5.3,2025-10-02,2025-10-05,3
E02909,P02531,30,Male,Low Back Pain,Orthopedics,4,6.6,2025-03-17,2025-03-21,4
E02910,P01961,58,Female,Fracture,Orthopedics,16,4.5,2025-04-19,2025-05-05,16
E02911,P02950,74,Female,Low Back Pain,Orthopedics,3,4.8,2025-04-29,2025-05-02,3
E02912,P01049,70,Female,COPD,Pulmonology,12,3.5,2025-09-15,2025-09-27,12
E02913,P01677,29,Female,COPD,Pulmonology,9,2.9,2025-01-20,2025-01-29,9
E02914,P03189,30,Female,Heart Failure,Cardiology,2,1.5,2025-04-29,2025-05-01,2
E02915,P02530,74,Female,Diabetes,General Medicine,1,1.0,2025-12-17,2025-12-18,1
E02916,P03464,57,Female,Fracture,Orthopedics,14,5.2,2025-05-17,2025-05-31,14
E02917,P02965,62,Male,Pneumonia,Pulmonology,3,3.8,2025-10-04,2025-10-07,3
E02918,P03042,52,Male,COPD,Pulmonology,3,3.5,2025-09-12,2025-09-15,3
E02919,P00964,20,Male,Fracture,Orthopedics,6,5.7,2025-09-21,2025-09-27,6
E02920,P00537,22,Male,COPD,Pulmonology,11,3.8,2025-06-16,2025-06-27,11
E02921,P03151,28,Female,COPD,Pulmonology,4,5.1,2025-06-14,2025-06-18,4
E02922,P01604,88,Male,Knee Osteoarthritis,Orthopedics,4,7.1,2025-01-29,2025-02-02,4
E02923,P03245,73,Female,Heart Failure,Cardiology,7,3.3,2025-02-04,2025-02-11,7
E02924,P01980,27,Male,Heart Failure,Cardiology,8,4.9,2025-08-25,2025-09-02,8
E02925,P03084,51,Male,COPD,Pulmonology,6,2.1,2025-10-21,2025-10-27,6
E02926,P00128,84,Female,Knee Osteoarthritis,Orthopedics,2,6.2,2025-03-31,2025-04-02,2
E02927,P00092,89,Female,COPD,Pulmonology,4,3.2,2025-07-22,2025-07-26,4
E02928,P00543,48,Male,Pneumonia,Pulmonology,11,1.6,2025-08-16,2025-08-27,11
E02929,P00846,88,Male,Knee Osteoarthritis,Orthopedics,3,5.9,2025-03-09,2025-03-12,3
E02930,P01682,83,Male,COPD,Pulmonology,4,0.4,2025-05-11,2025-05-15,4
E02931,P03037,87,Male,Low Back Pain,Orthopedics,6,9.4,2025-12-31,2026-01-06,6
E02932,P01852,58,Female,Diabetes,General Medicine,5,2.1,2025-04-21,2025-04-26,5
E02933,P02495,80,Male,Low Back Pain,Orthopedics,4,8.9,2025-01-12,2025-01-16,4
E02934,P00390,49,Male,Diabetes,General Medicine,3,3.6,2025-10-15,2025-10-18,3
E02935,P02720,37,Male,Knee Osteoarthritis,Orthopedics,4,7.3,2025-06-24,2025-06-28,4
E02936,P01885,74,Male,Low Back Pain,Orthopedics,5,5.8,2025-11-15,2025-11-20,5
E02937,P00043,67,Male,Pneumonia,Pulmonology,5,3.8,2025-06-03,2025-06-08,5
E02938,P00254,42,Female,Fracture,Orthopedics,10,7.5,2025-02-12,2025-02-22,10
E02939,P03202,29,Female,Low Back Pain,Orthopedics,6,7.5,2025-12-29,2026-01-04,6
E02940,P01084,88,Female,Heart Failure,Cardiology,7,4.7,2025-07-24,2025-07-31,7
E02941,P02711,56,Female,Fracture,Orthopedics,3,5.9,2025-06-21,2025-06-24,3
E02942,P02515,34,Female,Fracture,Orthopedics,8,5.8,2025-10-21,2025-10-29,8
E02943,P02335,62,Male,Diabetes,General Medicine,3,1.1,2025-10-12,2025-10-15,3
E02944,P03059,28,Female,Diabetes,General Medicine,5,4.3,2025-11-07,2025-11-12,5
E02945,P01541,87,Female,COPD,Pulmonology,7,5.1,2025-02-21,2025-02-28,7
E02946,P01954,40,Male,Pneumonia,Pulmonology,11,5.9,2025-04-25,2025-05-06,11
E02947,P02826,87,Female,Diabetes,General Medicine,5,4.0,2025-01-19,2025-01-24,5
E02948,P02393,55,Female,Diabetes,General Medicine,3,2.4,2025-02-04,2025-02-07,3
E02949,P00642,19,Female,COPD,Pulmonology,7,1.0,2025-02-17,2025-02-24,7
E02950,P02430,89,Female,Pneumonia,Pulmonology,3,5.1,2025-08-21,2025-08-24,3
E02951,P00690,54,Male,Low Back Pain,Orthopedics,1,3.8,2025-08-07,2025-08-08,1
E02952,P01277,66,Male,Knee Osteoarthritis,Orthopedics,3,6.0,2025-04-20,2025-04-23,3
E02953,P01951,69,Female,Low Back Pain,Orthopedics,3,6.2,2025-09-11,2025-09-14,3
E02954,P01080,50,Male,Heart Failure,Cardiology,6,3.4,2025-07-07,2025-07-13,6
E02955,P01487,39,Female,Heart Failure,Cardiology,5,3.6,2025-01-31,2025-02-05,5
E02956,P00457,22,Male,Diabetes,General Medicine,7,3.7,2025-09-16,2025-09-23,7
E02957,P00983,35,Male,Fracture,Orthopedics,6,2.9,2025-06-12,2025-06-18,6
E02958,P02131,55,Male,Heart Failure,Cardiology,9,3.5,2025-12-10,2025-12-19,9
E02959,P01123,54,Male,Knee Osteoarthritis,Orthopedics,7,3.2,2025-11-04,2025-11-11,7
E02960,P00149,81,Male,Diabetes,General Medicine,2,4.6,2025-03-12,2025-03-14,2
E02961,P01353,27,Male,COPD,Pulmonology,10,2.7,2025-11-03,2025-11-13,10
E02962,P01180,59,Male,Heart Failure,Cardiology,2,0.3,2025-02-25,2025-02-27,2
E02963,P00190,65,Male,Fracture,Orthopedics,7,5.3,2025-04-09,2025-04-16,7
E02964,P00883,61,Male,COPD,Pulmonology,5,2.6,2025-01-21,2025-01-26,5
E02965,P02311,33,Male,Stroke,Neurology,8,6.3,2025-04-18,2025-04-26,8
E02966,P03152,71,Male,Stroke,Neurology,3,4.8,2025-02-22,2025-02-25,3
E02967,P00400,52,Female,Stroke,Neurology,8,5.0,2025-01-06,2025-01-14,8
E02968,P02812,45,Male,COPD,Pulmonology,2,5.3,2025-08-19,2025-08-21,2
E02969,P00609,19,Female,Stroke,Neurology,16,4.4,2025-03-23,2025-04-08,16
E02970,P03332,30,Male,Low Back Pain,Orthopedics,6,7.6,2025-08-05,2025-08-11,6
E02971,P01796,58,Female,Stroke,Neurology,3,5.5,2025-12-01,2025-12-04,3
E02972,P01639,76,Female,Diabetes,General Medicine,8,1.6,2025-02-16,2025-02-24,8
E02973,P01576,86,Female,Pneumonia,Pulmonology,3,5.7,2025-12-18,2025-12-21,3
E02974,P02833,70,Male,Low Back Pain,Orthopedics,2,4.4,2025-12-28,2025-12-30,2
E02975,P02149,62,Male,Fracture,Orthopedics,15,7.9,2025-08-29,2025-09-13,15
E02976,P01383,37,Male,Pneumonia,Pulmonology,7,1.2,2025-06-27,2025-07-04,7
E02977,P01404,41,Male,Diabetes,General Medicine,8,4.4,2025-03-23,2025-03-31,8
E02978,P00820,78,Female,Fracture,Orthopedics,16,9.3,2025-10-14,2025-10-30,16
E02979,P03293,75,Male,Diabetes,General Medicine,8,3.2,2025-07-11,2025-07-19,8
E02980,P00820,44,Male,Knee Osteoarthritis,Orthopedics,6,6.1,2025-05-23,2025-05-29,6
E02981,P00420,43,Male,Fracture,Orthopedics,8,7.4,2025-11-10,2025-11-18,8
E02982,P00124,24,Male,Low Back Pain,Orthopedics,4,6.0,2025-10-06,2025-10-10,4
E02983,P00422,59,Male,Pneumonia,Pulmonology,4,6.2,2025-02-10,2025-02-14,4
E02984,P03303,64,Male,Stroke,Neurology,8,4.8,2025-09-28,2025-10-06,8
E02985,P03135,70,Male,Diabetes,General Medicine,4,3.0,2025-03-28,2025-04-01,4
E02986,P01509,76,Male,Stroke,Neurology,4,3.7,2025-01-03,2025-01-07,4
E02987,P01598,55,Female,Fracture,Orthopedics,8,5.1,2025-07-30,2025-08-07,8
E02988,P00768,86,Female,Pneumonia,Pulmonology,11,2.6,2025-01-01,2025-01-12,11
E02989,P02045,70,Male,COPD,Pulmonology,6,3.0,2025-03-16,2025-03-22,6
E02990,P02531,32,Male,Low Back Pain,Orthopedics,3,5.8,2025-08-19,2025-08-22,3
E02991,P02567,43,Male,Heart Failure,Cardiology,10,2.5,2025-03-17,2025-03-27,10
E02992,P02203,65,Male,COPD,Pulmonology,12,6.6,2025-09-17,2025-09-29,12
E02993,P02140,36,Female,Fracture,Orthopedics,8,5.0,2025-01-25,2025-02-02,8
E02994,P03030,26,Female,Fracture,Orthopedics,16,6.7,2025-07-19,2025-08-04,16
E02995,P01550,81,Male,COPD,Pulmonology,4,4.4,2025-04-04,2025-04-08,4
E02996,P02503,71,Female,Heart Failure,Cardiology,12,4.4,2025-12-18,2025-12-30,12
E02997,P01765,68,Female,Fracture,Orthopedics,7,6.4,2025-04-18,2025-04-25,7
E02998,P02045,56,Male,Fracture,Orthopedics,12,6.1,2025-12-21,2026-01-02,12
E02999,P02646,21,Male,Diabetes,General Medicine,8,4.2,2025-04-05,2025-04-13,8
E03000,P00510,20,Male,Knee Osteoarthritis,Orthopedics,1,6.9,2025-12-22,2025-12-23,1
E03001,P01207,81,Female,Fracture,Orthopedics,10,6.1,2025-04-01,2025-04-11,10
E03002,P00386,46,Female,Stroke,Neurology,5,2.2,2025-02-13,2025-02-18,5
E03003,P01598,28,Male,Diabetes,General Medicine,1,2.8,2025-01-23,2025-01-24,1
E03004,P02453,75,Male,Knee Osteoarthritis,Orthopedics,3,4.8,2025-07-09,2025-07-12,3
E03005,P02294,44,Female,Stroke,Neurology,10,3.5,2025-01-23,2025-02-02,10
E03006,P00742,38,Female,Pneumonia,Pulmonology,11,3.5,2025-08-22,2025-09-02,11
E03007,P02709,56,Male,COPD,Pulmonology,10,4.0,2025-07-05,2025-07-15,10
E03008,P02698,63,Female,COPD,Pulmonology,8,6.2,2025-11-07,2025-11-15,8
E03009,P01912,83,Male,Heart Failure,Cardiology,5,2.7,2025-11-29,2025-12-04,5
E03010,P01447,53,Male,Knee Osteoarthritis,Orthopedics,2,7.7,2025-03-04,2025-03-06,2
E03011,P00901,82,Female,Stroke,Neurology,11,5.0,2025-04-13,2025-04-24,11
E03012,P02113,80,Female,Fracture,Orthopedics,5,8.4,2025-11-12,2025-11-17,5
E03013,P03085,52,Female,Diabetes,General Medicine,7,4.4,2025-07-08,2025-07-15,7
E03014,P02261,48,Male,Stroke,Neurology,5,3.0,2025-12-02,2025-12-07,5
E03015,P02010,45,Male,Diabetes,General Medicine,2,0.9,2025-07-08,2025-07-10,2
E03016,P00242,18,Male,COPD,Pulmonology,11,4.0,2025-12-17,2025-12-28,11
E03017,P02541,42,Male,Heart Failure,Cardiology,4,2.7,2025-03-10,2025-03-14,4
E03018,P03285,60,Male,Fracture,Orthopedics,3,5.0,2025-04-24,2025-04-27,3
E03019,P02386,84,Male,Heart Failure,Cardiology,5,1.6,2025-04-14,2025-04-19,5
E03020,P02021,80,Female,Stroke,Neurology,10,4.7,2025-04-18,2025-04-28,10
E03021,P00173,68,Male,Stroke,Neurology,7,6.8,2025-12-11,2025-12-18,7
E03022,P00672,19,Male,Diabetes,General Medicine,2,2.9,2025-01-21,2025-01-23,2
E03023,P00164,81,Male,Diabetes,General Medicine,3,4.4,2025-09-23,2025-09-26,3
E03024,P00465,86,Male,Knee Osteoarthritis,Orthopedics,1,6.3,2025-12-09,2025-12-10,1
E03025,P03043,26,Female,COPD,Pulmonology,3,1.6,2025-07-28,2025-07-31,3
E03026,P00497,19,Male,Knee Osteoarthritis,Orthopedics,1,7.6,2025-06-19,2025-06-20,1
E03027,P00700,51,Female,Knee Osteoarthritis,Orthopedics,2,4.9,2025-07-13,2025-07-15,2
E03028,P02443,77,Female,Stroke,Neurology,5,4.5,2025-12-13,2025-12-18,5
E03029,P00703,78,Male,Low Back Pain,Orthopedics,1,6.0,2025-05-03,2025-05-04,1
E03030,P01941,48,Male,Low Back Pain,Orthopedics,3,7.8,2025-06-26,2025-06-29,3
E03031,P02356,27,Female,Low Back Pain,Orthopedics,1,4.9,2025-01-04,2025-01-05,1
E03032,P01792,53,Female,Low Back Pain,Orthopedics,2,7.1,2025-07-07,2025-07-09,2
E03033,P00183,66,Male,Knee Osteoarthritis,Orthopedics,5,5.2,2025-12-12,2025-12-17,5
E03034,P00629,87,Female,Stroke,Neurology,10,3.7,2025-12-18,2025-12-28,10
E03035,P02558,66,Male,Low Back Pain,Orthopedics,5,1.0,2025-01-29,2025-02-03,5
E03036,P01732,20,Male,Fracture,Orthopedics,10,9.6,2025-03-27,2025-04-06,10
E03037,P00546,22,Female,Heart Failure,Cardiology,8,4.3,2025-02-16,2025-02-24,8
E03038,P01588,78,Male,Pneumonia,Pulmonology,13,2.3,2025-03-18,2025-03-31,13
E03039,P00624,43,Male,Heart Failure,Cardiology,5,1.8,2025-12-09,2025-12-14,5
E03040,P00594,89,Male,Stroke,Neurology,9,3.8,2025-07-10,2025-07-19,9
E03041,P00744,22,Female,Stroke,Neurology,8,5.6,2025-01-31,2025-02-08,8
E03042,P03299,32,Female,Pneumonia,Pulmonology,4,0.7,2025-11-03,2025-11-07,4
E03043,P01769,33,Female,Diabetes,General Medicine,1,3.3,2025-06-18,2025-06-19,1
E03044,P01460,18,Male,Diabetes,General Medicine,4,6.2,2025-02-05,2025-02-09,4
E03045,P01949,33,Female,Fracture,Orthopedics,12,4.8,2025-09-02,2025-09-14,12
E03046,P03494,54,Female,Diabetes,General Medicine,7,3.6,2025-12-17,2025-12-24,7
E03047,P02602,20,Female,Knee Osteoarthritis,Orthopedics,5,9.8,2025-07-07,2025-07-12,5
E03048,P02069,69,Male,Diabetes,General Medicine,1,4.4,2025-01-15,2025-01-16,1
E03049,P02602,64,Male,COPD,Pulmonology,6,3.7,2025-11-30,2025-12-06,6
E03050,P02445,30,Female,Knee Osteoarthritis,Orthopedics,7,7.3,2025-08-04,2025-08-11,7
E03051,P02673,72,Female,Knee Osteoarthritis,Orthopedics,1,5.9,2025-06-07,2025-06-08,1
E03052,P00105,38,Female,Fracture,Orthopedics,9,8.4,2025-06-04,2025-06-13,9
E03053,P02240,83,Male,Diabetes,General Medicine,4,2.9,2025-08-29,2025-09-02,4
E03054,P00017,71,Female,Diabetes,General Medicine,4,0.6,2025-10-23,2025-10-27,4
E03055,P03192,44,Male,Fracture,Orthopedics,13,5.9,2025-02-14,2025-02-27,13
E03056,P00393,55,Male,Pneumonia,Pulmonology,9,2.0,2025-06-24,2025-07-03,9
E03057,P00425,75,Male,Low Back Pain,Orthopedics,6,6.1,2025-12-12,2025-12-18,6
E03058,P02177,79,Female,Fracture,Orthopedics,11,6.1,2025-02-25,2025-03-08,11
E03059,P03202,63,Female,Pneumonia,Pulmonology,11,5.3,2025-02-23,2025-03-06,11
E03060,P00572,28,Male,Knee Osteoarthritis,Orthopedics,6,7.5,2025-12-07,2025-12-13,6
E03061,P02077,89,Male,Pneumonia,Pulmonology,8,3.9,2025-09-22,2025-09-30,8
E03062,P01121,25,Male,Knee Osteoarthritis,Orthopedics,7,6.5,2025-08-27,2025-09-03,7
E03063,P03082,88,Male,Stroke,Neurology,6,2.9,2025-11-17,2025-11-23,6
E03064,P00242,81,Female,Knee Osteoarthritis,Orthopedics,3,3.2,2025-04-18,2025-04-21,3
E03065,P02280,38,Female,Knee Osteoarthritis,Orthopedics,7,6.7,2025-07-17,2025-07-24,7
E03066,P00789,89,Male,Pneumonia,Pulmonology,5,4.7,2025-08-02,2025-08-07,5
E03067,P03356,80,Male,Low Back Pain,Orthopedics,5,6.3,2025-09-03,2025-09-08,5
E03068,P00715,81,Male,Stroke,Neurology,6,3.7,2025-02-07,2025-02-13,6
E03069,P00759,37,Female,Heart Failure,Cardiology,2,4.2,2025-06-22,2025-06-24,2
E03070,P02850,25,Male,Heart Failure,Cardiology,12,3.4,2025-04-15,2025-04-27,12
E03071,P00776,75,Female,Low Back Pain,Orthopedics,1,9.0,2025-02-09,2025-02-10,1
E03072,P02774,63,Male,Heart Failure,Cardiology,11,5.3,2025-05-10,2025-05-21,11
E03073,P02248,48,Female,Stroke,Neurology,12,5.9,2025-06-30,2025-07-12,12
E03074,P02993,26,Female,Diabetes,General Medicine,4,4.6,2025-07-13,2025-07-17,4
E03075,P00079,32,Male,Stroke,Neurology,13,2.6,2025-11-27,2025-12-10,13
E03076,P03004,43,Female,Pneumonia,Pulmonology,4,4.5,2025-10-16,2025-10-20,4
E03077,P00856,27,Female,Fracture,Orthopedics,13,7.1,2025-12-07,2025-12-20,13
E03078,P03245,46,Female,COPD,Pulmonology,4,4.4,2025-02-28,2025-03-04,4
E03079,P02515,53,Female,Knee Osteoarthritis,Orthopedics,4,7.2,2025-12-17,2025-12-21,4
E03080,P02629,54,Male,Knee Osteoarthritis,Orthopedics,1,7.2,2025-01-26,2025-01-27,1
E03081,P01440,88,Male,Fracture,Orthopedics,6,10.0,2025-04-13,2025-04-19,6
E03082,P02988,40,Male,Pneumonia,Pulmonology,2,3.4,2025-01-21,2025-01-23,2
E03083,P02497,58,Male,Pneumonia,Pulmonology,9,4.9,2025-03-21,2025-03-30,9
E03084,P02135,45,Male,COPD,Pulmonology,2,2.8,2025-11-23,2025-11-25,2
E03085,P02149,65,Female,COPD,Pulmonology,7,4.7,2025-07-18,2025-07-25,7
E03086,P01032,55,Female,Knee Osteoarthritis,Orthopedics,7,7.9,2025-11-18,2025-11-25,7
E03087,P00845,48,Female,COPD,Pulmonology,11,4.0,2025-02-06,2025-02-17,11
E03088,P03272,31,Female,COPD,Pulmonology,3,6.0,2025-01-14,2025-01-17,3
E03089,P00087,90,Male,COPD,Pulmonology,5,2.2,2025-08-09,2025-08-14,5
E03090,P02091,46,Male,Fracture,Orthopedics,13,5.8,2025-12-30,2026-01-12,13
E03091,P03457,68,Female,Low Back Pain,Orthopedics,6,6.8,2025-06-15,2025-06-21,6
E03092,P00408,66,Male,Diabetes,General Medicine,3,4.8,2025-06-22,2025-06-25,3
E03093,P02712,60,Female,COPD,Pulmonology,10,3.8,2025-05-30,2025-06-09,10
E03094,P03089,89,Female,Diabetes,General Medicine,6,5.4,2025-06-21,2025-06-27,6
E03095,P01669,22,Male,Diabetes,General Medicine,7,2.5,2025-03-22,2025-03-29,7
E03096,P00148,59,Male,Pneumonia,Pulmonology,3,1.8,2025-12-02,2025-12-05,3
E03097,P02325,24,Male,COPD,Pulmonology,12,4.0,2025-08-13,2025-08-25,12
E03098,P00232,59,Male,Knee Osteoarthritis,Orthopedics,4,6.4,2025-12-25,2025-12-29,4
E03099,P01951,53,Male,Low Back Pain,Orthopedics,6,7.3,2025-02-04,2025-02-10,6
E03100,P00366,44,Male,Knee Osteoarthritis,Orthopedics,1,6.5,2025-12-24,2025-12-25,1
E03101,P03300,75,Male,COPD,Pulmonology,4,3.0,2025-07-07,2025-07-11,4
E03102,P01675,63,Female,Knee Osteoarthritis,Orthopedics,6,6.4,2025-08-12,2025-08-18,6
E03103,P00436,83,Male,COPD,Pulmonology,12,3.5,2025-05-11,2025-05-23,12
E03104,P00399,42,Female,Low Back Pain,Orthopedics,6,6.0,2025-12-17,2025-12-23,6
E03105,P01235,90,Female,Stroke,Neurology,16,4.2,2025-11-07,2025-11-23,16
E03106,P01415,44,Male,Low Back Pain,Orthopedics,3,5.9,2025-01-09,2025-01-12,3
E03107,P02547,18,Female,Fracture,Orthopedics,5,7.8,2025-03-10,2025-03-15,5
E03108,P02588,59,Male,Stroke,Neurology,6,4.8,2025-01-28,2025-02-03,6
E03109,P00563,69,Female,Heart Failure,Cardiology,10,6.9,2025-08-22,2025-09-01,10
E03110,P02490,42,Female,Stroke,Neurology,13,4.7,2025-01-31,2025-02-13,13
E03111,P01285,71,Female,Diabetes,General Medicine,5,2.7,2025-11-11,2025-11-16,5
E03112,P00773,84,Male,Fracture,Orthopedics,10,10.0,2025-08-20,2025-08-30,10
E03113,P02398,23,Female,Diabetes,General Medicine,1,4.1,2025-12-04,2025-12-05,1
E03114,P02038,75,Female,Fracture,Orthopedics,15,8.0,2025-02-23,2025-03-10,15
E03115,P03424,87,Female,Low Back Pain,Orthopedics,4,7.4,2025-06-24,2025-06-28,4
E03116,P02568,70,Male,Diabetes,General Medicine,3,4.4,2025-10-25,2025-10-28,3
E03117,P01344,83,Female,Diabetes,General Medicine,1,4.3,2025-10-06,2025-10-07,1
E03118,P02186,75,Male,Heart Failure,Cardiology,8,1.8,2025-12-31,2026-01-08,8
E03119,P01574,19,Female,Diabetes,General Medicine,3,4.1,2025-03-27,2025-03-30,3
E03120,P00992,39,Female,Pneumonia,Pulmonology,12,1.5,2025-03-06,2025-03-18,12
E03121,P02416,54,Female,Pneumonia,Pulmonology,8,3.2,2025-03-30,2025-04-07,8
E03122,P03292,37,Male,Pneumonia,Pulmonology,10,2.4,2025-02-23,2025-03-05,10
E03123,P03409,41,Female,Stroke,Neurology,5,5.0,2025-04-28,2025-05-03,5
E03124,P01247,82,Female,Low Back Pain,Orthopedics,3,7.0,2025-12-27,2025-12-30,3
E03125,P00360,82,Female,Low Back Pain,Orthopedics,2,7.2,2025-08-17,2025-08-19,2
E03126,P00921,18,Female,Knee Osteoarthritis,Orthopedics,2,6.9,2025-09-24,2025-09-26,2
E03127,P02377,20,Male,Heart Failure,Cardiology,2,2.6,2025-11-15,2025-11-17,2
E03128,P03010,63,Female,Pneumonia,Pulmonology,10,3.1,2025-01-22,2025-02-01,10
E03129,P02511,72,Female,Pneumonia,Pulmonology,7,4.9,2025-09-04,2025-09-11,7
E03130,P02994,81,Female,Diabetes,General Medicine,6,5.1,2025-11-10,2025-11-16,6
E03131,P00963,62,Female,Pneumonia,Pulmonology,9,1.8,2025-01-20,2025-01-29,9
E03132,P01828,43,Male,Diabetes,General Medicine,3,1.2,2025-07-03,2025-07-06,3
E03133,P03454,82,Female,Diabetes,General Medicine,5,2.4,2025-12-15,2025-12-20,5
E03134,P02884,41,Female,Knee Osteoarthritis,Orthopedics,1,8.1,2025-02-19,2025-02-20,1
E03135,P01614,52,Male,Stroke,Neurology,13,6.3,2025-03-31,2025-04-13,13
E03136,P01641,41,Female,Diabetes,General Medicine,5,2.1,2025-04-14,2025-04-19,5
E03137,P02217,45,Female,Diabetes,General Medicine,2,4.0,2025-07-13,2025-07-15,2
E03138,P00217,33,Female,Low Back Pain,Orthopedics,6,9.3,2025-03-15,2025-03-21,6
E03139,P00378,76,Male,Knee Osteoarthritis,Orthopedics,7,7.1,2025-09-26,2025-10-03,7
E03140,P00119,71,Female,Diabetes,General Medicine,1,5.6,2025-01-15,2025-01-16,1
E03141,P00190,33,Male,Heart Failure,Cardiology,4,5.0,2025-11-25,2025-11-29,4
E03142,P02815,32,Male,Stroke,Neurology,12,3.1,2025-10-10,2025-10-22,12
E03143,P00370,28,Male,Fracture,Orthopedics,6,6.2,2025-07-17,2025-07-23,6
E03144,P01802,82,Male,Heart Failure,Cardiology,11,3.6,2025-12-10,2025-12-21,11
E03145,P02197,85,Male,Pneumonia,Pulmonology,12,3.7,2025-07-14,2025-07-26,12
E03146,P00652,60,Male,Stroke,Neurology,10,5.9,2025-02-05,2025-02-15,10
E03147,P01883,86,Male,Pneumonia,Pulmonology,7,4.1,2025-07-24,2025-07-31,7
E03148,P01512,30,Female,Low Back Pain,Orthopedics,5,2.1,2025-11-04,2025-11-09,5
E03149,P00770,27,Female,COPD,Pulmonology,8,1.5,2025-05-19,2025-05-27,8
E03150,P02422,58,Male,COPD,Pulmonology,8,0.2,2025-09-21,2025-09-29,8
E03151,P00781,67,Male,COPD,Pulmonology,5,3.8,2025-02-26,2025-03-03,5
E03152,P01717,88,Male,Diabetes,General Medicine,7,3.9,2025-04-20,2025-04-27,7
E03153,P02208,76,Male,Knee Osteoarthritis,Orthopedics,4,6.9,2025-06-23,2025-06-27,4
E03154,P02399,56,Male,Heart Failure,Cardiology,7,2.1,2025-07-25,2025-08-01,7
E03155,P01312,20,Male,Pneumonia,Pulmonology,13,4.5,2025-08-13,2025-08-26,13
E03156,P03360,24,Female,Diabetes,General Medicine,1,4.6,2025-03-05,2025-03-06,1
E03157,P02940,66,Female,COPD,Pulmonology,4,1.6,2025-09-09,2025-09-13,4
E03158,P01250,43,Male,Heart Failure,Cardiology,9,1.3,2025-09-24,2025-10-03,9
E03159,P00523,50,Male,Heart Failure,Cardiology,8,3.5,2025-12-18,2025-12-26,8
E03160,P00522,65,Male,Low Back Pain,Orthopedics,4,9.2,2025-11-28,2025-12-02,4
E03161,P00783,19,Female,Low Back Pain,Orthopedics,2,9.0,2025-11-16,2025-11-18,2
E03162,P02321,88,Male,COPD,Pulmonology,4,4.3,2025-12-23,2025-12-27,4
E03163,P00936,49,Female,Pneumonia,Pulmonology,8,2.4,2025-04-03,2025-04-11,8
E03164,P03474,21,Female,COPD,Pulmonology,11,4.8,2025-07-02,2025-07-13,11
E03165,P02231,37,Female,COPD,Pulmonology,10,2.8,2025-10-27,2025-11-06,10
E03166,P01689,53,Male,Diabetes,General Medicine,4,2.3,2025-08-02,2025-08-06,4
E03167,P00488,49,Male,Knee Osteoarthritis,Orthopedics,2,3.3,2025-05-22,2025-05-24,2
E03168,P01851,45,Female,COPD,Pulmonology,4,3.7,2025-03-24,2025-03-28,4
E03169,P00846,18,Female,Pneumonia,Pulmonology,11,2.6,2025-04-09,2025-04-20,11
E03170,P02172,77,Female,Heart Failure,Cardiology,10,3.6,2025-10-08,2025-10-18,10
E03171,P03033,73,Female,Heart Failure,Cardiology,14,0.1,2025-04-12,2025-04-26,14
E03172,P02838,52,Male,Fracture,Orthopedics,10,6.8,2025-11-25,2025-12-05,10
E03173,P02462,47,Female,Stroke,Neurology,14,0.9,2025-03-12,2025-03-26,14
E03174,P02004,71,Male,COPD,Pulmonology,4,5.1,2025-12-04,2025-12-08,4
E03175,P01749,53,Female,Fracture,Orthopedics,10,7.3,2025-09-23,2025-10-03,10
E03176,P03244,72,Male,Fracture,Orthopedics,14,6.1,2025-05-10,2025-05-24,14
E03177,P03360,75,Female,Diabetes,General Medicine,4,4.3,2025-03-01,2025-03-05,4
E03178,P00686,82,Male,Stroke,Neurology,8,3.0,2025-10-28,2025-11-05,8
E03179,P02161,86,Male,Low Back Pain,Orthopedics,4,6.6,2025-04-29,2025-05-03,4
E03180,P02936,68,Male,Knee Osteoarthritis,Orthopedics,2,7.7,2025-09-20,2025-09-22,2
E03181,P02170,39,Female,Pneumonia,Pulmonology,3,0.0,2025-11-24,2025-11-27,3
E03182,P01568,70,Male,COPD,Pulmonology,9,2.8,2025-01-21,2025-01-30,9
E03183,P01246,53,Female,Heart Failure,Cardiology,14,3.5,2025-04-07,2025-04-21,14
E03184,P00039,85,Male,Diabetes,General Medicine,1,3.2,2025-10-30,2025-10-31,1
E03185,P02545,53,Male,Heart Failure,Cardiology,8,5.7,2025-01-01,2025-01-09,8
E03186,P00780,69,Female,COPD,Pulmonology,9,1.8,2025-07-22,2025-07-31,9
E03187,P01257,70,Male,Low Back Pain,Orthopedics,3,5.6,2025-05-08,2025-05-11,3
E03188,P02991,67,Male,Stroke,Neurology,12,1.6,2025-12-16,2025-12-28,12
E03189,P02197,58,Female,COPD,Pulmonology,5,5.8,2025-05-12,2025-05-17,5
E03190,P03469,35,Male,Stroke,Neurology,3,4.1,2025-02-03,2025-02-06,3
E03191,P03070,39,Male,Pneumonia,Pulmonology,4,2.8,2025-03-28,2025-04-01,4
E03192,P02709,83,Male,Diabetes,General Medicine,7,3.4,2025-02-01,2025-02-08,7
E03193,P01928,38,Male,Low Back Pain,Orthopedics,3,7.5,2025-09-16,2025-09-19,3
E03194,P00302,61,Female,Diabetes,General Medicine,3,4.0,2025-11-20,2025-11-23,3
E03195,P03432,64,Male,Pneumonia,Pulmonology,8,7.5,2025-11-09,2025-11-17,8
E03196,P02286,56,Male,Low Back Pain,Orthopedics,3,7.2,2025-02-02,2025-02-05,3
E03197,P00647,46,Male,Fracture,Orthopedics,15,5.8,2025-10-13,2025-10-28,15
E03198,P00663,71,Male,Low Back Pain,Orthopedics,3,5.7,2025-11-22,2025-11-25,3
E03199,P02284,34,Male,Stroke,Neurology,3,3.9,2025-02-18,2025-02-21,3
E03200,P01760,77,Male,Stroke,Neurology,12,2.2,2025-10-13,2025-10-25,12
E03201,P02251,48,Male,Stroke,Neurology,11,4.6,2025-03-23,2025-04-03,11
E03202,P00256,90,Male,Heart Failure,Cardiology,13,4.7,2025-05-24,2025-06-06,13
E03203,P00598,66,Female,Fracture,Orthopedics,8,5.6,2025-10-07,2025-10-15,8
E03204,P00662,19,Female,Knee Osteoarthritis,Orthopedics,5,5.3,2025-04-02,2025-04-07,5
E03205,P00235,65,Female,COPD,Pulmonology,8,5.8,2025-08-12,2025-08-20,8
E03206,P01369,31,Female,Stroke,Neurology,3,2.4,2025-08-05,2025-08-08,3
E03207,P02582,76,Male,Knee Osteoarthritis,Orthopedics,1,3.4,2025-06-05,2025-06-06,1
E03208,P02908,75,Male,Knee Osteoarthritis,Orthopedics,4,4.8,2025-10-04,2025-10-08,4
E03209,P00770,75,Female,Diabetes,General Medicine,7,1.2,2025-01-08,2025-01-15,7
E03210,P02589,68,Female,Pneumonia,Pulmonology,12,4.1,2025-02-05,2025-02-17,12
E03211,P00213,19,Female,Heart Failure,Cardiology,12,3.0,2025-05-04,2025-05-16,12
E03212,P00463,58,Male,Knee Osteoarthritis,Orthopedics,2,6.2,2025-01-09,2025-01-11,2
E03213,P02484,33,Male,COPD,Pulmonology,10,5.2,2025-02-09,2025-02-19,10
E03214,P00283,21,Female,Heart Failure,Cardiology,2,2.5,2025-06-28,2025-06-30,2
E03215,P01487,29,Female,Diabetes,General Medicine,4,4.7,2025-05-09,2025-05-13,4
E03216,P01431,46,Female,Stroke,Neurology,6,6.8,2025-03-09,2025-03-15,6
E03217,P00088,24,Female,Low Back Pain,Orthopedics,3,5.8,2025-06-03,2025-06-06,3
E03218,P01068,31,Female,Knee Osteoarthritis,Orthopedics,7,7.6,2025-01-03,2025-01-10,7
E03219,P00461,29,Male,Pneumonia,Pulmonology,2,3.1,2025-12-30,2026-01-01,2
E03220,P02326,22,Female,Low Back Pain,Orthopedics,1,7.9,2025-09-22,2025-09-23,1
E03221,P02469,49,Male,Diabetes,General Medicine,5,1.1,2025-01-04,2025-01-09,5
E03222,P01725,60,Female,Heart Failure,Cardiology,9,1.0,2025-09-19,2025-09-28,9
E03223,P01377,86,Female,COPD,Pulmonology,3,2.9,2025-11-25,2025-11-28,3
E03224,P02744,62,Male,Fracture,Orthopedics,4,5.2,2025-10-09,2025-10-13,4
E03225,P00515,26,Female,Stroke,Neurology,10,3.7,2025-03-26,2025-04-05,10
E03226,P00703,66,Male,Heart Failure,Cardiology,12,3.2,2025-12-08,2025-12-20,12
E03227,P01654,50,Male,Pneumonia,Pulmonology,2,4.6,2025-02-04,2025-02-06,2
E03228,P02067,35,Female,Knee Osteoarthritis,Orthopedics,5,5.9,2025-04-24,2025-04-29,5
E03229,P00023,26,Female,Pneumonia,Pulmonology,8,2.3,2025-02-28,2025-03-08,8
E03230,P02461,79,Male,Heart Failure,Cardiology,10,3.0,2025-02-07,2025-02-17,10
E03231,P01054,74,Male,Heart Failure,Cardiology,13,2.3,2025-02-02,2025-02-15,13
E03232,P01831,46,Female,Low Back Pain,Orthopedics,3,5.1,2025-07-22,2025-07-25,3
E03233,P02156,42,Male,Pneumonia,Pulmonology,8,1.1,2025-07-21,2025-07-29,8
E03234,P03439,32,Female,Pneumonia,Pulmonology,7,3.6,2025-04-10,2025-04-17,7
E03235,P01305,23,Male,Pneumonia,Pulmonology,8,2.6,2025-10-28,2025-11-05,8
E03236,P03200,59,Female,Stroke,Neurology,9,5.9,2025-10-31,2025-11-09,9
E03237,P03301,46,Male,COPD,Pulmonology,11,1.3,2025-04-28,2025-05-09,11
E03238,P01135,21,Male,Heart Failure,Cardiology,2,2.7,2025-08-31,2025-09-02,2
E03239,P02184,74,Female,Diabetes,General Medicine,6,6.2,2025-01-29,2025-02-04,6
E03240,P00362,66,Male,Stroke,Neurology,5,3.1,2025-08-15,2025-08-20,5
E03241,P03258,61,Male,Stroke,Neurology,12,4.1,2025-12-06,2025-12-18,12
E03242,P02177,31,Male,Stroke,Neurology,3,2.7,2025-08-01,2025-08-04,3
E03243,P01900,20,Male,Low Back Pain,Orthopedics,5,4.5,2025-07-06,2025-07-11,5
E03244,P01285,79,Male,Fracture,Orthopedics,5,8.8,2025-04-23,2025-04-28,5
E03245,P00515,81,Male,COPD,Pulmonology,2,3.8,2025-10-26,2025-10-28,2
E03246,P00449,62,Male,COPD,Pulmonology,3,3.7,2025-06-10,2025-06-13,3
E03247,P01924,75,Female,Diabetes,General Medicine,2,1.0,2025-01-19,2025-01-21,2
E03248,P03176,37,Male,Fracture,Orthopedics,7,7.0,2025-09-21,2025-09-28,7
E03249,P01507,75,Male,Pneumonia,Pulmonology,12,5.2,2025-06-08,2025-06-20,12
E03250,P01248,74,Female,Low Back Pain,Orthopedics,3,8.2,2025-01-11,2025-01-14,3
E03251,P01856,85,Male,Heart Failure,Cardiology,7,4.5,2025-01-08,2025-01-15,7
E03252,P00874,69,Male,Fracture,Orthopedics,11,4.8,2025-06-02,2025-06-13,11
E03253,P02521,54,Female,Knee Osteoarthritis,Orthopedics,6,7.0,2025-04-23,2025-04-29,6
E03254,P03082,25,Male,Low Back Pain,Orthopedics,2,7.5,2025-05-28,2025-05-30,2
E03255,P01429,61,Male,Knee Osteoarthritis,Orthopedics,2,3.8,2025-02-07,2025-02-09,2
E03256,P02350,22,Female,Heart Failure,Cardiology,14,1.8,2025-05-15,2025-05-29,14
E03257,P02279,86,Female,Diabetes,General Medicine,5,4.8,2025-08-23,2025-08-28,5
E03258,P01755,48,Male,COPD,Pulmonology,9,4.8,2025-09-12,2025-09-21,9
E03259,P00923,62,Male,Knee Osteoarthritis,Orthopedics,3,4.2,2025-03-15,2025-03-18,3
E03260,P03138,26,Female,Stroke,Neurology,10,5.7,2025-11-24,2025-12-04,10
E03261,P02985,49,Male,Low Back Pain,Orthopedics,6,6.6,2025-12-28,2026-01-03,6
E03262,P02160,50,Female,Fracture,Orthopedics,12,7.7,2025-10-03,2025-10-15,12
E03263,P01037,84,Female,Fracture,Orthopedics,9,5.5,2025-07-28,2025-08-06,9
E03264,P01417,47,Female,Knee Osteoarthritis,Orthopedics,1,7.5,2025-09-24,2025-09-25,1
E03265,P02548,46,Male,Heart Failure,Cardiology,13,4.8,2025-05-24,2025-06-06,13
E03266,P02980,20,Female,COPD,Pulmonology,10,3.0,2025-02-11,2025-02-21,10
E03267,P02646,74,Female,Stroke,Neurology,7,4.5,2025-08-12,2025-08-19,7
E03268,P02282,47,Female,Fracture,Orthopedics,11,5.5,2025-12-12,2025-12-23,11
E03269,P02650,26,Male,Knee Osteoarthritis,Orthopedics,2,9.0,2025-02-21,2025-02-23,2
E03270,P00314,43,Male,COPD,Pulmonology,9,3.3,2025-11-04,2025-11-13,9
E03271,P02614,19,Male,Heart Failure,Cardiology,8,2.1,2025-05-17,2025-05-25,8
E03272,P03084,79,Female,Diabetes,General Medicine,3,2.4,2025-07-14,2025-07-17,3
E03273,P02257,20,Male,Heart Failure,Cardiology,5,3.7,2025-04-05,2025-04-10,5
E03274,P01998,63,Male,Diabetes,General Medicine,3,4.6,2025-09-15,2025-09-18,3
E03275,P01038,85,Female,Fracture,Orthopedics,6,4.5,2025-01-25,2025-01-31,6
E03276,P01657,42,Female,COPD,Pulmonology,5,6.3,2025-08-20,2025-08-25,5
E03277,P03490,68,Male,COPD,Pulmonology,11,4.0,2025-11-28,2025-12-09,11
E03278,P03449,30,Male,Stroke,Neurology,12,5.2,2025-04-04,2025-04-16,12
E03279,P03092,61,Female,Heart Failure,Cardiology,9,3.4,2025-12-16,2025-12-25,9
E03280,P02635,52,Male,Pneumonia,Pulmonology,5,3.5,2025-08-09,2025-08-14,5
E03281,P01779,72,Female,Fracture,Orthopedics,16,6.3,2025-10-24,2025-11-09,16
E03282,P01015,26,Female,Low Back Pain,Orthopedics,5,8.0,2025-07-22,2025-07-27,5
E03283,P01094,19,Male,Pneumonia,Pulmonology,3,3.5,2025-12-09,2025-12-12,3
E03284,P03283,78,Male,Fracture,Orthopedics,15,7.7,2025-03-22,2025-04-06,15
E03285,P01125,58,Male,Pneumonia,Pulmonology,5,2.8,2025-07-24,2025-07-29,5
E03286,P00698,61,Male,Pneumonia,Pulmonology,8,3.8,2025-03-18,2025-03-26,8
E03287,P02180,81,Female,Low Back Pain,Orthopedics,3,5.3,2025-02-07,2025-02-10,3
E03288,P01405,48,Male,Pneumonia,Pulmonology,2,5.3,2025-07-14,2025-07-16,2
E03289,P01156,64,Male,Diabetes,General Medicine,8,2.2,2025-02-11,2025-02-19,8
E03290,P01044,19,Male,Heart Failure,Cardiology,14,3.0,2025-07-01,2025-07-15,14
E03291,P01930,86,Female,COPD,Pulmonology,9,3.0,2025-09-02,2025-09-11,9
E03292,P02584,75,Male,Stroke,Neurology,10,4.0,2025-07-14,2025-07-24,10
E03293,P01014,61,Male,Pneumonia,Pulmonology,7,4.6,2025-03-19,2025-03-26,7
E03294,P00227,73,Female,COPD,Pulmonology,8,3.0,2025-11-16,2025-11-24,8
E03295,P03226,60,Female,Pneumonia,Pulmonology,11,5.6,2025-05-05,2025-05-16,11
E03296,P01829,51,Female,Fracture,Orthopedics,13,5.3,2025-05-21,2025-06-03,13
E03297,P01493,47,Female,Stroke,Neurology,4,4.8,2025-01-27,2025-01-31,4
E03298,P00822,88,Female,Fracture,Orthopedics,7,5.3,2025-11-11,2025-11-18,7
E03299,P02024,87,Male,Stroke,Neurology,14,5.1,2025-11-17,2025-12-01,14
E03300,P00871,72,Female,Pneumonia,Pulmonology,8,3.5,2025-10-08,2025-10-16,8
E03301,P02453,84,Female,Diabetes,General Medicine,7,3.3,2025-10-20,2025-10-27,7
E03302,P02250,30,Female,COPD,Pulmonology,10,5.3,2025-08-30,2025-09-09,10
E03303,P02086,20,Female,Stroke,Neurology,3,3.5,2025-08-24,2025-08-27,3
E03304,P02990,43,Female,Heart Failure,Cardiology,4,4.4,2025-07-22,2025-07-26,4
E03305,P01796,74,Female,COPD,Pulmonology,7,2.3,2025-11-23,2025-11-30,7
E03306,P00188,41,Female,Heart Failure,Cardiology,8,3.7,2025-05-22,2025-05-30,8
E03307,P01081,70,Female,COPD,Pulmonology,7,1.7,2025-04-04,2025-04-11,7
E03308,P00941,87,Male,Diabetes,General Medicine,1,2.5,2025-06-01,2025-06-02,1
E03309,P03092,60,Male,Fracture,Orthopedics,6,6.4,2025-09-10,2025-09-16,6
E03310,P02321,77,Male,Low Back Pain,Orthopedics,6,9.2,2025-03-08,2025-03-14,6
E03311,P03191,75,Female,Fracture,Orthopedics,10,6.7,2025-06-25,2025-07-05,10
E03312,P02631,66,Female,Knee Osteoarthritis,Orthopedics,2,9.0,2025-04-13,2025-04-15,2
E03313,P02564,59,Female,Diabetes,General Medicine,7,3.8,2025-04-01,2025-04-08,7
E03314,P03293,83,Male,Pneumonia,Pulmonology,5,2.9,2025-07-12,2025-07-17,5
E03315,P00526,28,Female,Knee Osteoarthritis,Orthopedics,7,8.8,2025-06-15,2025-06-22,7
E03316,P00336,35,Female,Pneumonia,Pulmonology,12,4.2,2025-03-31,2025-04-12,12
E03317,P02746,69,Female,Heart Failure,Cardiology,4,2.5,2025-11-22,2025-11-26,4
E03318,P01079,63,Male,Stroke,Neurology,10,5.2,2025-11-11,2025-11-21,10
E03319,P02548,61,Male,COPD,Pulmonology,2,3.1,2025-09-25,2025-09-27,2
E03320,P02948,39,Female,Pneumonia,Pulmonology,5,0.5,2025-02-20,2025-02-25,5
E03321,P02814,70,Male,Heart Failure,Cardiology,9,4.9,2025-06-15,2025-06-24,9
E03322,P02584,76,Female,Diabetes,General Medicine,2,5.1,2025-06-23,2025-06-25,2
E03323,P00162,47,Female,Pneumonia,Pulmonology,5,6.3,2025-08-15,2025-08-20,5
E03324,P00594,25,Male,Fracture,Orthopedics,4,7.1,2025-09-23,2025-09-27,4
E03325,P01939,74,Male,Heart Failure,Cardiology,3,3.1,2025-01-09,2025-01-12,3
E03326,P02207,90,Male,Stroke,Neurology,6,5.8,2025-03-28,2025-04-03,6
E03327,P03260,37,Male,COPD,Pulmonology,5,4.8,2025-04-04,2025-04-09,5
E03328,P00060,42,Female,Pneumonia,Pulmonology,3,6.0,2025-02-21,2025-02-24,3
E03329,P02963,36,Female,Low Back Pain,Orthopedics,6,6.4,2025-06-28,2025-07-04,6
E03330,P03391,22,Male,Heart Failure,Cardiology,12,3.3,2025-10-05,2025-10-17,12
E03331,P01902,89,Male,Pneumonia,Pulmonology,4,2.4,2025-08-27,2025-08-31,4
E03332,P02259,44,Female,Stroke,Neurology,10,5.3,2025-03-14,2025-03-24,10
E03333,P00406,57,Female,COPD,Pulmonology,9,1.2,2025-12-05,2025-12-14,9
E03334,P00664,43,Female,Pneumonia,Pulmonology,2,4.7,2025-03-13,2025-03-15,2
E03335,P01133,44,Female,Pneumonia,Pulmonology,4,4.4,2025-03-09,2025-03-13,4
E03336,P01100,79,Male,COPD,Pulmonology,6,4.4,2025-01-05,2025-01-11,6
E03337,P00542,67,Male,Low Back Pain,Orthopedics,2,6.7,2025-12-05,2025-12-07,2
E03338,P01338,59,Male,Heart Failure,Cardiology,13,5.8,2025-08-26,2025-09-08,13
E03339,P00998,46,Female,Knee Osteoarthritis,Orthopedics,4,7.8,2025-05-01,2025-05-05,4
E03340,P01141,56,Female,Fracture,Orthopedics,7,5.6,2025-07-30,2025-08-06,7
E03341,P02975,77,Male,COPD,Pulmonology,12,2.6,2025-09-19,2025-10-01,12
E03342,P00868,58,Male,Pneumonia,Pulmonology,11,2.2,2025-11-21,2025-12-02,11
E03343,P02067,50,Male,Knee Osteoarthritis,Orthopedics,3,7.3,2025-02-27,2025-03-02,3
E03344,P00432,33,Female,Diabetes,General Medicine,7,2.0,2025-02-12,2025-02-19,7
E03345,P00740,40,Male,Pneumonia,Pulmonology,10,5.1,2025-07-16,2025-07-26,10
E03346,P01374,24,Female,Knee Osteoarthritis,Orthopedics,3,8.5,2025-03-13,2025-03-16,3
E03347,P00183,43,Male,Diabetes,General Medicine,1,2.2,2025-04-01,2025-04-02,1
E03348,P02161,29,Male,Low Back Pain,Orthopedics,4,6.2,2025-02-06,2025-02-10,4
E03349,P01207,89,Male,Heart Failure,Cardiology,11,3.5,2025-11-10,2025-11-21,11
E03350,P02529,22,Female,Pneumonia,Pulmonology,7,4.8,2025-08-25,2025-09-01,7
E03351,P01170,86,Female,Heart Failure,Cardiology,10,5.9,2025-10-20,2025-10-30,10
E03352,P00831,66,Female,Diabetes,General Medicine,3,1.0,2025-06-03,2025-06-06,3
E03353,P01652,43,Female,Heart Failure,Cardiology,4,3.0,2025-06-19,2025-06-23,4
E03354,P01137,22,Female,Heart Failure,Cardiology,13,3.1,2025-09-29,2025-10-12,13
E03355,P02811,39,Female,COPD,Pulmonology,6,1.4,2025-04-20,2025-04-26,6
E03356,P00476,30,Male,Stroke,Neurology,9,3.8,2025-05-31,2025-06-09,9
E03357,P02811,45,Female,Diabetes,General Medicine,8,4.1,2025-05-11,2025-05-19,8
E03358,P01327,50,Male,Heart Failure,Cardiology,6,3.1,2025-09-25,2025-10-01,6
E03359,P00971,40,Female,Fracture,Orthopedics,13,4.2,2025-01-23,2025-02-05,13
E03360,P01020,35,Male,Knee Osteoarthritis,Orthopedics,5,10.0,2025-05-19,2025-05-24,5
E03361,P01142,47,Male,Diabetes,General Medicine,7,3.9,2025-11-04,2025-11-11,7
E03362,P01837,43,Female,Stroke,Neurology,8,4.7,2025-08-27,2025-09-04,8
E03363,P00161,33,Male,Pneumonia,Pulmonology,11,1.9,2025-07-11,2025-07-22,11
E03364,P02449,56,Female,Low Back Pain,Orthopedics,5,6.9,2025-05-07,2025-05-12,5
E03365,P00198,50,Female,Heart Failure,Cardiology,3,3.3,2025-01-29,2025-02-01,3
E03366,P01284,43,Female,Knee Osteoarthritis,Orthopedics,3,3.7,2025-05-01,2025-05-04,3
E03367,P00660,65,Female,Stroke,Neurology,13,2.9,2025-07-17,2025-07-30,13
E03368,P01776,82,Male,Diabetes,General Medicine,3,4.7,2025-06-23,2025-06-26,3
E03369,P01071,55,Female,Low Back Pain,Orthopedics,4,9.4,2025-05-24,2025-05-28,4
E03370,P02011,19,Male,Low Back Pain,Orthopedics,5,7.1,2025-06-28,2025-07-03,5
E03371,P00399,23,Male,Fracture,Orthopedics,11,8.2,2025-12-23,2026-01-03,11
E03372,P01734,63,Male,Heart Failure,Cardiology,7,3.3,2025-01-11,2025-01-18,7
E03373,P01583,67,Female,Stroke,Neurology,3,4.4,2025-05-19,2025-05-22,3
E03374,P02126,55,Male,Stroke,Neurology,5,6.1,2025-09-10,2025-09-15,5
E03375,P02172,35,Female,Knee Osteoarthritis,Orthopedics,7,9.0,2025-12-11,2025-12-18,7
E03376,P00075,44,Male,Pneumonia,Pulmonology,9,5.5,2025-11-10,2025-11-19,9
E03377,P02185,58,Female,Pneumonia,Pulmonology,8,1.9,2025-01-19,2025-01-27,8
E03378,P00602,89,Female,COPD,Pulmonology,6,3.4,2025-06-09,2025-06-15,6
E03379,P03472,34,Female,Pneumonia,Pulmonology,11,3.9,2025-11-02,2025-11-13,11
E03380,P00837,79,Female,COPD,Pulmonology,9,3.1,2025-05-02,2025-05-11,9
E03381,P01529,46,Male,Low Back Pain,Orthopedics,1,7.1,2025-03-13,2025-03-14,1
E03382,P00500,75,Male,Low Back Pain,Orthopedics,3,7.7,2025-02-24,2025-02-27,3
E03383,P01597,87,Female,Fracture,Orthopedics,11,8.0,2025-06-18,2025-06-29,11
E03384,P00138,39,Male,Diabetes,General Medicine,1,6.0,2025-04-09,2025-04-10,1
E03385,P02098,23,Female,Low Back Pain,Orthopedics,6,6.0,2025-03-11,2025-03-17,6
E03386,P01795,43,Female,Low Back Pain,Orthopedics,1,4.5,2025-05-29,2025-05-30,1
E03387,P00973,56,Male,Stroke,Neurology,5,5.0,2025-04-27,2025-05-02,5
E03388,P01643,29,Female,Diabetes,General Medicine,6,6.3,2025-01-26,2025-02-01,6
E03389,P01886,31,Female,Stroke,Neurology,10,3.8,2025-09-05,2025-09-15,10
E03390,P02302,39,Female,Knee Osteoarthritis,Orthopedics,3,7.5,2025-07-28,2025-07-31,3
E03391,P02029,68,Female,COPD,Pulmonology,5,4.5,2025-08-15,2025-08-20,5
E03392,P02758,40,Female,COPD,Pulmonology,8,3.8,2025-04-24,2025-05-02,8
E03393,P01901,65,Male,Knee Osteoarthritis,Orthopedics,4,6.5,2025-07-13,2025-07-17,4
E03394,P02611,88,Male,COPD,Pulmonology,8,2.1,2025-11-17,2025-11-25,8
E03395,P02805,67,Male,Diabetes,General Medicine,4,0.1,2025-01-10,2025-01-14,4
E03396,P01450,30,Female,Diabetes,General Medicine,1,1.8,2025-04-05,2025-04-06,1
E03397,P00547,27,Female,Low Back Pain,Orthopedics,5,5.9,2025-05-01,2025-05-06,5
E03398,P03374,72,Female,COPD,Pulmonology,4,5.1,2025-05-06,2025-05-10,4
E03399,P00922,26,Female,Knee Osteoarthritis,Orthopedics,4,6.3,2025-02-06,2025-02-10,4
E03400,P00581,69,Female,Heart Failure,Cardiology,9,2.7,2025-03-10,2025-03-19,9
E03401,P01373,19,Female,Pneumonia,Pulmonology,9,2.2,2025-10-24,2025-11-02,9
E03402,P01957,42,Male,Low Back Pain,Orthopedics,5,7.5,2025-06-23,2025-06-28,5
E03403,P02004,30,Female,Pneumonia,Pulmonology,5,5.5,2025-02-14,2025-02-19,5
E03404,P02097,68,Male,Knee Osteoarthritis,Orthopedics,7,8.1,2025-05-03,2025-05-10,7
E03405,P02965,75,Female,COPD,Pulmonology,5,4.4,2025-01-27,2025-02-01,5
E03406,P03146,51,Male,COPD,Pulmonology,2,1.3,2025-07-12,2025-07-14,2
E03407,P00704,52,Female,Pneumonia,Pulmonology,2,3.0,2025-12-06,2025-12-08,2
E03408,P02309,20,Male,Heart Failure,Cardiology,2,6.4,2025-05-16,2025-05-18,2
E03409,P02404,76,Male,COPD,Pulmonology,3,5.2,2025-07-14,2025-07-17,3
E03410,P01626,87,Female,Heart Failure,Cardiology,7,1.2,2025-02-18,2025-02-25,7
E03411,P03332,65,Female,Stroke,Neurology,14,4.4,2025-04-06,2025-04-20,14
E03412,P00638,81,Male,Diabetes,General Medicine,2,4.0,2025-05-01,2025-05-03,2
E03413,P02791,36,Female,Pneumonia,Pulmonology,12,2.4,2025-09-06,2025-09-18,12
E03414,P03367,84,Female,COPD,Pulmonology,6,0.0,2025-08-05,2025-08-11,6
E03415,P01010,90,Female,Heart Failure,Cardiology,12,3.6,2025-04-24,2025-05-06,12
E03416,P02979,22,Male,Fracture,Orthopedics,4,5.3,2025-01-14,2025-01-18,4
E03417,P00641,84,Female,Fracture,Orthopedics,10,5.3,2025-03-03,2025-03-13,10
E03418,P02840,28,Male,COPD,Pulmonology,10,3.0,2025-02-12,2025-02-22,10
E03419,P03385,85,Male,Diabetes,General Medicine,7,3.3,2025-08-28,2025-09-04,7
E03420,P02660,86,Female,Diabetes,General Medicine,4,3.5,2025-04-06,2025-04-10,4
E03421,P01862,18,Male,Stroke,Neurology,16,3.2,2025-01-27,2025-02-12,16
E03422,P02857,80,Female,Diabetes,General Medicine,8,3.2,2025-11-20,2025-11-28,8
E03423,P01206,46,Female,Diabetes,General Medicine,7,0.9,2025-08-30,2025-09-06,7
E03424,P00686,29,Male,Low Back Pain,Orthopedics,4,7.0,2025-08-28,2025-09-01,4
E03425,P01852,58,Male,Fracture,Orthopedics,11,2.2,2025-10-31,2025-11-11,11
E03426,P03436,19,Male,Knee Osteoarthritis,Orthopedics,4,6.1,2025-03-08,2025-03-12,4
E03427,P00188,54,Male,Fracture,Orthopedics,15,7.9,2025-10-08,2025-10-23,15
E03428,P01620,62,Male,Fracture,Orthopedics,9,4.9,2025-07-11,2025-07-20,9
E03429,P01688,65,Female,COPD,Pulmonology,6,4.6,2025-04-29,2025-05-05,6
E03430,P00985,41,Male,Fracture,Orthopedics,7,8.2,2025-06-01,2025-06-08,7
E03431,P00548,39,Female,Stroke,Neurology,5,0.0,2025-09-22,2025-09-27,5
E03432,P02773,28,Female,Stroke,Neurology,11,4.3,2025-08-19,2025-08-30,11
E03433,P02974,75,Male,Pneumonia,Pulmonology,11,0.0,2025-12-17,2025-12-28,11
E03434,P01432,63,Male,Diabetes,General Medicine,5,3.3,2025-09-06,2025-09-11,5
E03435,P00876,46,Male,Pneumonia,Pulmonology,7,3.5,2025-02-28,2025-03-07,7
E03436,P00618,52,Male,Low Back Pain,Orthopedics,3,2.8,2025-01-17,2025-01-20,3
E03437,P02462,32,Male,Fracture,Orthopedics,12,9.4,2025-06-20,2025-07-02,12
E03438,P01366,77,Female,Heart Failure,Cardiology,8,3.9,2025-12-17,2025-12-25,8
E03439,P01244,59,Female,Diabetes,General Medicine,1,2.2,2025-05-12,2025-05-13,1
E03440,P00903,60,Female,Heart Failure,Cardiology,10,5.7,2025-12-23,2026-01-02,10
E03441,P00163,66,Male,Fracture,Orthopedics,16,3.8,2025-05-16,2025-06-01,16
E03442,P01975,81,Male,Knee Osteoarthritis,Orthopedics,7,4.7,2025-02-11,2025-02-18,7
E03443,P03292,49,Female,Low Back Pain,Orthopedics,5,3.1,2025-11-01,2025-11-06,5
E03444,P00270,81,Male,Diabetes,General Medicine,2,6.2,2025-01-06,2025-01-08,2
E03445,P00632,19,Male,Pneumonia,Pulmonology,11,4.0,2025-11-25,2025-12-06,11
E03446,P00906,41,Male,Pneumonia,Pulmonology,6,4.5,2025-06-19,2025-06-25,6
E03447,P03472,83,Female,Diabetes,General Medicine,7,4.0,2025-10-15,2025-10-22,7
E03448,P03254,55,Male,COPD,Pulmonology,4,4.4,2025-12-04,2025-12-08,4
E03449,P02015,48,Female,Pneumonia,Pulmonology,7,3.6,2025-08-03,2025-08-10,7
E03450,P01642,43,Male,Fracture,Orthopedics,14,6.9,2025-03-10,2025-03-24,14
E03451,P00205,46,Male,Fracture,Orthopedics,10,6.7,2025-01-27,2025-02-06,10
E03452,P00582,84,Female,COPD,Pulmonology,9,2.6,2025-08-13,2025-08-22,9
E03453,P01580,42,Male,Diabetes,General Medicine,8,3.4,2025-11-18,2025-11-26,8
E03454,P00841,65,Male,Stroke,Neurology,4,4.9,2025-08-22,2025-08-26,4
E03455,P01837,82,Male,Pneumonia,Pulmonology,7,3.7,2025-02-20,2025-02-27,7
E03456,P01252,70,Female,COPD,Pulmonology,8,1.3,2025-05-29,2025-06-06,8
E03457,P01720,84,Male,Diabetes,General Medicine,4,1.5,2025-03-16,2025-03-20,4
E03458,P01643,35,Male,Diabetes,General Medicine,7,5.1,2025-11-02,2025-11-09,7
E03459,P02644,26,Male,COPD,Pulmonology,4,3.0,2025-04-02,2025-04-06,4
E03460,P02298,55,Male,Pneumonia,Pulmonology,10,4.4,2025-03-09,2025-03-19,10
E03461,P00875,38,Male,Stroke,Neurology,4,2.9,2025-08-23,2025-08-27,4
E03462,P01465,82,Female,Pneumonia,Pulmonology,12,1.3,2025-12-28,2026-01-09,12
E03463,P02244,38,Female,Diabetes,General Medicine,8,2.2,2025-05-24,2025-06-01,8
E03464,P00690,44,Male,Stroke,Neurology,5,4.2,2025-03-17,2025-03-22,5
E03465,P02011,87,Male,Fracture,Orthopedics,13,5.5,2025-03-27,2025-04-09,13
E03466,P03142,61,Female,Heart Failure,Cardiology,3,5.4,2025-08-15,2025-08-18,3
E03467,P02687,45,Male,Knee Osteoarthritis,Orthopedics,3,6.8,2025-12-29,2026-01-01,3
E03468,P01423,62,Male,Pneumonia,Pulmonology,10,6.3,2025-02-25,2025-03-07,10
E03469,P02002,34,Male,Low Back Pain,Orthopedics,4,7.1,2025-03-21,2025-03-25,4
E03470,P00672,57,Male,Diabetes,General Medicine,2,0.0,2025-01-24,2025-01-26,2
E03471,P03275,20,Male,Stroke,Neurology,5,6.1,2025-08-15,2025-08-20,5
E03472,P01172,83,Male,COPD,Pulmonology,5,1.2,2025-01-28,2025-02-02,5
E03473,P01496,63,Male,Fracture,Orthopedics,16,6.8,2025-05-01,2025-05-17,16
E03474,P00944,47,Male,COPD,Pulmonology,11,2.3,2025-04-03,2025-04-14,11
E03475,P02247,86,Female,COPD,Pulmonology,7,6.7,2025-12-07,2025-12-14,7
E03476,P01450,26,Female,Stroke,Neurology,7,6.7,2025-04-22,2025-04-29,7
E03477,P02540,28,Male,Heart Failure,Cardiology,4,2.4,2025-12-11,2025-12-15,4
E03478,P00896,86,Male,Pneumonia,Pulmonology,11,3.3,2025-01-31,2025-02-11,11
E03479,P02190,83,Male,Low Back Pain,Orthopedics,3,6.9,2025-05-23,2025-05-26,3
E03480,P01337,48,Male,Fracture,Orthopedics,16,7.8,2025-10-25,2025-11-10,16
E03481,P00165,50,Female,COPD,Pulmonology,2,3.5,2025-08-15,2025-08-17,2
E03482,P02362,56,Female,Stroke,Neurology,7,3.0,2025-12-24,2025-12-31,7
E03483,P02069,63,Female,COPD,Pulmonology,2,2.4,2025-09-07,2025-09-09,2
E03484,P01106,54,Female,Heart Failure,Cardiology,7,3.5,2025-02-19,2025-02-26,7
E03485,P03203,77,Male,Diabetes,General Medicine,3,5.4,2025-08-02,2025-08-05,3
E03486,P01754,48,Male,COPD,Pulmonology,8,4.1,2025-09-26,2025-10-04,8
E03487,P03032,28,Male,Heart Failure,Cardiology,13,2.3,2025-10-15,2025-10-28,13
E03488,P02353,19,Female,Pneumonia,Pulmonology,6,4.5,2025-07-14,2025-07-20,6
E03489,P01939,44,Male,Fracture,Orthopedics,6,5.9,2025-09-11,2025-09-17,6
E03490,P00371,19,Male,Fracture,Orthopedics,4,7.8,2025-03-20,2025-03-24,4
E03491,P01881,38,Female,COPD,Pulmonology,6,7.3,2025-09-01,2025-09-07,6
E03492,P00853,75,Female,Heart Failure,Cardiology,10,3.0,2025-04-01,2025-04-11,10
E03493,P00384,22,Female,Stroke,Neurology,6,5.7,2025-01-06,2025-01-12,6
E03494,P01932,69,Female,Stroke,Neurology,16,3.4,2025-10-08,2025-10-24,16
E03495,P02493,62,Female,Knee Osteoarthritis,Orthopedics,2,6.3,2025-05-30,2025-06-01,2
E03496,P00425,37,Male,Heart Failure,Cardiology,14,3.5,2025-11-20,2025-12-04,14
E03497,P02209,78,Male,Diabetes,General Medicine,7,3.2,2025-10-09,2025-10-16,7
E03498,P03250,55,Female,COPD,Pulmonology,7,7.2,2025-07-10,2025-07-17,7
E03499,P00629,37,Male,Low Back Pain,Orthopedics,2,6.0,2025-10-01,2025-10-03,2
E03500,P00895,42,Male,Low Back Pain,Orthopedics,1,7.4,2025-03-14,2025-03-15,1
E03501,P02538,19,Male,Pneumonia,Pulmonology,8,0.6,2025-11-14,2025-11-22,8
E03502,P03065,49,Male,Knee Osteoarthritis,Orthopedics,6,7.1,2025-03-09,2025-03-15,6
E03503,P02375,43,Female,Heart Failure,Cardiology,14,5.2,2025-10-31,2025-11-14,14
E03504,P00598,87,Male,Diabetes,General Medicine,2,2.7,2025-03-04,2025-03-06,2
E03505,P03063,58,Male,Knee Osteoarthritis,Orthopedics,3,2.7,2025-05-14,2025-05-17,3
E03506,P02337,84,Male,Stroke,Neurology,7,4.4,2025-11-03,2025-11-10,7
E03507,P00593,18,Female,Pneumonia,Pulmonology,6,3.5,2025-09-25,2025-10-01,6
E03508,P01688,68,Male,COPD,Pulmonology,8,4.6,2025-08-11,2025-08-19,8
E03509,P00573,22,Female,COPD,Pulmonology,6,6.5,2025-05-06,2025-05-12,6
E03510,P03426,30,Female,COPD,Pulmonology,12,2.9,2025-09-22,2025-10-04,12
E03511,P02076,36,Female,Heart Failure,Cardiology,7,2.2,2025-01-07,2025-01-14,7
E03512,P03002,29,Female,Low Back Pain,Orthopedics,6,4.7,2025-07-25,2025-07-31,6
E03513,P02091,65,Male,Diabetes,General Medicine,1,3.8,2025-06-28,2025-06-29,1
E03514,P01705,42,Female,COPD,Pulmonology,4,4.2,2025-07-02,2025-07-06,4
E03515,P02471,74,Female,COPD,Pulmonology,4,2.7,2025-08-16,2025-08-20,4
E03516,P00177,52,Female,Stroke,Neurology,10,5.7,2025-08-24,2025-09-03,10
E03517,P00529,22,Female,Fracture,Orthopedics,12,7.2,2025-05-26,2025-06-07,12
E03518,P01634,39,Female,Knee Osteoarthritis,Orthopedics,4,6.6,2025-02-27,2025-03-03,4
E03519,P00966,74,Male,COPD,Pulmonology,7,2.1,2025-10-23,2025-10-30,7
E03520,P01518,64,Female,Pneumonia,Pulmonology,13,2.8,2025-08-29,2025-09-11,13
E03521,P00198,71,Male,Knee Osteoarthritis,Orthopedics,2,2.9,2025-12-11,2025-12-13,2
E03522,P02658,20,Male,Low Back Pain,Orthopedics,3,6.9,2025-10-14,2025-10-17,3
E03523,P02890,70,Female,Knee Osteoarthritis,Orthopedics,2,6.5,2025-06-12,2025-06-14,2
E03524,P00853,48,Male,Diabetes,General Medicine,5,3.8,2025-01-26,2025-01-31,5
E03525,P01538,86,Male,Stroke,Neurology,4,5.3,2025-04-16,2025-04-20,4
E03526,P02070,50,Male,Heart Failure,Cardiology,3,4.1,2025-08-28,2025-08-31,3
E03527,P03184,89,Female,Diabetes,General Medicine,7,3.3,2025-12-06,2025-12-13,7
E03528,P01081,67,Female,Low Back Pain,Orthopedics,5,6.6,2025-11-28,2025-12-03,5
E03529,P03138,33,Female,Pneumonia,Pulmonology,13,1.4,2025-02-11,2025-02-24,13
E03530,P02890,56,Female,Low Back Pain,Orthopedics,5,5.6,2025-05-13,2025-05-18,5
E03531,P00098,63,Female,Low Back Pain,Orthopedics,1,6.6,2025-11-13,2025-11-14,1
E03532,P03216,64,Female,Knee Osteoarthritis,Orthopedics,2,5.4,2025-02-13,2025-02-15,2
E03533,P01904,61,Female,Pneumonia,Pulmonology,3,4.8,2025-02-04,2025-02-07,3
E03534,P00435,26,Male,Diabetes,General Medicine,7,2.5,2025-12-30,2026-01-06,7
E03535,P00637,67,Male,Low Back Pain,Orthopedics,4,6.8,2025-12-13,2025-12-17,4
E03536,P03158,77,Female,Diabetes,General Medicine,7,3.7,2025-01-01,2025-01-08,7
E03537,P00588,32,Male,COPD,Pulmonology,4,4.6,2025-08-14,2025-08-18,4
E03538,P00344,53,Female,COPD,Pulmonology,6,4.9,2025-10-26,2025-11-01,6
E03539,P01318,80,Female,COPD,Pulmonology,12,4.5,2025-10-15,2025-10-27,12
E03540,P01980,86,Female,Heart Failure,Cardiology,10,0.3,2025-08-24,2025-09-03,10
E03541,P00571,58,Male,Knee Osteoarthritis,Orthopedics,5,8.3,2025-12-25,2025-12-30,5
E03542,P00611,41,Female,Diabetes,General Medicine,1,5.8,2025-02-02,2025-02-03,1
E03543,P01728,66,Female,COPD,Pulmonology,2,2.8,2025-04-05,2025-04-07,2
E03544,P02291,35,Female,COPD,Pulmonology,10,3.9,2025-07-24,2025-08-03,10
E03545,P01855,24,Female,Pneumonia,Pulmonology,6,2.2,2025-04-19,2025-04-25,6
E03546,P02609,21,Male,Low Back Pain,Orthopedics,5,3.6,2025-11-18,2025-11-23,5
E03547,P00960,86,Female,COPD,Pulmonology,7,2.4,2025-01-30,2025-02-06,7
E03548,P02080,77,Male,Heart Failure,Cardiology,9,2.7,2025-09-23,2025-10-02,9
E03549,P02439,72,Male,Pneumonia,Pulmonology,3,3.0,2025-01-23,2025-01-26,3
E03550,P02325,33,Female,Knee Osteoarthritis,Orthopedics,3,5.1,2025-04-07,2025-04-10,3
E03551,P00532,46,Female,Fracture,Orthopedics,13,5.4,2025-02-08,2025-02-21,13
E03552,P01178,40,Male,Fracture,Orthopedics,11,6.5,2025-06-22,2025-07-03,11
E03553,P02431,31,Male,Heart Failure,Cardiology,6,2.3,2025-09-05,2025-09-11,6
E03554,P01092,66,Male,Heart Failure,Cardiology,6,4.3,2025-06-11,2025-06-17,6
E03555,P01902,50,Male,Heart Failure,Cardiology,10,4.5,2025-06-29,2025-07-09,10
E03556,P00884,42,Female,Low Back Pain,Orthopedics,2,10.0,2025-04-13,2025-04-15,2
E03557,P02262,38,Male,Fracture,Orthopedics,5,8.2,2025-07-28,2025-08-02,5
E03558,P01679,34,Male,COPD,Pulmonology,5,3.9,2025-01-22,2025-01-27,5
E03559,P02424,40,Male,Stroke,Neurology,9,3.6,2025-01-05,2025-01-14,9
E03560,P02792,74,Male,Heart Failure,Cardiology,3,3.9,2025-05-19,2025-05-22,3
E03561,P02261,75,Female,Pneumonia,Pulmonology,9,4.0,2025-08-02,2025-08-11,9
E03562,P02127,31,Female,Fracture,Orthopedics,7,5.7,2025-06-09,2025-06-16,7
E03563,P01750,37,Female,Pneumonia,Pulmonology,2,4.7,2025-05-19,2025-05-21,2
E03564,P02676,47,Male,Knee Osteoarthritis,Orthopedics,3,4.4,2025-05-25,2025-05-28,3
E03565,P02652,36,Male,Diabetes,General Medicine,7,3.1,2025-06-09,2025-06-16,7
E03566,P00782,70,Female,Diabetes,General Medicine,1,4.3,2025-03-24,2025-03-25,1
E03567,P03453,73,Female,Stroke,Neurology,7,4.1,2025-06-04,2025-06-11,7
E03568,P03049,40,Male,Low Back Pain,Orthopedics,1,6.2,2025-10-15,2025-10-16,1
E03569,P02728,79,Female,COPD,Pulmonology,8,3.3,2025-11-13,2025-11-21,8
E03570,P02106,50,Male,Low Back Pain,Orthopedics,3,5.2,2025-10-08,2025-10-11,3
E03571,P03098,35,Male,COPD,Pulmonology,2,5.3,2025-03-05,2025-03-07,2
E03572,P00881,90,Male,Heart Failure,Cardiology,12,2.0,2025-07-11,2025-07-23,12
E03573,P00447,50,Male,Fracture,Orthopedics,11,7.0,2025-06-05,2025-06-16,11
E03574,P02114,49,Male,COPD,Pulmonology,2,4.1,2025-04-01,2025-04-03,2
E03575,P01784,78,Male,Fracture,Orthopedics,13,5.1,2025-05-22,2025-06-04,13
E03576,P01278,71,Female,Stroke,Neurology,8,4.6,2025-02-11,2025-02-19,8
E03577,P01992,34,Female,Knee Osteoarthritis,Orthopedics,1,5.1,2025-09-06,2025-09-07,1
E03578,P01068,36,Female,Knee Osteoarthritis,Orthopedics,6,8.6,2025-10-22,2025-10-28,6
E03579,P03169,87,Male,Diabetes,General Medicine,2,1.8,2025-09-15,2025-09-17,2
E03580,P01578,51,Female,Knee Osteoarthritis,Orthopedics,4,5.5,2025-12-03,2025-12-07,4
E03581,P01012,42,Male,Heart Failure,Cardiology,3,1.7,2025-01-01,2025-01-04,3
E03582,P02275,85,Male,Pneumonia,Pulmonology,5,1.5,2025-04-19,2025-04-24,5
E03583,P00774,28,Male,Knee Osteoarthritis,Orthopedics,2,8.9,2025-05-05,2025-05-07,2
E03584,P02727,33,Male,Stroke,Neurology,14,5.3,2025-03-05,2025-03-19,14
E03585,P01815,78,Female,Heart Failure,Cardiology,2,3.7,2025-07-25,2025-07-27,2
E03586,P02649,24,Female,Knee Osteoarthritis,Orthopedics,3,5.5,2025-12-04,2025-12-07,3
E03587,P02427,33,Female,Low Back Pain,Orthopedics,3,7.9,2025-09-01,2025-09-04,3
E03588,P01202,33,Male,COPD,Pulmonology,9,2.3,2025-03-19,2025-03-28,9
E03589,P01451,57,Female,Knee Osteoarthritis,Orthopedics,5,7.7,2025-04-21,2025-04-26,5
E03590,P02757,29,Female,Low Back Pain,Orthopedics,4,5.2,2025-05-22,2025-05-26,4
E03591,P00307,52,Female,Heart Failure,Cardiology,6,2.5,2025-08-04,2025-08-10,6
E03592,P00779,38,Male,Knee Osteoarthritis,Orthopedics,6,7.6,2025-01-16,2025-01-22,6
E03593,P02552,67,Female,Low Back Pain,Orthopedics,6,7.8,2025-02-23,2025-03-01,6
E03594,P02316,60,Male,Pneumonia,Pulmonology,6,4.4,2025-05-21,2025-05-27,6
E03595,P00008,34,Female,Fracture,Orthopedics,14,4.9,2025-12-02,2025-12-16,14
E03596,P02556,49,Male,Diabetes,General Medicine,3,2.8,2025-03-20,2025-03-23,3
E03597,P00476,58,Female,Heart Failure,Cardiology,13,3.7,2025-05-29,2025-06-11,13
E03598,P01321,23,Female,Low Back Pain,Orthopedics,6,5.2,2025-05-07,2025-05-13,6
E03599,P02212,44,Female,Stroke,Neurology,11,6.6,2025-06-07,2025-06-18,11
E03600,P00485,37,Male,Fracture,Orthopedics,7,2.9,2025-10-06,2025-10-13,7
E03601,P03144,42,Female,Knee Osteoarthritis,Orthopedics,5,5.3,2025-02-07,2025-02-12,5
E03602,P02615,83,Female,Low Back Pain,Orthopedics,6,5.7,2025-06-06,2025-06-12,6
E03603,P00905,26,Male,Fracture,Orthopedics,6,2.2,2025-11-29,2025-12-05,6
E03604,P00559,70,Male,COPD,Pulmonology,4,1.4,2025-10-15,2025-10-19,4
E03605,P01968,78,Male,Fracture,Orthopedics,15,7.4,2025-04-22,2025-05-07,15
E03606,P02286,55,Male,Low Back Pain,Orthopedics,4,6.5,2025-07-09,2025-07-13,4
E03607,P01128,20,Female,Low Back Pain,Orthopedics,6,8.9,2025-04-16,2025-04-22,6
E03608,P01234,87,Female,COPD,Pulmonology,12,5.8,2025-04-01,2025-04-13,12
E03609,P02602,72,Male,Diabetes,General Medicine,3,4.1,2025-12-20,2025-12-23,3
E03610,P02876,18,Female,Fracture,Orthopedics,7,7.0,2025-10-28,2025-11-04,7
E03611,P00468,87,Male,COPD,Pulmonology,5,3.6,2025-02-18,2025-02-23,5
E03612,P03340,62,Female,COPD,Pulmonology,6,0.0,2025-06-10,2025-06-16,6
E03613,P02434,64,Male,Fracture,Orthopedics,9,4.4,2025-01-04,2025-01-13,9
E03614,P02823,43,Female,Stroke,Neurology,3,4.7,2025-07-17,2025-07-20,3
E03615,P00848,31,Male,COPD,Pulmonology,2,4.4,2025-11-16,2025-11-18,2
E03616,P02435,71,Male,Stroke,Neurology,13,4.9,2025-12-30,2026-01-12,13
E03617,P02925,88,Female,Pneumonia,Pulmonology,2,2.2,2025-09-11,2025-09-13,2
E03618,P00259,63,Female,Fracture,Orthopedics,4,7.9,2025-03-31,2025-04-04,4
E03619,P00283,48,Female,COPD,Pulmonology,10,5.7,2025-11-08,2025-11-18,10
E03620,P01650,76,Male,Diabetes,General Medicine,5,4.9,2025-01-20,2025-01-25,5
E03621,P01899,46,Female,COPD,Pulmonology,6,5.0,2025-03-18,2025-03-24,6
E03622,P00040,34,Male,Low Back Pain,Orthopedics,6,5.7,2025-08-08,2025-08-14,6
E03623,P02534,31,Female,Heart Failure,Cardiology,10,5.1,2025-06-11,2025-06-21,10
E03624,P02977,53,Female,Diabetes,General Medicine,5,3.7,2025-12-09,2025-12-14,5
E03625,P02268,75,Male,COPD,Pulmonology,6,4.3,2025-04-25,2025-05-01,6
E03626,P03201,41,Male,Diabetes,General Medicine,7,4.0,2025-04-04,2025-04-11,7
E03627,P01015,80,Female,Fracture,Orthopedics,16,6.3,2025-05-13,2025-05-29,16
E03628,P03072,42,Male,Stroke,Neurology,9,3.2,2025-06-21,2025-06-30,9
E03629,P00613,76,Male,Pneumonia,Pulmonology,7,3.4,2025-04-24,2025-05-01,7
E03630,P02976,49,Female,Pneumonia,Pulmonology,3,5.0,2025-01-09,2025-01-12,3
E03631,P01916,35,Male,Fracture,Orthopedics,5,5.8,2025-10-26,2025-10-31,5
E03632,P00688,54,Female,Fracture,Orthopedics,7,7.8,2025-09-17,2025-09-24,7
E03633,P00613,43,Female,Diabetes,General Medicine,4,4.6,2025-06-19,2025-06-23,4
E03634,P02308,26,Male,Fracture,Orthopedics,16,6.1,2025-11-17,2025-12-03,16
E03635,P03038,81,Female,Diabetes,General Medicine,3,5.6,2025-04-08,2025-04-11,3
E03636,P03014,89,Male,Fracture,Orthopedics,8,6.0,2025-06-18,2025-06-26,8
E03637,P02414,37,Female,COPD,Pulmonology,9,5.8,2025-11-07,2025-11-16,9
E03638,P01782,71,Male,Fracture,Orthopedics,10,7.2,2025-08-06,2025-08-16,10
E03639,P01811,47,Male,Knee Osteoarthritis,Orthopedics,3,6.5,2025-12-09,2025-12-12,3
E03640,P02592,70,Male,Low Back Pain,Orthopedics,4,5.2,2025-12-12,2025-12-16,4
E03641,P02697,80,Male,Stroke,Neurology,3,4.4,2025-02-13,2025-02-16,3
E03642,P01548,28,Male,Low Back Pain,Orthopedics,2,6.2,2025-09-18,2025-09-20,2
E03643,P01931,48,Female,Heart Failure,Cardiology,14,1.6,2025-10-12,2025-10-26,14
E03644,P02862,66,Female,Heart Failure,Cardiology,10,3.2,2025-05-06,2025-05-16,10
E03645,P03088,36,Male,Pneumonia,Pulmonology,13,2.3,2025-09-17,2025-09-30,13
E03646,P01153,29,Female,Stroke,Neurology,12,5.4,2025-12-21,2026-01-02,12
E03647,P00575,32,Male,Low Back Pain,Orthopedics,2,8.5,2025-08-02,2025-08-04,2
E03648,P03181,48,Male,Pneumonia,Pulmonology,3,1.7,2025-11-01,2025-11-04,3
E03649,P01911,60,Female,Heart Failure,Cardiology,13,6.1,2025-07-19,2025-08-01,13
E03650,P01013,54,Female,Diabetes,General Medicine,6,3.3,2025-08-24,2025-08-30,6
E03651,P00670,46,Male,Stroke,Neurology,16,3.0,2025-12-07,2025-12-23,16
E03652,P00269,43,Male,Stroke,Neurology,9,5.6,2025-05-16,2025-05-25,9
E03653,P03234,19,Male,Fracture,Orthopedics,8,5.8,2025-04-26,2025-05-04,8
E03654,P01284,32,Male,Fracture,Orthopedics,10,6.4,2025-06-04,2025-06-14,10
E03655,P00924,21,Male,Low Back Pain,Orthopedics,1,5.9,2025-12-07,2025-12-08,1
E03656,P01126,67,Male,Fracture,Orthopedics,10,5.3,2025-11-13,2025-11-23,10
E03657,P01530,55,Female,Fracture,Orthopedics,7,7.6,2025-12-08,2025-12-15,7
E03658,P01759,40,Male,COPD,Pulmonology,9,3.1,2025-01-18,2025-01-27,9
E03659,P01595,76,Male,Knee Osteoarthritis,Orthopedics,2,4.3,2025-01-04,2025-01-06,2
E03660,P00247,45,Female,Low Back Pain,Orthopedics,2,7.3,2025-06-14,2025-06-16,2
E03661,P01561,83,Male,Fracture,Orthopedics,11,4.7,2025-05-07,2025-05-18,11
E03662,P02179,25,Male,Diabetes,General Medicine,8,1.8,2025-08-01,2025-08-09,8
E03663,P02401,46,Female,COPD,Pulmonology,9,5.3,2025-02-17,2025-02-26,9
E03664,P02244,28,Male,COPD,Pulmonology,3,1.7,2025-02-15,2025-02-18,3
E03665,P01940,35,Female,COPD,Pulmonology,3,0.0,2025-02-15,2025-02-18,3
E03666,P00930,72,Male,Diabetes,General Medicine,4,4.4,2025-02-17,2025-02-21,4
E03667,P03454,67,Female,Pneumonia,Pulmonology,4,3.0,2025-07-06,2025-07-10,4
E03668,P03070,31,Female,Stroke,Neurology,9,4.2,2025-04-30,2025-05-09,9
E03669,P02693,26,Female,Pneumonia,Pulmonology,10,3.0,2025-05-12,2025-05-22,10
E03670,P00227,28,Male,Diabetes,General Medicine,8,3.8,2025-01-19,2025-01-27,8
E03671,P02749,80,Male,Knee Osteoarthritis,Orthopedics,1,5.4,2025-10-02,2025-10-03,1
E03672,P00265,84,Female,Stroke,Neurology,8,6.7,2025-08-20,2025-08-28,8
E03673,P01396,70,Female,Diabetes,General Medicine,1,1.3,2025-02-11,2025-02-12,1
E03674,P01458,56,Male,Knee Osteoarthritis,Orthopedics,6,7.2,2025-04-02,2025-04-08,6
E03675,P00646,73,Male,Low Back Pain,Orthopedics,4,7.5,2025-09-18,2025-09-22,4
E03676,P02259,45,Male,Heart Failure,Cardiology,5,2.4,2025-02-17,2025-02-22,5
E03677,P03449,56,Male,COPD,Pulmonology,7,2.0,2025-10-09,2025-10-16,7
E03678,P01419,42,Male,Fracture,Orthopedics,14,8.0,2025-03-15,2025-03-29,14
E03679,P01474,38,Female,Diabetes,General Medicine,8,2.0,2025-08-04,2025-08-12,8
E03680,P02991,27,Male,Heart Failure,Cardiology,7,2.6,2025-08-09,2025-08-16,7
E03681,P01388,60,Female,Pneumonia,Pulmonology,9,4.8,2025-04-19,2025-04-28,9
E03682,P01900,32,Male,Heart Failure,Cardiology,2,3.6,2025-05-15,2025-05-17,2
E03683,P02505,65,Female,Diabetes,General Medicine,5,0.8,2025-12-09,2025-12-14,5
E03684,P02773,38,Female,Heart Failure,Cardiology,12,6.1,2025-08-26,2025-09-07,12
E03685,P01250,77,Male,COPD,Pulmonology,3,2.7,2025-06-04,2025-06-07,3
E03686,P00982,67,Female,Stroke,Neurology,4,3.9,2025-11-25,2025-11-29,4
E03687,P01155,40,Female,Diabetes,General Medicine,5,3.9,2025-02-25,2025-03-02,5
E03688,P00588,30,Female,Knee Osteoarthritis,Orthopedics,6,7.4,2025-07-17,2025-07-23,6
E03689,P00476,86,Female,Heart Failure,Cardiology,12,6.4,2025-11-11,2025-11-23,12
E03690,P01822,21,Male,Stroke,Neurology,9,2.0,2025-02-07,2025-02-16,9
E03691,P00986,89,Female,COPD,Pulmonology,3,4.7,2025-12-07,2025-12-10,3
E03692,P03349,26,Male,Pneumonia,Pulmonology,6,4.6,2025-12-05,2025-12-11,6
E03693,P02204,52,Female,Pneumonia,Pulmonology,7,3.3,2025-08-05,2025-08-12,7
E03694,P01242,38,Male,COPD,Pulmonology,5,4.7,2025-08-19,2025-08-24,5
E03695,P00190,75,Male,Heart Failure,Cardiology,2,4.9,2025-12-08,2025-12-10,2
E03696,P01441,35,Male,Pneumonia,Pulmonology,4,1.4,2025-09-14,2025-09-18,4
E03697,P00981,89,Female,Knee Osteoarthritis,Orthopedics,6,9.1,2025-07-28,2025-08-03,6
E03698,P01699,60,Male,Diabetes,General Medicine,2,1.2,2025-07-20,2025-07-22,2
E03699,P01716,23,Male,Stroke,Neurology,11,2.8,2025-05-17,2025-05-28,11
E03700,P02594,84,Female,Low Back Pain,Orthopedics,5,6.1,2025-05-08,2025-05-13,5
E03701,P00041,29,Male,Heart Failure,Cardiology,7,6.4,2025-02-22,2025-03-01,7
E03702,P02355,29,Female,Pneumonia,Pulmonology,3,3.0,2025-12-10,2025-12-13,3
E03703,P00943,83,Female,Diabetes,General Medicine,1,3.5,2025-03-25,2025-03-26,1
E03704,P00338,19,Male,Low Back Pain,Orthopedics,4,8.6,2025-07-28,2025-08-01,4
E03705,P01338,32,Female,Knee Osteoarthritis,Orthopedics,3,6.0,2025-11-29,2025-12-02,3
E03706,P01099,40,Female,Pneumonia,Pulmonology,9,1.7,2025-10-12,2025-10-21,9
E03707,P03001,46,Female,Pneumonia,Pulmonology,11,2.9,2025-02-05,2025-02-16,11
E03708,P02327,24,Male,Stroke,Neurology,9,6.6,2025-08-03,2025-08-12,9
E03709,P03248,45,Female,Knee Osteoarthritis,Orthopedics,4,6.6,2025-01-27,2025-01-31,4
E03710,P00896,31,Female,Knee Osteoarthritis,Orthopedics,3,9.4,2025-05-26,2025-05-29,3
E03711,P02321,61,Female,Heart Failure,Cardiology,4,4.6,2025-01-18,2025-01-22,4
E03712,P02885,47,Male,Low Back Pain,Orthopedics,4,5.5,2025-04-28,2025-05-02,4
E03713,P02668,49,Female,Stroke,Neurology,4,4.6,2025-05-17,2025-05-21,4
E03714,P01675,87,Male,Heart Failure,Cardiology,12,2.2,2025-03-08,2025-03-20,12
E03715,P02910,23,Female,Stroke,Neurology,7,3.5,2025-11-10,2025-11-17,7
E03716,P00931,44,Male,Knee Osteoarthritis,Orthopedics,1,10.0,2025-01-30,2025-01-31,1
E03717,P00289,41,Male,Stroke,Neurology,15,6.0,2025-03-14,2025-03-29,15
E03718,P00724,51,Male,Stroke,Neurology,10,5.8,2025-05-03,2025-05-13,10
E03719,P02941,57,Female,Stroke,Neurology,16,3.6,2025-08-16,2025-09-01,16
E03720,P02320,64,Female,Fracture,Orthopedics,10,8.9,2025-12-04,2025-12-14,10
E03721,P01954,41,Female,Diabetes,General Medicine,3,5.1,2025-09-30,2025-10-03,3
E03722,P01090,82,Male,Diabetes,General Medicine,1,6.3,2025-09-03,2025-09-04,1
E03723,P00483,35,Female,Low Back Pain,Orthopedics,4,9.2,2025-02-08,2025-02-12,4
E03724,P00936,61,Female,Low Back Pain,Orthopedics,1,4.3,2025-06-19,2025-06-20,1
E03725,P02296,74,Male,COPD,Pulmonology,10,1.8,2025-11-11,2025-11-21,10
E03726,P00156,45,Female,Knee Osteoarthritis,Orthopedics,7,5.0,2025-04-12,2025-04-19,7
E03727,P01071,88,Female,Stroke,Neurology,3,3.1,2025-10-21,2025-10-24,3
E03728,P01959,40,Male,Knee Osteoarthritis,Orthopedics,3,7.0,2025-08-31,2025-09-03,3
E03729,P02502,51,Male,Diabetes,General Medicine,7,2.6,2025-06-06,2025-06-13,7
E03730,P02249,28,Female,Fracture,Orthopedics,9,9.6,2025-12-26,2026-01-04,9
E03731,P01684,52,Male,Stroke,Neurology,8,7.4,2025-09-22,2025-09-30,8
E03732,P00124,59,Female,Heart Failure,Cardiology,8,3.5,2025-09-14,2025-09-22,8
E03733,P02049,45,Female,Diabetes,General Medicine,7,6.4,2025-12-24,2025-12-31,7
E03734,P00968,41,Female,Diabetes,General Medicine,8,5.7,2025-12-09,2025-12-17,8
E03735,P00855,25,Female,Diabetes,General Medicine,8,2.8,2025-05-03,2025-05-11,8
E03736,P00640,70,Female,COPD,Pulmonology,9,0.5,2025-02-16,2025-02-25,9
E03737,P02239,89,Male,Stroke,Neurology,12,4.2,2025-11-28,2025-12-10,12
E03738,P01603,21,Male,Low Back Pain,Orthopedics,6,5.5,2025-01-10,2025-01-16,6
E03739,P02564,22,Female,Pneumonia,Pulmonology,12,3.8,2025-05-24,2025-06-05,12
E03740,P00442,66,Male,Heart Failure,Cardiology,3,3.6,2025-10-26,2025-10-29,3
E03741,P01945,47,Male,Heart Failure,Cardiology,13,3.6,2025-06-01,2025-06-14,13
E03742,P01839,89,Female,Knee Osteoarthritis,Orthopedics,4,7.3,2025-05-16,2025-05-20,4
E03743,P01830,80,Male,Stroke,Neurology,14,2.7,2025-03-16,2025-03-30,14
E03744,P02191,64,Male,Low Back Pain,Orthopedics,4,7.1,2025-12-27,2025-12-31,4
E03745,P03263,43,Female,Diabetes,General Medicine,4,2.8,2025-01-26,2025-01-30,4
E03746,P00533,74,Female,Pneumonia,Pulmonology,12,3.8,2025-01-07,2025-01-19,12
E03747,P02275,54,Female,Stroke,Neurology,12,5.9,2025-03-20,2025-04-01,12
E03748,P01337,24,Female,Stroke,Neurology,14,2.7,2025-01-15,2025-01-29,14
E03749,P00949,57,Female,COPD,Pulmonology,9,3.1,2025-07-26,2025-08-04,9
E03750,P03374,56,Female,Low Back Pain,Orthopedics,6,6.3,2025-03-30,2025-04-05,6
E03751,P02020,79,Female,Pneumonia,Pulmonology,4,2.7,2025-04-07,2025-04-11,4
E03752,P00460,70,Male,Diabetes,General Medicine,4,4.8,2025-08-04,2025-08-08,4
E03753,P03473,21,Female,Stroke,Neurology,15,3.4,2025-09-16,2025-10-01,15
E03754,P00551,42,Male,Heart Failure,Cardiology,14,2.7,2025-11-25,2025-12-09,14
E03755,P00393,24,Male,Fracture,Orthopedics,14,5.4,2025-10-14,2025-10-28,14
E03756,P01788,45,Female,Heart Failure,Cardiology,4,5.1,2025-03-16,2025-03-20,4
E03757,P00845,86,Male,Pneumonia,Pulmonology,3,2.8,2025-08-30,2025-09-02,3
E03758,P03279,84,Male,Fracture,Orthopedics,3,7.2,2025-01-17,2025-01-20,3
E03759,P02258,37,Male,Diabetes,General Medicine,8,6.5,2025-06-26,2025-07-04,8
E03760,P01139,28,Female,Pneumonia,Pulmonology,10,3.4,2025-09-16,2025-09-26,10
E03761,P00646,84,Male,Stroke,Neurology,11,6.2,2025-05-03,2025-05-14,11
E03762,P03323,24,Male,COPD,Pulmonology,12,6.0,2025-11-07,2025-11-19,12
E03763,P02267,40,Female,COPD,Pulmonology,9,5.0,2025-04-21,2025-04-30,9
E03764,P02455,78,Male,Heart Failure,Cardiology,6,3.5,2025-09-13,2025-09-19,6
E03765,P01467,88,Male,COPD,Pulmonology,2,4.5,2025-08-22,2025-08-24,2
E03766,P01378,51,Male,Knee Osteoarthritis,Orthopedics,1,4.6,2025-12-22,2025-12-23,1
E03767,P02936,36,Male,Pneumonia,Pulmonology,7,2.3,2025-02-09,2025-02-16,7
E03768,P02606,75,Male,COPD,Pulmonology,8,2.6,2025-05-02,2025-05-10,8
E03769,P02598,26,Female,Knee Osteoarthritis,Orthopedics,5,9.9,2025-08-03,2025-08-08,5
E03770,P00142,65,Male,Knee Osteoarthritis,Orthopedics,5,5.3,2025-10-23,2025-10-28,5
E03771,P02660,58,Female,Low Back Pain,Orthopedics,6,5.3,2025-10-13,2025-10-19,6
E03772,P00501,65,Male,Heart Failure,Cardiology,13,1.9,2025-10-08,2025-10-21,13
E03773,P00840,62,Female,Pneumonia,Pulmonology,8,4.3,2025-01-07,2025-01-15,8
E03774,P02750,42,Female,Knee Osteoarthritis,Orthopedics,7,6.7,2025-04-02,2025-04-09,7
E03775,P01683,42,Female,Stroke,Neurology,4,6.1,2025-12-27,2025-12-31,4
E03776,P01566,36,Male,COPD,Pulmonology,12,4.5,2025-05-03,2025-05-15,12
E03777,P02047,56,Male,Low Back Pain,Orthopedics,4,4.4,2025-12-03,2025-12-07,4
E03778,P01531,44,Male,Diabetes,General Medicine,6,2.3,2025-04-06,2025-04-12,6
E03779,P00596,80,Male,COPD,Pulmonology,2,5.5,2025-01-01,2025-01-03,2
E03780,P01905,85,Male,COPD,Pulmonology,9,3.2,2025-04-01,2025-04-10,9
E03781,P00281,36,Female,COPD,Pulmonology,6,5.3,2025-01-07,2025-01-13,6
E03782,P00424,45,Female,Low Back Pain,Orthopedics,2,6.3,2025-04-30,2025-05-02,2
E03783,P02904,50,Female,Diabetes,General Medicine,7,2.0,2025-12-16,2025-12-23,7
E03784,P00270,27,Male,Heart Failure,Cardiology,3,3.0,2025-05-09,2025-05-12,3
E03785,P00154,47,Male,Pneumonia,Pulmonology,4,2.0,2025-06-28,2025-07-02,4
E03786,P02662,39,Female,Pneumonia,Pulmonology,7,2.7,2025-04-08,2025-04-15,7
E03787,P01751,20,Male,Diabetes,General Medicine,2,3.8,2025-02-12,2025-02-14,2
E03788,P00662,65,Male,Fracture,Orthopedics,8,7.3,2025-07-02,2025-07-10,8
E03789,P01968,19,Female,COPD,Pulmonology,9,1.1,2025-07-04,2025-07-13,9
E03790,P00083,71,Female,Stroke,Neurology,7,4.5,2025-02-22,2025-03-01,7
E03791,P02995,23,Male,Diabetes,General Medicine,5,2.6,2025-08-16,2025-08-21,5
E03792,P02947,57,Male,Diabetes,General Medicine,7,2.5,2025-06-10,2025-06-17,7
E03793,P01450,19,Female,Pneumonia,Pulmonology,11,3.7,2025-08-23,2025-09-03,11
E03794,P01299,90,Male,Knee Osteoarthritis,Orthopedics,5,5.7,2025-12-24,2025-12-29,5
E03795,P02332,19,Female,Stroke,Neurology,16,6.6,2025-07-19,2025-08-04,16
E03796,P00980,72,Female,Pneumonia,Pulmonology,6,5.3,2025-01-01,2025-01-07,6
E03797,P02221,89,Female,Low Back Pain,Orthopedics,1,8.3,2025-01-14,2025-01-15,1
E03798,P03399,77,Male,Diabetes,General Medicine,6,2.8,2025-08-01,2025-08-07,6
E03799,P03135,23,Female,Fracture,Orthopedics,9,5.1,2025-10-04,2025-10-13,9
E03800,P03145,36,Female,Knee Osteoarthritis,Orthopedics,4,6.6,2025-02-03,2025-02-07,4
E03801,P02811,44,Male,Stroke,Neurology,10,4.3,2025-12-27,2026-01-06,10
E03802,P01660,18,Female,Heart Failure,Cardiology,14,2.6,2025-09-27,2025-10-11,14
E03803,P01399,50,Male,Stroke,Neurology,7,2.7,2025-06-17,2025-06-24,7
E03804,P00633,57,Male,Stroke,Neurology,16,4.4,2025-06-19,2025-07-05,16
E03805,P01532,49,Male,COPD,Pulmonology,12,2.9,2025-03-23,2025-04-04,12
E03806,P00787,86,Female,Diabetes,General Medicine,4,4.5,2025-11-12,2025-11-16,4
E03807,P02991,34,Female,Diabetes,General Medicine,7,4.5,2025-05-17,2025-05-24,7
E03808,P03060,25,Male,Heart Failure,Cardiology,13,5.2,2025-08-21,2025-09-03,13
E03809,P00398,74,Male,Heart Failure,Cardiology,9,1.6,2025-04-25,2025-05-04,9
E03810,P01144,59,Male,Heart Failure,Cardiology,13,4.1,2025-09-09,2025-09-22,13
E03811,P00934,26,Female,Pneumonia,Pulmonology,11,2.4,2025-10-16,2025-10-27,11
E03812,P01461,52,Male,Pneumonia,Pulmonology,10,1.7,2025-02-18,2025-02-28,10
E03813,P01853,88,Male,Diabetes,General Medicine,1,2.9,2025-01-04,2025-01-05,1
E03814,P02724,70,Male,Diabetes,General Medicine,3,5.1,2025-06-25,2025-06-28,3
E03815,P02984,71,Female,Heart Failure,Cardiology,13,2.9,2025-09-29,2025-10-12,13
E03816,P02513,42,Male,Pneumonia,Pulmonology,5,5.8,2025-01-26,2025-01-31,5
E03817,P00286,84,Female,Knee Osteoarthritis,Orthopedics,5,7.3,2025-03-11,2025-03-16,5
E03818,P00265,79,Female,Pneumonia,Pulmonology,8,2.9,2025-10-20,2025-10-28,8
E03819,P02368,72,Male,Diabetes,General Medicine,6,5.2,2025-08-22,2025-08-28,6
E03820,P02721,63,Male,Pneumonia,Pulmonology,11,4.2,2025-08-19,2025-08-30,11
E03821,P03448,41,Male,Diabetes,General Medicine,2,2.1,2025-09-20,2025-09-22,2
E03822,P02868,63,Female,Heart Failure,Cardiology,12,6.3,2025-10-13,2025-10-25,12
E03823,P02137,39,Female,COPD,Pulmonology,2,3.9,2025-03-15,2025-03-17,2
E03824,P01678,28,Female,Heart Failure,Cardiology,5,3.5,2025-05-01,2025-05-06,5
E03825,P01227,65,Male,Heart Failure,Cardiology,7,2.2,2025-01-06,2025-01-13,7
E03826,P00821,25,Female,Knee Osteoarthritis,Orthopedics,3,8.3,2025-01-24,2025-01-27,3
E03827,P01763,56,Male,COPD,Pulmonology,3,4.3,2025-07-13,2025-07-16,3
E03828,P03049,52,Male,Knee Osteoarthritis,Orthopedics,2,7.4,2025-06-17,2025-06-19,2
E03829,P02382,66,Male,Diabetes,General Medicine,2,2.7,2025-12-07,2025-12-09,2
E03830,P02270,63,Female,Stroke,Neurology,14,5.8,2025-07-29,2025-08-12,14
E03831,P00041,55,Female,Low Back Pain,Orthopedics,4,7.9,2025-05-13,2025-05-17,4
E03832,P01732,25,Female,Knee Osteoarthritis,Orthopedics,4,5.5,2025-12-11,2025-12-15,4
E03833,P00068,71,Male,Diabetes,General Medicine,5,1.4,2025-10-19,2025-10-24,5
E03834,P00988,54,Female,COPD,Pulmonology,2,4.4,2025-06-23,2025-06-25,2
E03835,P01800,57,Female,Pneumonia,Pulmonology,11,1.1,2025-05-31,2025-06-11,11
E03836,P02562,51,Male,COPD,Pulmonology,3,3.7,2025-03-29,2025-04-01,3
E03837,P01622,34,Male,Heart Failure,Cardiology,14,2.8,2025-10-28,2025-11-11,14
E03838,P01656,50,Female,Heart Failure,Cardiology,11,5.3,2025-09-23,2025-10-04,11
E03839,P03199,64,Male,Heart Failure,Cardiology,3,2.9,2025-11-06,2025-11-09,3
E03840,P01279,69,Female,Diabetes,General Medicine,4,5.2,2025-03-11,2025-03-15,4
E03841,P00695,26,Male,Heart Failure,Cardiology,5,2.7,2025-07-24,2025-07-29,5
E03842,P03088,50,Male,Knee Osteoarthritis,Orthopedics,1,8.0,2025-12-07,2025-12-08,1
E03843,P02525,77,Female,Pneumonia,Pulmonology,8,6.6,2025-02-01,2025-02-09,8
E03844,P01086,38,Male,Heart Failure,Cardiology,8,1.9,2025-02-12,2025-02-20,8
E03845,P02929,75,Male,Diabetes,General Medicine,2,3.9,2025-04-28,2025-04-30,2
E03846,P02480,86,Male,Pneumonia,Pulmonology,12,7.6,2025-01-15,2025-01-27,12
E03847,P01694,27,Female,Heart Failure,Cardiology,11,3.6,2025-11-18,2025-11-29,11
E03848,P02316,23,Male,Stroke,Neurology,12,4.6,2025-04-25,2025-05-07,12
E03849,P01059,30,Male,Fracture,Orthopedics,3,7.7,2025-12-03,2025-12-06,3
E03850,P00779,82,Female,Heart Failure,Cardiology,12,3.6,2025-01-20,2025-02-01,12
E03851,P00494,37,Female,Low Back Pain,Orthopedics,2,3.9,2025-06-27,2025-06-29,2
E03852,P01586,74,Male,COPD,Pulmonology,8,5.2,2025-09-19,2025-09-27,8
E03853,P01493,63,Male,Knee Osteoarthritis,Orthopedics,7,3.5,2025-03-20,2025-03-27,7
E03854,P01791,25,Male,Pneumonia,Pulmonology,12,2.9,2025-04-30,2025-05-12,12
E03855,P00661,27,Female,Knee Osteoarthritis,Orthopedics,6,8.3,2025-01-26,2025-02-01,6
E03856,P01349,90,Male,Stroke,Neurology,14,4.0,2025-01-22,2025-02-05,14
E03857,P01328,84,Female,Stroke,Neurology,6,3.5,2025-07-20,2025-07-26,6
E03858,P01300,28,Female,Low Back Pain,Orthopedics,3,7.8,2025-03-05,2025-03-08,3
E03859,P01987,29,Male,Knee Osteoarthritis,Orthopedics,2,5.2,2025-08-02,2025-08-04,2
E03860,P03061,27,Male,Pneumonia,Pulmonology,8,1.7,2025-11-10,2025-11-18,8
E03861,P02045,42,Female,Stroke,Neurology,5,4.9,2025-10-20,2025-10-25,5
E03862,P03273,66,Male,Fracture,Orthopedics,16,6.2,2025-03-19,2025-04-04,16
E03863,P01929,66,Male,Stroke,Neurology,5,2.6,2025-08-04,2025-08-09,5
E03864,P01348,28,Female,Heart Failure,Cardiology,8,4.5,2025-08-12,2025-08-20,8
E03865,P01059,79,Male,Low Back Pain,Orthopedics,4,7.2,2025-01-28,2025-02-01,4
E03866,P00977,53,Female,COPD,Pulmonology,4,3.0,2025-11-01,2025-11-05,4
E03867,P00482,56,Male,Diabetes,General Medicine,7,3.1,2025-07-20,2025-07-27,7
E03868,P00728,70,Female,COPD,Pulmonology,6,4.2,2025-03-08,2025-03-14,6
E03869,P02528,73,Female,Fracture,Orthopedics,10,8.3,2025-12-25,2026-01-04,10
E03870,P03137,18,Male,COPD,Pulmonology,5,3.1,2025-05-06,2025-05-11,5
E03871,P01032,73,Female,Fracture,Orthopedics,9,7.5,2025-12-15,2025-12-24,9
E03872,P03373,21,Female,Stroke,Neurology,9,5.3,2025-07-14,2025-07-23,9
E03873,P00343,47,Male,Pneumonia,Pulmonology,3,4.8,2025-06-23,2025-06-26,3
E03874,P01448,29,Male,Pneumonia,Pulmonology,9,3.6,2025-03-28,2025-04-06,9
E03875,P02380,52,Male,Heart Failure,Cardiology,11,2.1,2025-12-09,2025-12-20,11
E03876,P02486,69,Female,Fracture,Orthopedics,14,5.8,2025-11-07,2025-11-21,14
E03877,P02222,48,Female,Pneumonia,Pulmonology,11,4.0,2025-06-03,2025-06-14,11
E03878,P02607,85,Female,Heart Failure,Cardiology,10,6.2,2025-07-29,2025-08-08,10
E03879,P00527,69,Male,Stroke,Neurology,8,3.8,2025-01-13,2025-01-21,8
E03880,P01897,24,Female,Stroke,Neurology,16,5.7,2025-06-13,2025-06-29,16
E03881,P00659,39,Female,COPD,Pulmonology,6,3.0,2025-09-12,2025-09-18,6
E03882,P02074,73,Male,Stroke,Neurology,3,4.7,2025-03-05,2025-03-08,3
E03883,P00820,75,Female,Stroke,Neurology,3,6.8,2025-11-03,2025-11-06,3
E03884,P02653,81,Male,Fracture,Orthopedics,11,7.6,2025-03-17,2025-03-28,11
E03885,P00406,29,Male,Diabetes,General Medicine,6,1.6,2025-01-22,2025-01-28,6
E03886,P02280,24,Male,Low Back Pain,Orthopedics,4,5.6,2025-03-01,2025-03-05,4
E03887,P02581,72,Female,COPD,Pulmonology,2,5.4,2025-02-25,2025-02-27,2
E03888,P01574,79,Female,COPD,Pulmonology,12,3.7,2025-06-17,2025-06-29,12
E03889,P01812,90,Female,Low Back Pain,Orthopedics,2,4.8,2025-07-24,2025-07-26,2
E03890,P00505,72,Male,Diabetes,General Medicine,4,2.3,2025-12-19,2025-12-23,4
E03891,P00179,53,Male,Stroke,Neurology,5,5.6,2025-09-16,2025-09-21,5
E03892,P00132,41,Male,Pneumonia,Pulmonology,7,5.0,2025-07-10,2025-07-17,7
E03893,P01847,61,Female,Heart Failure,Cardiology,12,3.5,2025-02-24,2025-03-08,12
E03894,P01479,34,Female,COPD,Pulmonology,12,7.2,2025-12-06,2025-12-18,12
E03895,P02396,19,Female,Low Back Pain,Orthopedics,5,7.7,2025-10-11,2025-10-16,5
E03896,P02588,30,Female,Knee Osteoarthritis,Orthopedics,2,6.1,2025-09-21,2025-09-23,2
E03897,P00772,48,Female,Heart Failure,Cardiology,3,2.3,2025-09-16,2025-09-19,3
E03898,P01430,45,Male,Knee Osteoarthritis,Orthopedics,6,5.0,2025-12-16,2025-12-22,6
E03899,P02124,77,Female,Knee Osteoarthritis,Orthopedics,5,7.0,2025-03-30,2025-04-04,5
E03900,P00579,44,Male,Fracture,Orthopedics,3,5.8,2025-08-10,2025-08-13,3
E03901,P02902,32,Male,COPD,Pulmonology,12,6.0,2025-12-16,2025-12-28,12
E03902,P01516,50,Female,Stroke,Neurology,4,6.7,2025-03-30,2025-04-03,4
E03903,P00194,37,Male,Fracture,Orthopedics,10,7.4,2025-02-28,2025-03-10,10
E03904,P02008,59,Female,Knee Osteoarthritis,Orthopedics,7,4.7,2025-06-01,2025-06-08,7
E03905,P01186,29,Female,Stroke,Neurology,7,3.5,2025-01-28,2025-02-04,7
E03906,P02395,90,Male,Diabetes,General Medicine,7,5.4,2025-08-13,2025-08-20,7
E03907,P02999,40,Female,Pneumonia,Pulmonology,11,2.7,2025-11-14,2025-11-25,11
E03908,P01385,89,Female,Knee Osteoarthritis,Orthopedics,2,8.2,2025-02-20,2025-02-22,2
E03909,P01793,31,Male,COPD,Pulmonology,10,4.2,2025-09-20,2025-09-30,10
E03910,P01111,42,Male,Pneumonia,Pulmonology,6,3.6,2025-10-06,2025-10-12,6
E03911,P03334,48,Male,Stroke,Neurology,10,3.4,2025-02-15,2025-02-25,10
E03912,P02262,71,Male,Knee Osteoarthritis,Orthopedics,5,6.4,2025-11-30,2025-12-05,5
E03913,P01937,22,Male,Heart Failure,Cardiology,5,3.8,2025-04-16,2025-04-21,5
E03914,P02621,30,Male,Fracture,Orthopedics,16,8.0,2025-10-11,2025-10-27,16
E03915,P00780,45,Female,COPD,Pulmonology,10,2.2,2025-01-24,2025-02-03,10
E03916,P00262,60,Female,Diabetes,General Medicine,2,3.1,2025-01-07,2025-01-09,2
E03917,P00730,64,Female,Low Back Pain,Orthopedics,2,6.6,2025-12-01,2025-12-03,2
E03918,P00283,88,Male,Diabetes,General Medicine,3,4.5,2025-01-03,2025-01-06,3
E03919,P01491,55,Female,Fracture,Orthopedics,16,5.1,2025-09-15,2025-10-01,16
E03920,P03452,84,Male,Knee Osteoarthritis,Orthopedics,2,4.5,2025-09-20,2025-09-22,2
E03921,P00362,79,Female,Fracture,Orthopedics,7,7.5,2025-05-01,2025-05-08,7
E03922,P00441,56,Male,COPD,Pulmonology,3,1.2,2025-07-27,2025-07-30,3
E03923,P02141,54,Female,Diabetes,General Medicine,8,5.4,2025-01-21,2025-01-29,8
E03924,P01645,25,Male,Low Back Pain,Orthopedics,5,6.3,2025-05-20,2025-05-25,5
E03925,P02801,69,Male,Heart Failure,Cardiology,14,1.2,2025-10-07,2025-10-21,14
E03926,P00867,50,Male,Pneumonia,Pulmonology,10,2.8,2025-10-16,2025-10-26,10
E03927,P01448,59,Male,Fracture,Orthopedics,4,7.1,2025-07-25,2025-07-29,4
E03928,P00142,44,Female,Heart Failure,Cardiology,10,2.7,2025-02-12,2025-02-22,10
E03929,P01315,25,Female,Diabetes,General Medicine,7,3.5,2025-12-04,2025-12-11,7
E03930,P01456,40,Male,Low Back Pain,Orthopedics,6,7.6,2025-04-28,2025-05-04,6
E03931,P02797,81,Male,Pneumonia,Pulmonology,6,3.2,2025-01-05,2025-01-11,6
E03932,P01876,37,Male,COPD,Pulmonology,9,2.1,2025-07-26,2025-08-04,9
E03933,P01848,33,Female,Low Back Pain,Orthopedics,6,6.1,2025-05-03,2025-05-09,6
E03934,P01713,34,Male,Heart Failure,Cardiology,3,5.6,2025-11-23,2025-11-26,3
E03935,P02701,36,Male,Stroke,Neurology,8,7.0,2025-12-11,2025-12-19,8
E03936,P00701,25,Female,Stroke,Neurology,16,1.5,2025-05-22,2025-06-07,16
E03937,P00998,55,Male,Pneumonia,Pulmonology,3,5.1,2025-08-20,2025-08-23,3
E03938,P02097,55,Male,Fracture,Orthopedics,3,6.9,2025-06-13,2025-06-16,3
E03939,P01326,70,Female,Pneumonia,Pulmonology,10,4.9,2025-02-04,2025-02-14,10
E03940,P00881,48,Male,Pneumonia,Pulmonology,6,2.7,2025-12-30,2026-01-05,6
E03941,P01214,61,Male,Stroke,Neurology,12,1.8,2025-12-01,2025-12-13,12
E03942,P01160,77,Female,Heart Failure,Cardiology,11,4.4,2025-01-11,2025-01-22,11
E03943,P00555,34,Male,Fracture,Orthopedics,6,5.1,2025-03-16,2025-03-22,6
E03944,P00404,90,Female,Pneumonia,Pulmonology,13,1.4,2025-10-27,2025-11-09,13
E03945,P00892,56,Male,Stroke,Neurology,13,2.5,2025-07-17,2025-07-30,13
E03946,P02913,59,Male,Pneumonia,Pulmonology,9,4.4,2025-12-07,2025-12-16,9
E03947,P00602,65,Male,Pneumonia,Pulmonology,6,3.7,2025-09-21,2025-09-27,6
E03948,P01831,29,Male,Fracture,Orthopedics,16,7.7,2025-12-01,2025-12-17,16
E03949,P00341,35,Male,Fracture,Orthopedics,9,7.5,2025-08-12,2025-08-21,9
E03950,P01969,23,Female,Low Back Pain,Orthopedics,3,5.9,2025-05-02,2025-05-05,3
E03951,P00704,60,Male,Pneumonia,Pulmonology,9,3.4,2025-03-15,2025-03-24,9
E03952,P00318,52,Male,Stroke,Neurology,10,3.7,2025-01-28,2025-02-07,10
E03953,P02666,71,Female,Heart Failure,Cardiology,4,3.2,2025-06-20,2025-06-24,4
E03954,P01387,79,Female,Stroke,Neurology,11,3.0,2025-12-30,2026-01-10,11
E03955,P02430,86,Male,Stroke,Neurology,16,5.1,2025-08-04,2025-08-20,16
E03956,P02281,33,Female,Pneumonia,Pulmonology,9,5.1,2025-11-15,2025-11-24,9
E03957,P01801,25,Male,Low Back Pain,Orthopedics,1,5.3,2025-04-11,2025-04-12,1
E03958,P01368,48,Female,Knee Osteoarthritis,Orthopedics,4,8.4,2025-09-03,2025-09-07,4
E03959,P01573,27,Female,COPD,Pulmonology,12,3.7,2025-04-03,2025-04-15,12
E03960,P00817,73,Male,Knee Osteoarthritis,Orthopedics,7,6.9,2025-03-04,2025-03-11,7
E03961,P00553,87,Female,Knee Osteoarthritis,Orthopedics,4,4.0,2025-09-23,2025-09-27,4
E03962,P00856,37,Male,Stroke,Neurology,8,1.8,2025-07-25,2025-08-02,8
E03963,P01813,22,Female,Pneumonia,Pulmonology,11,3.7,2025-03-21,2025-04-01,11
E03964,P02867,40,Female,Fracture,Orthopedics,11,7.7,2025-02-06,2025-02-17,11
E03965,P00183,26,Female,COPD,Pulmonology,6,2.5,2025-01-11,2025-01-17,6
E03966,P03113,75,Male,Knee Osteoarthritis,Orthopedics,7,9.0,2025-04-25,2025-05-02,7
E03967,P01575,76,Male,Diabetes,General Medicine,5,4.6,2025-03-31,2025-04-05,5
E03968,P00397,71,Female,Diabetes,General Medicine,7,2.1,2025-08-20,2025-08-27,7
E03969,P01728,63,Male,Diabetes,General Medicine,1,3.5,2025-01-19,2025-01-20,1
E03970,P02827,39,Male,Heart Failure,Cardiology,10,7.2,2025-02-21,2025-03-03,10
E03971,P01518,81,Male,Pneumonia,Pulmonology,7,1.6,2025-10-01,2025-10-08,7
E03972,P00907,25,Female,Stroke,Neurology,13,5.3,2025-04-04,2025-04-17,13
E03973,P01357,37,Male,Stroke,Neurology,6,4.0,2025-02-01,2025-02-07,6
E03974,P02175,68,Female,Pneumonia,Pulmonology,7,4.6,2025-05-31,2025-06-07,7
E03975,P00001,56,Female,Low Back Pain,Orthopedics,5,8.4,2025-05-20,2025-05-25,5
E03976,P03240,54,Female,Fracture,Orthopedics,5,5.9,2025-02-27,2025-03-04,5
E03977,P00019,67,Female,COPD,Pulmonology,8,5.2,2025-01-21,2025-01-29,8
E03978,P03404,51,Female,Low Back Pain,Orthopedics,3,9.8,2025-05-29,2025-06-01,3
E03979,P00584,50,Male,Fracture,Orthopedics,15,6.6,2025-08-09,2025-08-24,15
E03980,P00456,48,Male,Heart Failure,Cardiology,14,4.7,2025-08-09,2025-08-23,14
E03981,P03005,71,Female,Pneumonia,Pulmonology,3,2.6,2025-08-30,2025-09-02,3
E03982,P02037,61,Male,Low Back Pain,Orthopedics,6,6.5,2025-08-07,2025-08-13,6
E03983,P01133,51,Male,COPD,Pulmonology,5,3.2,2025-01-29,2025-02-03,5
E03984,P03340,88,Male,Heart Failure,Cardiology,8,4.7,2025-02-16,2025-02-24,8
E03985,P02493,79,Male,Knee Osteoarthritis,Orthopedics,5,8.3,2025-02-27,2025-03-04,5
E03986,P03312,40,Male,Knee Osteoarthritis,Orthopedics,6,6.3,2025-10-02,2025-10-08,6
E03987,P01953,63,Male,Heart Failure,Cardiology,10,5.8,2025-05-20,2025-05-30,10
E03988,P03373,73,Male,Fracture,Orthopedics,12,8.8,2025-01-23,2025-02-04,12
E03989,P02650,24,Female,Pneumonia,Pulmonology,8,4.8,2025-03-04,2025-03-12,8
E03990,P02151,78,Female,Knee Osteoarthritis,Orthopedics,4,5.7,2025-02-21,2025-02-25,4
E03991,P00988,20,Female,Pneumonia,Pulmonology,10,2.6,2025-09-23,2025-10-03,10
E03992,P03322,55,Male,Low Back Pain,Orthopedics,6,5.3,2025-12-08,2025-12-14,6
E03993,P00520,51,Male,Knee Osteoarthritis,Orthopedics,1,7.9,2025-06-16,2025-06-17,1
E03994,P03225,61,Female,COPD,Pulmonology,3,1.7,2025-05-31,2025-06-03,3
E03995,P00859,47,Male,COPD,Pulmonology,2,4.5,2025-01-11,2025-01-13,2
E03996,P00174,34,Male,Low Back Pain,Orthopedics,3,4.9,2025-04-05,2025-04-08,3
E03997,P01367,76,Female,COPD,Pulmonology,5,4.7,2025-03-13,2025-03-18,5
E03998,P03053,27,Female,Pneumonia,Pulmonology,5,3.5,2025-02-17,2025-02-22,5
E03999,P02479,35,Female,Fracture,Orthopedics,15,8.5,2025-12-14,2025-12-29,15
E04000,P00727,62,Male,Pneumonia,Pulmonology,3,5.2,2025-09-29,2025-10-02,3
E04001,P01711,76,Male,Fracture,Orthopedics,5,8.7,2025-04-05,2025-04-10,5
E04002,P01876,79,Male,COPD,Pulmonology,4,5.7,2025-08-21,2025-08-25,4
E04003,P02898,76,Female,Diabetes,General Medicine,5,3.7,2025-02-17,2025-02-22,5
E04004,P01682,66,Female,Heart Failure,Cardiology,2,1.8,2025-07-27,2025-07-29,2
E04005,P01348,80,Male,Fracture,Orthopedics,11,4.9,2025-08-15,2025-08-26,11
E04006,P00990,49,Female,Stroke,Neurology,10,1.4,2025-03-18,2025-03-28,10
E04007,P02687,27,Female,Heart Failure,Cardiology,9,1.9,2025-12-15,2025-12-24,9
E04008,P00420,28,Male,COPD,Pulmonology,4,3.6,2025-08-07,2025-08-11,4
E04009,P00594,87,Female,Pneumonia,Pulmonology,3,2.7,2025-12-26,2025-12-29,3
E04010,P02533,79,Female,Fracture,Orthopedics,3,6.2,2025-03-22,2025-03-25,3
E04011,P01775,64,Female,Pneumonia,Pulmonology,13,4.2,2025-02-06,2025-02-19,13
E04012,P02460,51,Male,Heart Failure,Cardiology,7,3.0,2025-04-12,2025-04-19,7
E04013,P00936,34,Male,Fracture,Orthopedics,15,4.8,2025-07-10,2025-07-25,15
E04014,P01108,71,Female,Pneumonia,Pulmonology,11,3.4,2025-01-29,2025-02-09,11
E04015,P01137,57,Male,Low Back Pain,Orthopedics,1,5.2,2025-11-10,2025-11-11,1
E04016,P00332,36,Male,Knee Osteoarthritis,Orthopedics,6,6.1,2025-09-10,2025-09-16,6
E04017,P03450,84,Male,Pneumonia,Pulmonology,12,5.5,2025-09-08,2025-09-20,12
E04018,P02703,70,Female,Fracture,Orthopedics,7,6.1,2025-08-14,2025-08-21,7
E04019,P02089,81,Male,COPD,Pulmonology,10,6.2,2025-04-04,2025-04-14,10
E04020,P01794,64,Female,COPD,Pulmonology,12,5.6,2025-03-27,2025-04-08,12
E04021,P00959,23,Female,Heart Failure,Cardiology,10,2.6,2025-04-20,2025-04-30,10
E04022,P00105,33,Male,Heart Failure,Cardiology,14,1.8,2025-08-05,2025-08-19,14
E04023,P00202,89,Female,Heart Failure,Cardiology,13,3.4,2025-07-15,2025-07-28,13
E04024,P02498,35,Male,COPD,Pulmonology,5,5.2,2025-10-24,2025-10-29,5
E04025,P01843,69,Male,Diabetes,General Medicine,7,2.8,2025-02-13,2025-02-20,7
E04026,P01867,65,Female,Fracture,Orthopedics,16,7.9,2025-03-31,2025-04-16,16
E04027,P01997,60,Female,COPD,Pulmonology,12,5.3,2025-06-04,2025-06-16,12
E04028,P01290,56,Male,Low Back Pain,Orthopedics,4,5.3,2025-04-19,2025-04-23,4
E04029,P00910,66,Male,COPD,Pulmonology,6,2.5,2025-02-28,2025-03-06,6
E04030,P00210,29,Male,Low Back Pain,Orthopedics,3,7.6,2025-04-20,2025-04-23,3
E04031,P00563,27,Male,COPD,Pulmonology,10,3.7,2025-04-16,2025-04-26,10
E04032,P03190,88,Female,COPD,Pulmonology,8,2.5,2025-08-09,2025-08-17,8
E04033,P02761,72,Female,Diabetes,General Medicine,8,3.0,2025-09-20,2025-09-28,8
E04034,P03449,18,Female,Low Back Pain,Orthopedics,2,6.4,2025-03-23,2025-03-25,2
E04035,P01564,66,Male,Diabetes,General Medicine,7,1.2,2025-09-29,2025-10-06,7
E04036,P00771,53,Female,Low Back Pain,Orthopedics,1,7.6,2025-02-18,2025-02-19,1
E04037,P03156,38,Female,Diabetes,General Medicine,5,2.8,2025-02-01,2025-02-06,5
E04038,P02502,54,Female,Diabetes,General Medicine,6,0.0,2025-03-30,2025-04-05,6
E04039,P02715,41,Female,Low Back Pain,Orthopedics,3,6.5,2025-01-19,2025-01-22,3
E04040,P00629,72,Male,Diabetes,General Medicine,1,2.4,2025-01-03,2025-01-04,1
E04041,P01629,42,Female,COPD,Pulmonology,12,6.0,2025-03-01,2025-03-13,12
E04042,P01702,24,Female,Low Back Pain,Orthopedics,4,5.6,2025-08-30,2025-09-03,4
E04043,P00387,88,Female,Diabetes,General Medicine,2,1.9,2025-01-29,2025-01-31,2
E04044,P01936,88,Female,COPD,Pulmonology,9,4.3,2025-03-16,2025-03-25,9
E04045,P03422,41,Male,COPD,Pulmonology,2,2.5,2025-03-11,2025-03-13,2
E04046,P02344,28,Male,Heart Failure,Cardiology,11,2.3,2025-03-24,2025-04-04,11
E04047,P02306,90,Female,Stroke,Neurology,9,5.3,2025-12-23,2026-01-01,9
E04048,P01105,29,Male,Low Back Pain,Orthopedics,5,4.9,2025-06-22,2025-06-27,5
E04049,P00268,52,Male,Diabetes,General Medicine,8,1.3,2025-07-16,2025-07-24,8
E04050,P02467,80,Male,Heart Failure,Cardiology,14,6.1,2025-12-12,2025-12-26,14
E04051,P02283,85,Male,Stroke,Neurology,8,5.4,2025-05-27,2025-06-04,8
E04052,P01857,74,Female,Fracture,Orthopedics,10,6.1,2025-09-30,2025-10-10,10
E04053,P03383,30,Male,Fracture,Orthopedics,6,6.5,2025-02-04,2025-02-10,6
E04054,P01999,40,Male,Diabetes,General Medicine,6,4.3,2025-04-23,2025-04-29,6
E04055,P03034,56,Female,Fracture,Orthopedics,16,8.0,2025-07-25,2025-08-10,16
E04056,P01381,29,Female,Stroke,Neurology,13,3.4,2025-06-07,2025-06-20,13
E04057,P01237,51,Female,Low Back Pain,Orthopedics,3,7.0,2025-09-10,2025-09-13,3
E04058,P00574,88,Female,COPD,Pulmonology,8,2.7,2025-05-02,2025-05-10,8
E04059,P00049,48,Male,COPD,Pulmonology,3,3.2,2025-02-17,2025-02-20,3
E04060,P01151,79,Female,Stroke,Neurology,14,4.7,2025-07-04,2025-07-18,14
E04061,P00223,30,Male,Fracture,Orthopedics,10,6.5,2025-09-30,2025-10-10,10
E04062,P02969,48,Male,COPD,Pulmonology,8,4.6,2025-04-11,2025-04-19,8
E04063,P03351,19,Female,Fracture,Orthopedics,14,7.2,2025-01-15,2025-01-29,14
E04064,P01432,32,Female,Knee Osteoarthritis,Orthopedics,4,4.2,2025-05-08,2025-05-12,4
E04065,P01529,74,Male,Pneumonia,Pulmonology,9,1.5,2025-07-29,2025-08-07,9
E04066,P03366,51,Male,COPD,Pulmonology,3,2.9,2025-04-22,2025-04-25,3
E04067,P01820,85,Female,Knee Osteoarthritis,Orthopedics,3,9.2,2025-09-27,2025-09-30,3
E04068,P02325,46,Female,Low Back Pain,Orthopedics,4,5.2,2025-05-22,2025-05-26,4
E04069,P01462,83,Female,Low Back Pain,Orthopedics,4,6.2,2025-06-22,2025-06-26,4
E04070,P01131,33,Male,Stroke,Neurology,14,3.7,2025-12-19,2026-01-02,14
E04071,P01682,56,Male,COPD,Pulmonology,10,2.7,2025-06-15,2025-06-25,10
E04072,P02468,54,Female,Fracture,Orthopedics,14,6.8,2025-04-29,2025-05-13,14
E04073,P02659,38,Male,COPD,Pulmonology,6,5.6,2025-07-22,2025-07-28,6
E04074,P00375,61,Female,Fracture,Orthopedics,8,7.2,2025-01-11,2025-01-19,8
E04075,P02121,36,Male,Fracture,Orthopedics,3,5.3,2025-09-06,2025-09-09,3
E04076,P02022,88,Male,COPD,Pulmonology,5,7.6,2025-10-31,2025-11-05,5
E04077,P01054,25,Female,Fracture,Orthopedics,16,6.6,2025-09-05,2025-09-21,16
E04078,P03260,83,Female,Heart Failure,Cardiology,5,2.6,2025-06-03,2025-06-08,5
E04079,P03436,58,Female,Diabetes,General Medicine,2,5.6,2025-11-19,2025-11-21,2
E04080,P01890,87,Male,Pneumonia,Pulmonology,9,2.8,2025-01-25,2025-02-03,9
E04081,P01824,78,Male,COPD,Pulmonology,9,6.0,2025-12-08,2025-12-17,9
E04082,P01475,43,Female,Diabetes,General Medicine,2,2.2,2025-08-09,2025-08-11,2
E04083,P02243,88,Male,Heart Failure,Cardiology,7,5.6,2025-04-20,2025-04-27,7
E04084,P01180,87,Female,Fracture,Orthopedics,10,6.8,2025-03-31,2025-04-10,10
E04085,P03244,46,Male,Fracture,Orthopedics,11,8.4,2025-09-22,2025-10-03,11
E04086,P02895,83,Female,Low Back Pain,Orthopedics,5,9.4,2025-02-09,2025-02-14,5
E04087,P01065,36,Male,Pneumonia,Pulmonology,2,1.8,2025-09-20,2025-09-22,2
E04088,P03135,85,Male,Knee Osteoarthritis,Orthopedics,1,8.4,2025-06-07,2025-06-08,1
E04089,P02071,75,Male,Low Back Pain,Orthopedics,2,4.4,2025-04-28,2025-04-30,2
E04090,P00360,87,Male,Low Back Pain,Orthopedics,2,4.9,2025-09-13,2025-09-15,2
E04091,P03147,74,Female,Fracture,Orthopedics,7,5.3,2025-07-15,2025-07-22,7
E04092,P02608,54,Male,Stroke,Neurology,9,5.3,2025-11-10,2025-11-19,9
E04093,P02720,78,Female,Heart Failure,Cardiology,8,3.5,2025-11-07,2025-11-15,8
E04094,P02042,47,Female,Stroke,Neurology,6,4.2,2025-01-14,2025-01-20,6
E04095,P01142,88,Female,Stroke,Neurology,15,4.7,2025-04-28,2025-05-13,15
E04096,P01636,90,Female,Diabetes,General Medicine,4,4.4,2025-08-05,2025-08-09,4
E04097,P01404,42,Male,Low Back Pain,Orthopedics,6,7.5,2025-07-24,2025-07-30,6
E04098,P01944,82,Female,Fracture,Orthopedics,16,8.1,2025-03-18,2025-04-03,16
E04099,P00679,23,Male,Heart Failure,Cardiology,12,6.2,2025-06-21,2025-07-03,12
E04100,P03362,35,Male,Stroke,Neurology,12,4.5,2025-01-26,2025-02-07,12
E04101,P02488,27,Male,Fracture,Orthopedics,5,5.7,2025-05-08,2025-05-13,5
E04102,P02981,28,Male,Fracture,Orthopedics,13,7.4,2025-05-22,2025-06-04,13
E04103,P00007,82,Female,Fracture,Orthopedics,4,4.8,2025-01-24,2025-01-28,4
E04104,P03268,82,Male,Knee Osteoarthritis,Orthopedics,3,5.5,2025-08-20,2025-08-23,3
E04105,P02469,69,Female,Pneumonia,Pulmonology,9,5.0,2025-06-26,2025-07-05,9
E04106,P01592,84,Male,Fracture,Orthopedics,3,6.3,2025-12-07,2025-12-10,3
E04107,P00833,48,Male,COPD,Pulmonology,5,1.7,2025-08-23,2025-08-28,5
E04108,P03265,34,Female,Heart Failure,Cardiology,8,1.3,2025-11-15,2025-11-23,8
E04109,P02607,72,Male,Diabetes,General Medicine,8,3.6,2025-01-26,2025-02-03,8
E04110,P03220,53,Male,Heart Failure,Cardiology,6,5.2,2025-09-23,2025-09-29,6
E04111,P01811,43,Male,Low Back Pain,Orthopedics,2,8.2,2025-12-28,2025-12-30,2
E04112,P03274,70,Male,Diabetes,General Medicine,1,3.7,2025-04-27,2025-04-28,1
E04113,P00914,34,Male,Pneumonia,Pulmonology,7,6.5,2025-02-27,2025-03-06,7
E04114,P02012,42,Female,Fracture,Orthopedics,15,6.3,2025-09-27,2025-10-12,15
E04115,P01443,19,Male,Knee Osteoarthritis,Orthopedics,5,6.3,2025-11-25,2025-11-30,5
E04116,P01451,22,Male,Stroke,Neurology,7,0.6,2025-10-22,2025-10-29,7
E04117,P03055,21,Female,Heart Failure,Cardiology,4,2.8,2025-05-02,2025-05-06,4
E04118,P01503,53,Male,Diabetes,General Medicine,3,4.8,2025-06-08,2025-06-11,3
E04119,P00126,23,Female,Fracture,Orthopedics,13,8.8,2025-06-27,2025-07-10,13
E04120,P02443,38,Male,Pneumonia,Pulmonology,12,2.3,2025-05-24,2025-06-05,12
E04121,P00817,43,Male,Stroke,Neurology,11,5.2,2025-11-24,2025-12-05,11
E04122,P02929,72,Female,COPD,Pulmonology,4,5.1,2025-11-03,2025-11-07,4
E04123,P01830,56,Male,Pneumonia,Pulmonology,3,3.5,2025-03-30,2025-04-02,3
E04124,P00576,50,Male,Knee Osteoarthritis,Orthopedics,5,3.1,2025-08-27,2025-09-01,5
E04125,P02373,31,Female,Stroke,Neurology,11,4.9,2025-02-07,2025-02-18,11
E04126,P01416,73,Female,Stroke,Neurology,10,5.6,2025-12-27,2026-01-06,10
E04127,P00930,38,Male,COPD,Pulmonology,7,2.1,2025-03-20,2025-03-27,7
E04128,P01464,63,Female,Fracture,Orthopedics,5,6.1,2025-12-11,2025-12-16,5
E04129,P03276,33,Male,Stroke,Neurology,8,2.8,2025-11-23,2025-12-01,8
E04130,P00833,33,Female,Diabetes,General Medicine,5,0.0,2025-12-12,2025-12-17,5
E04131,P01055,46,Male,Stroke,Neurology,3,6.0,2025-09-09,2025-09-12,3
E04132,P03460,25,Female,Pneumonia,Pulmonology,6,3.5,2025-11-24,2025-11-30,6
E04133,P01649,20,Female,Diabetes,General Medicine,6,5.9,2025-05-29,2025-06-04,6
E04134,P01901,36,Female,Stroke,Neurology,9,5.8,2025-01-16,2025-01-25,9
E04135,P01458,83,Female,Pneumonia,Pulmonology,10,3.0,2025-11-19,2025-11-29,10
E04136,P02885,39,Female,Pneumonia,Pulmonology,13,3.4,2025-11-17,2025-11-30,13
E04137,P02974,63,Female,Heart Failure,Cardiology,2,4.3,2025-09-26,2025-09-28,2
E04138,P01400,30,Female,Pneumonia,Pulmonology,4,5.0,2025-04-28,2025-05-02,4
E04139,P03416,50,Female,COPD,Pulmonology,9,4.0,2025-07-11,2025-07-20,9
E04140,P00443,22,Female,Low Back Pain,Orthopedics,6,8.2,2025-11-13,2025-11-19,6
E04141,P02123,44,Male,Knee Osteoarthritis,Orthopedics,5,6.1,2025-10-15,2025-10-20,5
E04142,P00557,41,Female,Stroke,Neurology,7,3.0,2025-12-17,2025-12-24,7
E04143,P01179,84,Male,COPD,Pulmonology,11,3.4,2025-10-24,2025-11-04,11
E04144,P02038,80,Female,Stroke,Neurology,4,4.8,2025-07-13,2025-07-17,4
E04145,P00363,65,Male,Stroke,Neurology,5,2.7,2025-10-08,2025-10-13,5
E04146,P02496,80,Male,Pneumonia,Pulmonology,13,1.5,2025-10-28,2025-11-10,13
E04147,P01258,29,Female,Pneumonia,Pulmonology,3,4.2,2025-09-07,2025-09-10,3
E04148,P01842,45,Female,Stroke,Neurology,3,3.9,2025-08-19,2025-08-22,3
E04149,P02310,61,Male,Low Back Pain,Orthopedics,6,6.3,2025-01-03,2025-01-09,6
E04150,P01851,60,Male,Diabetes,General Medicine,3,3.0,2025-06-23,2025-06-26,3
E04151,P02173,34,Female,Diabetes,General Medicine,7,5.8,2025-08-28,2025-09-04,7
E04152,P00911,57,Female,Knee Osteoarthritis,Orthopedics,4,8.4,2025-04-14,2025-04-18,4
E04153,P00245,66,Female,Heart Failure,Cardiology,8,1.6,2025-10-16,2025-10-24,8
E04154,P00542,74,Male,Fracture,Orthopedics,10,5.7,2025-09-01,2025-09-11,10
E04155,P02533,81,Female,COPD,Pulmonology,2,4.8,2025-10-15,2025-10-17,2
E04156,P02170,74,Female,Knee Osteoarthritis,Orthopedics,5,7.4,2025-09-30,2025-10-05,5
E04157,P02173,87,Female,Fracture,Orthopedics,12,6.4,2025-04-30,2025-05-12,12
E04158,P01573,60,Female,Stroke,Neurology,11,2.8,2025-12-04,2025-12-15,11
E04159,P02218,40,Female,COPD,Pulmonology,12,2.5,2025-09-16,2025-09-28,12
E04160,P00124,44,Male,Stroke,Neurology,9,3.7,2025-03-11,2025-03-20,9
E04161,P03107,75,Male,Stroke,Neurology,3,4.9,2025-07-02,2025-07-05,3
E04162,P03159,54,Female,Heart Failure,Cardiology,9,6.1,2025-09-04,2025-09-13,9
E04163,P02694,23,Female,Pneumonia,Pulmonology,4,2.5,2025-04-28,2025-05-02,4
E04164,P01732,82,Male,Heart Failure,Cardiology,14,2.0,2025-01-31,2025-02-14,14
E04165,P00786,23,Female,Knee Osteoarthritis,Orthopedics,4,6.3,2025-05-29,2025-06-02,4
E04166,P02044,67,Male,Pneumonia,Pulmonology,5,5.0,2025-01-16,2025-01-21,5
E04167,P02249,39,Female,Pneumonia,Pulmonology,11,1.3,2025-09-30,2025-10-11,11
E04168,P02417,42,Male,Knee Osteoarthritis,Orthopedics,6,8.7,2025-12-18,2025-12-24,6
E04169,P00797,89,Male,Pneumonia,Pulmonology,13,3.2,2025-04-12,2025-04-25,13
E04170,P00077,68,Female,COPD,Pulmonology,9,2.4,2025-03-13,2025-03-22,9
E04171,P00059,65,Male,Diabetes,General Medicine,1,1.1,2025-07-12,2025-07-13,1
E04172,P02479,87,Female,Knee Osteoarthritis,Orthopedics,1,7.6,2025-11-18,2025-11-19,1
E04173,P02686,82,Male,Fracture,Orthopedics,11,6.2,2025-04-21,2025-05-02,11
E04174,P01524,77,Female,Knee Osteoarthritis,Orthopedics,5,6.8,2025-10-20,2025-10-25,5
E04175,P01937,63,Female,Diabetes,General Medicine,4,2.1,2025-12-13,2025-12-17,4
E04176,P02157,53,Female,Heart Failure,Cardiology,5,3.0,2025-12-06,2025-12-11,5
E04177,P03056,75,Male,Heart Failure,Cardiology,10,2.8,2025-11-14,2025-11-24,10
E04178,P01302,55,Female,Heart Failure,Cardiology,9,3.3,2025-10-04,2025-10-13,9
E04179,P00068,28,Female,Pneumonia,Pulmonology,11,2.5,2025-04-16,2025-04-27,11
E04180,P03141,29,Female,Diabetes,General Medicine,7,1.2,2025-02-06,2025-02-13,7
E04181,P03237,59,Male,COPD,Pulmonology,11,7.6,2025-10-18,2025-10-29,11
E04182,P02353,56,Female,Knee Osteoarthritis,Orthopedics,4,4.5,2025-06-30,2025-07-04,4
E04183,P01933,88,Male,Knee Osteoarthritis,Orthopedics,7,6.8,2025-05-23,2025-05-30,7
E04184,P02722,28,Male,Knee Osteoarthritis,Orthopedics,4,3.8,2025-04-24,2025-04-28,4
E04185,P00365,53,Male,Pneumonia,Pulmonology,4,0.5,2025-08-26,2025-08-30,4
E04186,P00821,69,Female,Pneumonia,Pulmonology,5,3.6,2025-04-04,2025-04-09,5
E04187,P01403,48,Female,Low Back Pain,Orthopedics,1,6.8,2025-09-17,2025-09-18,1
E04188,P02391,50,Male,COPD,Pulmonology,9,5.4,2025-04-17,2025-04-26,9
E04189,P00947,30,Female,Heart Failure,Cardiology,13,4.1,2025-09-01,2025-09-14,13
E04190,P02947,35,Female,Fracture,Orthopedics,14,6.3,2025-12-01,2025-12-15,14
E04191,P01578,58,Male,Low Back Pain,Orthopedics,1,5.1,2025-01-23,2025-01-24,1
E04192,P01378,75,Male,Low Back Pain,Orthopedics,3,8.7,2025-12-27,2025-12-30,3
E04193,P01440,73,Female,Pneumonia,Pulmonology,13,4.9,2025-09-28,2025-10-11,13
E04194,P03181,41,Male,Heart Failure,Cardiology,11,1.6,2025-05-20,2025-05-31,11
E04195,P00762,90,Female,Heart Failure,Cardiology,3,3.6,2025-03-23,2025-03-26,3
E04196,P00341,48,Male,Knee Osteoarthritis,Orthopedics,2,6.7,2025-12-10,2025-12-12,2
E04197,P02990,72,Female,Pneumonia,Pulmonology,9,3.0,2025-06-05,2025-06-14,9
E04198,P00383,27,Female,Heart Failure,Cardiology,7,4.7,2025-12-01,2025-12-08,7
E04199,P01004,77,Male,Fracture,Orthopedics,14,7.7,2025-01-19,2025-02-02,14
E04200,P01557,19,Female,Low Back Pain,Orthopedics,4,6.2,2025-03-10,2025-03-14,4
E04201,P00300,32,Female,Diabetes,General Medicine,4,3.1,2025-05-12,2025-05-16,4
E04202,P00139,20,Male,Diabetes,General Medicine,5,5.7,2025-09-13,2025-09-18,5
E04203,P00359,60,Female,Pneumonia,Pulmonology,7,4.9,2025-07-28,2025-08-04,7
E04204,P00836,48,Female,Knee Osteoarthritis,Orthopedics,4,6.6,2025-01-10,2025-01-14,4
E04205,P01523,87,Female,Knee Osteoarthritis,Orthopedics,1,4.1,2025-05-20,2025-05-21,1
E04206,P03457,84,Male,Heart Failure,Cardiology,12,4.0,2025-05-15,2025-05-27,12
E04207,P01628,73,Male,Fracture,Orthopedics,9,7.5,2025-09-12,2025-09-21,9
E04208,P01983,80,Male,COPD,Pulmonology,9,0.0,2025-10-27,2025-11-05,9
E04209,P01304,32,Male,Pneumonia,Pulmonology,3,3.9,2025-09-15,2025-09-18,3
E04210,P02531,27,Male,COPD,Pulmonology,3,2.9,2025-04-04,2025-04-07,3
E04211,P00909,55,Female,Diabetes,General Medicine,8,3.2,2025-08-29,2025-09-06,8
E04212,P01135,64,Female,Low Back Pain,Orthopedics,1,5.1,2025-08-25,2025-08-26,1
E04213,P02914,74,Female,Heart Failure,Cardiology,5,3.3,2025-06-14,2025-06-19,5
E04214,P02187,67,Male,Low Back Pain,Orthopedics,6,8.6,2025-11-21,2025-11-27,6
E04215,P00996,88,Female,COPD,Pulmonology,6,2.8,2025-05-28,2025-06-03,6
E04216,P02483,32,Male,Heart Failure,Cardiology,5,4.9,2025-08-06,2025-08-11,5
E04217,P02557,35,Female,Stroke,Neurology,16,3.3,2025-04-18,2025-05-04,16
E04218,P02321,19,Male,Low Back Pain,Orthopedics,4,7.6,2025-08-19,2025-08-23,4
E04219,P03171,60,Female,Pneumonia,Pulmonology,11,3.5,2025-03-11,2025-03-22,11
E04220,P02152,43,Female,Low Back Pain,Orthopedics,2,7.0,2025-08-09,2025-08-11,2
E04221,P01238,88,Male,Low Back Pain,Orthopedics,5,6.5,2025-03-15,2025-03-20,5
E04222,P01785,55,Female,Heart Failure,Cardiology,8,4.5,2025-06-28,2025-07-06,8
E04223,P02810,59,Female,Diabetes,General Medicine,2,0.0,2025-03-21,2025-03-23,2
E04224,P02835,22,Male,COPD,Pulmonology,5,1.4,2025-12-20,2025-12-25,5
E04225,P00165,28,Female,Stroke,Neurology,3,5.1,2025-06-08,2025-06-11,3
E04226,P00999,82,Female,Low Back Pain,Orthopedics,5,3.4,2025-12-22,2025-12-27,5
E04227,P02568,51,Male,Fracture,Orthopedics,3,5.7,2025-06-18,2025-06-21,3
E04228,P01308,18,Male,COPD,Pulmonology,5,3.4,2025-11-10,2025-11-15,5
E04229,P02565,19,Male,Fracture,Orthopedics,15,5.3,2025-06-10,2025-06-25,15
E04230,P00657,37,Male,COPD,Pulmonology,10,2.5,2025-02-01,2025-02-11,10
E04231,P02661,78,Male,Fracture,Orthopedics,15,6.9,2025-05-01,2025-05-16,15
E04232,P02212,38,Female,Diabetes,General Medicine,4,5.0,2025-08-03,2025-08-07,4
E04233,P01910,85,Male,Knee Osteoarthritis,Orthopedics,6,5.1,2025-01-03,2025-01-09,6
E04234,P02047,29,Male,Stroke,Neurology,10,3.6,2025-08-16,2025-08-26,10
E04235,P02112,39,Female,Stroke,Neurology,7,3.4,2025-02-17,2025-02-24,7
E04236,P03163,37,Female,Fracture,Orthopedics,9,2.9,2025-06-16,2025-06-25,9
E04237,P01141,18,Female,Fracture,Orthopedics,10,6.7,2025-11-29,2025-12-09,10
E04238,P01890,47,Female,Fracture,Orthopedics,9,7.9,2025-01-11,2025-01-20,9
E04239,P00267,41,Female,COPD,Pulmonology,5,5.0,2025-08-26,2025-08-31,5
E04240,P01846,31,Male,Heart Failure,Cardiology,6,2.2,2025-10-05,2025-10-11,6
E04241,P01709,53,Female,Low Back Pain,Orthopedics,5,4.6,2025-08-29,2025-09-03,5
E04242,P03212,86,Male,Knee Osteoarthritis,Orthopedics,6,6.5,2025-07-11,2025-07-17,6
E04243,P02294,41,Female,Fracture,Orthopedics,12,7.7,2025-01-12,2025-01-24,12
E04244,P02443,77,Male,Heart Failure,Cardiology,7,3.7,2025-02-22,2025-03-01,7
E04245,P01511,72,Female,Pneumonia,Pulmonology,13,3.9,2025-02-24,2025-03-09,13
E04246,P00476,41,Male,Diabetes,General Medicine,8,5.2,2025-11-05,2025-11-13,8
E04247,P00977,41,Male,Diabetes,General Medicine,3,2.4,2025-01-21,2025-01-24,3
E04248,P01208,71,Male,Heart Failure,Cardiology,7,3.2,2025-01-19,2025-01-26,7
E04249,P01044,43,Male,COPD,Pulmonology,10,6.0,2025-12-10,2025-12-20,10
E04250,P01961,83,Male,Diabetes,General Medicine,2,3.2,2025-12-16,2025-12-18,2
E04251,P00558,55,Male,Low Back Pain,Orthopedics,6,4.6,2025-11-18,2025-11-24,6
E04252,P01018,82,Male,Diabetes,General Medicine,6,2.5,2025-11-11,2025-11-17,6
E04253,P01606,68,Male,Low Back Pain,Orthopedics,2,5.1,2025-02-28,2025-03-02,2
E04254,P00883,52,Male,Pneumonia,Pulmonology,7,4.0,2025-05-31,2025-06-07,7
E04255,P02195,60,Male,Fracture,Orthopedics,15,5.2,2025-09-16,2025-10-01,15
E04256,P00666,46,Female,Knee Osteoarthritis,Orthopedics,3,6.9,2025-02-27,2025-03-02,3
E04257,P03376,54,Male,Stroke,Neurology,16,3.4,2025-08-04,2025-08-20,16
E04258,P02668,75,Male,Heart Failure,Cardiology,3,0.3,2025-03-03,2025-03-06,3
E04259,P01772,71,Female,Heart Failure,Cardiology,7,4.0,2025-05-26,2025-06-02,7
E04260,P02868,56,Male,Low Back Pain,Orthopedics,4,6.7,2025-08-27,2025-08-31,4
E04261,P00864,59,Male,Pneumonia,Pulmonology,6,4.3,2025-10-20,2025-10-26,6
E04262,P00582,45,Female,Pneumonia,Pulmonology,6,2.5,2025-07-01,2025-07-07,6
E04263,P03071,46,Female,COPD,Pulmonology,4,2.3,2025-04-05,2025-04-09,4
E04264,P00695,60,Male,Stroke,Neurology,14,5.1,2025-03-19,2025-04-02,14
E04265,P01252,20,Female,Fracture,Orthopedics,6,8.8,2025-05-22,2025-05-28,6
E04266,P03174,27,Male,Knee Osteoarthritis,Orthopedics,3,6.5,2025-04-15,2025-04-18,3
E04267,P01611,76,Male,Heart Failure,Cardiology,8,4.1,2025-09-18,2025-09-26,8
E04268,P03489,31,Male,Low Back Pain,Orthopedics,1,6.0,2025-04-05,2025-04-06,1
E04269,P01240,64,Female,Pneumonia,Pulmonology,7,1.2,2025-08-11,2025-08-18,7
E04270,P02455,59,Male,Fracture,Orthopedics,6,8.0,2025-07-09,2025-07-15,6
E04271,P00399,49,Male,Heart Failure,Cardiology,2,4.9,2025-05-09,2025-05-11,2
E04272,P01947,49,Female,Low Back Pain,Orthopedics,1,7.6,2025-11-15,2025-11-16,1
E04273,P00715,59,Male,Diabetes,General Medicine,5,3.2,2025-07-14,2025-07-19,5
E04274,P00704,49,Male,Fracture,Orthopedics,16,7.4,2025-01-20,2025-02-05,16
E04275,P02809,43,Male,Heart Failure,Cardiology,6,4.8,2025-10-26,2025-11-01,6
E04276,P02547,18,Male,Knee Osteoarthritis,Orthopedics,2,8.9,2025-08-28,2025-08-30,2
E04277,P01715,73,Male,Fracture,Orthopedics,9,8.0,2025-08-23,2025-09-01,9
E04278,P01973,19,Male,Low Back Pain,Orthopedics,5,6.6,2025-03-26,2025-03-31,5
E04279,P03022,47,Female,Knee Osteoarthritis,Orthopedics,4,4.5,2025-04-04,2025-04-08,4
E04280,P00082,88,Male,Heart Failure,Cardiology,5,3.7,2025-02-11,2025-02-16,5
E04281,P00604,69,Male,Diabetes,General Medicine,6,3.9,2025-12-30,2026-01-05,6
E04282,P01971,26,Female,Knee Osteoarthritis,Orthopedics,1,7.6,2025-12-16,2025-12-17,1
E04283,P01711,39,Male,Pneumonia,Pulmonology,5,5.5,2025-03-15,2025-03-20,5
E04284,P02047,51,Male,Low Back Pain,Orthopedics,5,6.4,2025-12-31,2026-01-05,5
E04285,P02820,66,Female,Heart Failure,Cardiology,6,6.7,2025-04-25,2025-05-01,6
E04286,P00903,18,Female,Diabetes,General Medicine,6,0.9,2025-07-09,2025-07-15,6
E04287,P00365,90,Female,Pneumonia,Pulmonology,9,4.1,2025-05-05,2025-05-14,9
E04288,P00163,70,Female,Heart Failure,Cardiology,6,2.3,2025-01-06,2025-01-12,6
E04289,P03120,57,Female,Fracture,Orthopedics,5,3.6,2025-02-11,2025-02-16,5
E04290,P02559,62,Female,COPD,Pulmonology,7,3.2,2025-02-27,2025-03-06,7
E04291,P03401,85,Female,Diabetes,General Medicine,6,1.3,2025-01-10,2025-01-16,6
E04292,P01864,26,Male,Pneumonia,Pulmonology,13,3.3,2025-03-30,2025-04-12,13
E04293,P00116,39,Male,Knee Osteoarthritis,Orthopedics,6,6.6,2025-11-30,2025-12-06,6
E04294,P02989,35,Male,Heart Failure,Cardiology,3,5.2,2025-04-21,2025-04-24,3
E04295,P02385,60,Female,Heart Failure,Cardiology,13,1.2,2025-02-08,2025-02-21,13
E04296,P00881,56,Male,Knee Osteoarthritis,Orthopedics,4,7.9,2025-06-16,2025-06-20,4
E04297,P02785,90,Female,COPD,Pulmonology,9,3.6,2025-01-11,2025-01-20,9
E04298,P00840,23,Male,Stroke,Neurology,10,6.0,2025-04-20,2025-04-30,10
E04299,P02195,65,Male,Pneumonia,Pulmonology,4,2.9,2025-01-16,2025-01-20,4
E04300,P01347,24,Male,Knee Osteoarthritis,Orthopedics,4,4.5,2025-02-02,2025-02-06,4
E04301,P02491,86,Male,Fracture,Orthopedics,10,4.7,2025-08-21,2025-08-31,10
E04302,P02885,33,Female,Heart Failure,Cardiology,10,1.6,2025-07-07,2025-07-17,10
E04303,P01037,18,Female,Fracture,Orthopedics,7,7.2,2025-08-12,2025-08-19,7
E04304,P00943,54,Male,Pneumonia,Pulmonology,6,5.7,2025-02-28,2025-03-06,6
E04305,P01725,54,Female,COPD,Pulmonology,7,2.7,2025-02-20,2025-02-27,7
E04306,P02335,81,Female,Pneumonia,Pulmonology,8,4.4,2025-09-28,2025-10-06,8
E04307,P02768,79,Male,Fracture,Orthopedics,5,4.2,2025-02-12,2025-02-17,5
E04308,P01138,89,Female,Fracture,Orthopedics,7,6.8,2025-01-27,2025-02-03,7
E04309,P02528,78,Female,Stroke,Neurology,3,5.5,2025-02-25,2025-02-28,3
E04310,P00022,50,Female,Heart Failure,Cardiology,12,1.3,2025-05-01,2025-05-13,12
E04311,P03421,83,Female,Diabetes,General Medicine,2,3.2,2025-04-23,2025-04-25,2
E04312,P01750,47,Male,Stroke,Neurology,7,5.6,2025-11-12,2025-11-19,7
E04313,P00683,37,Male,Stroke,Neurology,6,0.1,2025-04-25,2025-05-01,6
E04314,P02954,77,Female,Diabetes,General Medicine,1,5.5,2025-04-19,2025-04-20,1
E04315,P01834,41,Male,Diabetes,General Medicine,7,4.0,2025-06-24,2025-07-01,7
E04316,P02368,21,Male,COPD,Pulmonology,2,4.6,2025-04-22,2025-04-24,2
E04317,P00126,54,Male,COPD,Pulmonology,9,2.9,2025-04-10,2025-04-19,9
E04318,P00277,21,Female,Stroke,Neurology,16,1.9,2025-01-08,2025-01-24,16
E04319,P02000,35,Female,Pneumonia,Pulmonology,11,4.3,2025-05-15,2025-05-26,11
E04320,P01228,83,Male,Knee Osteoarthritis,Orthopedics,4,6.4,2025-09-08,2025-09-12,4
E04321,P02242,65,Male,Knee Osteoarthritis,Orthopedics,2,6.5,2025-12-03,2025-12-05,2
E04322,P00696,50,Female,Stroke,Neurology,12,6.1,2025-08-28,2025-09-09,12
E04323,P01310,75,Male,Pneumonia,Pulmonology,13,4.6,2025-08-10,2025-08-23,13
E04324,P00057,90,Female,Diabetes,General Medicine,5,6.4,2025-05-25,2025-05-30,5
E04325,P03375,45,Male,Low Back Pain,Orthopedics,5,6.7,2025-01-04,2025-01-09,5
E04326,P03235,52,Female,Stroke,Neurology,8,3.5,2025-10-09,2025-10-17,8
E04327,P00019,27,Female,Heart Failure,Cardiology,10,3.2,2025-11-30,2025-12-10,10
E04328,P03442,82,Female,Pneumonia,Pulmonology,8,4.1,2025-11-24,2025-12-02,8
E04329,P02312,59,Female,Heart Failure,Cardiology,7,5.0,2025-07-16,2025-07-23,7
E04330,P02842,26,Male,Heart Failure,Cardiology,6,1.3,2025-05-08,2025-05-14,6
E04331,P00113,77,Female,Stroke,Neurology,8,4.5,2025-09-18,2025-09-26,8
E04332,P03399,32,Male,Pneumonia,Pulmonology,12,5.9,2025-04-01,2025-04-13,12
E04333,P00542,74,Female,Heart Failure,Cardiology,5,3.1,2025-11-21,2025-11-26,5
E04334,P02695,86,Female,COPD,Pulmonology,2,4.9,2025-09-16,2025-09-18,2
E04335,P00579,39,Male,Fracture,Orthopedics,14,7.2,2025-04-04,2025-04-18,14
E04336,P01089,81,Male,COPD,Pulmonology,10,4.9,2025-09-14,2025-09-24,10
E04337,P03364,58,Male,Pneumonia,Pulmonology,12,2.3,2025-05-16,2025-05-28,12
E04338,P00025,88,Female,Knee Osteoarthritis,Orthopedics,5,5.3,2025-01-13,2025-01-18,5
E04339,P01573,73,Female,Fracture,Orthopedics,10,6.5,2025-07-17,2025-07-27,10
E04340,P02049,40,Male,Low Back Pain,Orthopedics,1,4.2,2025-06-27,2025-06-28,1
E04341,P02959,42,Female,Heart Failure,Cardiology,10,3.1,2025-04-22,2025-05-02,10
E04342,P01573,23,Male,Heart Failure,Cardiology,2,3.9,2025-09-21,2025-09-23,2
E04343,P00141,51,Female,Pneumonia,Pulmonology,4,6.2,2025-03-20,2025-03-24,4
E04344,P01768,80,Female,COPD,Pulmonology,9,4.1,2025-09-13,2025-09-22,9
E04345,P00648,26,Female,Low Back Pain,Orthopedics,4,7.4,2025-03-15,2025-03-19,4
E04346,P02236,77,Male,Knee Osteoarthritis,Orthopedics,3,8.2,2025-06-10,2025-06-13,3
E04347,P03200,66,Female,Heart Failure,Cardiology,2,2.1,2025-07-20,2025-07-22,2
E04348,P00201,68,Male,Stroke,Neurology,16,4.3,2025-11-04,2025-11-20,16
E04349,P03199,77,Male,COPD,Pulmonology,2,7.1,2025-02-02,2025-02-04,2
E04350,P00257,87,Female,Pneumonia,Pulmonology,7,3.4,2025-03-14,2025-03-21,7
E04351,P00547,54,Male,Pneumonia,Pulmonology,6,5.2,2025-12-18,2025-12-24,6
E04352,P02242,48,Male,COPD,Pulmonology,12,4.9,2025-10-20,2025-11-01,12
E04353,P02751,58,Female,Heart Failure,Cardiology,7,1.3,2025-07-17,2025-07-24,7
E04354,P03176,79,Male,Knee Osteoarthritis,Orthopedics,3,7.0,2025-11-21,2025-11-24,3
E04355,P03337,75,Male,Heart Failure,Cardiology,11,3.7,2025-11-12,2025-11-23,11
E04356,P00802,31,Female,COPD,Pulmonology,11,4.0,2025-08-28,2025-09-08,11
E04357,P00942,53,Female,Fracture,Orthopedics,8,5.4,2025-03-15,2025-03-23,8
E04358,P03456,53,Female,Diabetes,General Medicine,2,1.8,2025-01-31,2025-02-02,2
E04359,P03332,25,Male,Heart Failure,Cardiology,9,2.8,2025-01-14,2025-01-23,9
E04360,P00414,43,Male,Low Back Pain,Orthopedics,4,6.4,2025-07-24,2025-07-28,4
E04361,P02015,53,Female,Fracture,Orthopedics,8,8.3,2025-11-12,2025-11-20,8
E04362,P01382,65,Male,COPD,Pulmonology,5,6.2,2025-03-09,2025-03-14,5
E04363,P01099,45,Female,Fracture,Orthopedics,6,8.6,2025-05-08,2025-05-14,6
E04364,P03427,85,Female,Low Back Pain,Orthopedics,6,7.8,2025-01-26,2025-02-01,6
E04365,P00910,79,Female,Fracture,Orthopedics,13,5.0,2025-07-03,2025-07-16,13
E04366,P00188,68,Male,Fracture,Orthopedics,9,5.9,2025-05-17,2025-05-26,9
E04367,P02016,59,Male,COPD,Pulmonology,4,3.8,2025-10-18,2025-10-22,4
E04368,P01314,46,Female,Diabetes,General Medicine,3,2.6,2025-04-16,2025-04-19,3
E04369,P02093,27,Female,Low Back Pain,Orthopedics,3,7.4,2025-01-24,2025-01-27,3
E04370,P02131,56,Male,Low Back Pain,Orthopedics,6,7.6,2025-12-05,2025-12-11,6
E04371,P01147,18,Female,Stroke,Neurology,11,5.3,2025-07-13,2025-07-24,11
E04372,P00358,56,Male,Pneumonia,Pulmonology,2,5.0,2025-06-18,2025-06-20,2
E04373,P01552,38,Female,Low Back Pain,Orthopedics,5,5.1,2025-02-05,2025-02-10,5
E04374,P01090,82,Female,Pneumonia,Pulmonology,2,4.9,2025-04-11,2025-04-13,2
E04375,P02984,32,Male,COPD,Pulmonology,2,2.5,2025-02-03,2025-02-05,2
E04376,P01681,21,Male,Knee Osteoarthritis,Orthopedics,3,5.1,2025-02-08,2025-02-11,3
E04377,P02423,77,Male,Heart Failure,Cardiology,4,4.3,2025-07-30,2025-08-03,4
E04378,P00162,78,Male,Stroke,Neurology,6,6.3,2025-08-18,2025-08-24,6
E04379,P03452,37,Male,COPD,Pulmonology,4,4.2,2025-10-06,2025-10-10,4
E04380,P03430,27,Female,Diabetes,General Medicine,6,3.5,2025-03-21,2025-03-27,6
E04381,P03260,51,Female,Knee Osteoarthritis,Orthopedics,4,7.0,2025-08-26,2025-08-30,4
E04382,P02370,65,Male,Fracture,Orthopedics,6,6.7,2025-06-21,2025-06-27,6
E04383,P00450,50,Male,Stroke,Neurology,10,2.8,2025-11-22,2025-12-02,10
E04384,P01498,78,Female,Stroke,Neurology,3,2.6,2025-02-28,2025-03-03,3
E04385,P01037,27,Female,COPD,Pulmonology,9,3.4,2025-01-22,2025-01-31,9
E04386,P02232,71,Male,Diabetes,General Medicine,3,3.6,2025-12-31,2026-01-03,3
E04387,P02159,82,Male,Diabetes,General Medicine,1,3.5,2025-12-10,2025-12-11,1
E04388,P01951,18,Female,Pneumonia,Pulmonology,12,4.5,2025-08-26,2025-09-07,12
E04389,P02556,22,Male,Heart Failure,Cardiology,2,3.2,2025-10-23,2025-10-25,2
E04390,P01314,32,Female,COPD,Pulmonology,8,4.3,2025-12-07,2025-12-15,8
E04391,P02343,45,Female,Knee Osteoarthritis,Orthopedics,1,6.3,2025-04-04,2025-04-05,1
E04392,P02952,40,Male,Heart Failure,Cardiology,10,6.2,2025-09-01,2025-09-11,10
E04393,P01239,34,Female,Knee Osteoarthritis,Orthopedics,6,6.6,2025-01-11,2025-01-17,6
E04394,P00974,30,Female,Stroke,Neurology,10,8.0,2025-04-27,2025-05-07,10
E04395,P00632,31,Female,Low Back Pain,Orthopedics,5,7.0,2025-09-22,2025-09-27,5
E04396,P01591,28,Male,Low Back Pain,Orthopedics,1,6.2,2025-01-12,2025-01-13,1
E04397,P01051,45,Female,COPD,Pulmonology,3,2.2,2025-06-03,2025-06-06,3
E04398,P02781,59,Male,Diabetes,General Medicine,2,1.3,2025-02-07,2025-02-09,2
E04399,P03303,78,Female,Diabetes,General Medicine,2,2.0,2025-05-11,2025-05-13,2
E04400,P01589,81,Female,Fracture,Orthopedics,8,5.2,2025-08-13,2025-08-21,8
E04401,P02369,48,Female,Stroke,Neurology,6,5.1,2025-05-23,2025-05-29,6
E04402,P02961,90,Female,Stroke,Neurology,10,3.7,2025-02-23,2025-03-05,10
E04403,P03305,27,Female,Knee Osteoarthritis,Orthopedics,1,6.8,2025-01-24,2025-01-25,1
E04404,P01694,25,Male,Stroke,Neurology,12,6.4,2025-05-01,2025-05-13,12
E04405,P00437,38,Male,Fracture,Orthopedics,16,6.4,2025-04-29,2025-05-15,16
E04406,P02829,76,Female,COPD,Pulmonology,5,6.6,2025-06-10,2025-06-15,5
E04407,P01557,67,Male,Knee Osteoarthritis,Orthopedics,2,4.7,2025-03-15,2025-03-17,2
E04408,P03475,86,Male,Heart Failure,Cardiology,12,3.3,2025-07-04,2025-07-16,12
E04409,P01077,87,Female,Diabetes,General Medicine,5,2.7,2025-07-11,2025-07-16,5
E04410,P03385,47,Male,Diabetes,General Medicine,1,4.9,2025-08-08,2025-08-09,1
E04411,P01305,34,Male,Low Back Pain,Orthopedics,5,3.1,2025-05-01,2025-05-06,5
E04412,P02774,37,Male,Low Back Pain,Orthopedics,5,4.3,2025-07-28,2025-08-02,5
E04413,P02079,65,Male,Fracture,Orthopedics,13,6.3,2025-10-27,2025-11-09,13
E04414,P02385,90,Female,COPD,Pulmonology,4,5.8,2025-12-12,2025-12-16,4
E04415,P00183,19,Male,Diabetes,General Medicine,3,3.8,2025-06-13,2025-06-16,3
E04416,P03095,54,Female,Fracture,Orthopedics,6,4.5,2025-09-25,2025-10-01,6
E04417,P02592,18,Female,COPD,Pulmonology,11,1.7,2025-01-03,2025-01-14,11
E04418,P01470,21,Male,Heart Failure,Cardiology,8,6.0,2025-02-19,2025-02-27,8
E04419,P03146,71,Female,Heart Failure,Cardiology,2,2.6,2025-12-30,2026-01-01,2
E04420,P03082,42,Male,Pneumonia,Pulmonology,12,2.1,2025-07-30,2025-08-11,12
E04421,P01480,20,Female,Knee Osteoarthritis,Orthopedics,6,8.7,2025-01-16,2025-01-22,6
E04422,P01590,26,Male,Low Back Pain,Orthopedics,1,8.0,2025-06-17,2025-06-18,1
E04423,P01588,51,Male,Knee Osteoarthritis,Orthopedics,7,8.4,2025-10-10,2025-10-17,7
E04424,P00660,60,Female,Low Back Pain,Orthopedics,1,5.1,2025-11-22,2025-11-23,1
E04425,P00160,39,Male,Pneumonia,Pulmonology,10,1.2,2025-10-25,2025-11-04,10
E04426,P03086,87,Male,Diabetes,General Medicine,3,3.7,2025-07-04,2025-07-07,3
E04427,P03250,19,Male,Fracture,Orthopedics,5,7.0,2025-05-18,2025-05-23,5
E04428,P02460,83,Male,COPD,Pulmonology,3,4.0,2025-05-05,2025-05-08,3
E04429,P01012,49,Female,Knee Osteoarthritis,Orthopedics,7,8.7,2025-02-27,2025-03-06,7
E04430,P00053,33,Female,Low Back Pain,Orthopedics,3,3.9,2025-12-28,2025-12-31,3
E04431,P02456,18,Female,Knee Osteoarthritis,Orthopedics,3,7.8,2025-03-07,2025-03-10,3
E04432,P02895,89,Male,Diabetes,General Medicine,1,1.9,2025-12-06,2025-12-07,1
E04433,P01046,65,Female,COPD,Pulmonology,11,4.8,2025-07-21,2025-08-01,11
E04434,P01054,67,Male,Stroke,Neurology,15,3.8,2025-01-09,2025-01-24,15
E04435,P02751,30,Male,Low Back Pain,Orthopedics,3,5.3,2025-04-15,2025-04-18,3
E04436,P02308,32,Male,Fracture,Orthopedics,8,5.6,2025-03-30,2025-04-07,8
E04437,P01229,70,Female,Stroke,Neurology,5,2.3,2025-03-30,2025-04-04,5
E04438,P03131,61,Female,Pneumonia,Pulmonology,6,3.6,2025-12-10,2025-12-16,6
E04439,P01495,25,Female,COPD,Pulmonology,10,2.3,2025-01-06,2025-01-16,10
E04440,P02824,63,Female,Heart Failure,Cardiology,8,4.7,2025-06-07,2025-06-15,8
E04441,P01490,86,Male,Knee Osteoarthritis,Orthopedics,2,7.5,2025-11-26,2025-11-28,2
E04442,P01036,36,Female,Low Back Pain,Orthopedics,1,9.0,2025-04-13,2025-04-14,1
E04443,P01951,55,Female,Fracture,Orthopedics,9,7.0,2025-08-11,2025-08-20,9
E04444,P03362,28,Female,Knee Osteoarthritis,Orthopedics,4,7.3,2025-06-20,2025-06-24,4
E04445,P00850,60,Female,Pneumonia,Pulmonology,12,5.6,2025-02-02,2025-02-14,12
E04446,P00354,37,Male,Pneumonia,Pulmonology,8,2.6,2025-06-30,2025-07-08,8
E04447,P01099,37,Female,Knee Osteoarthritis,Orthopedics,6,4.3,2025-07-03,2025-07-09,6
E04448,P02921,38,Female,Low Back Pain,Orthopedics,4,6.8,2025-03-28,2025-04-01,4
E04449,P01740,74,Female,Fracture,Orthopedics,5,4.4,2025-03-10,2025-03-15,5
E04450,P01465,67,Male,COPD,Pulmonology,6,7.2,2025-01-26,2025-02-01,6
E04451,P00991,43,Female,Diabetes,General Medicine,3,5.7,2025-01-06,2025-01-09,3
E04452,P01265,47,Female,COPD,Pulmonology,4,6.7,2025-09-13,2025-09-17,4
E04453,P03066,90,Female,Diabetes,General Medicine,4,3.6,2025-07-01,2025-07-05,4
E04454,P01885,48,Male,Fracture,Orthopedics,10,7.3,2025-10-22,2025-11-01,10
E04455,P03226,59,Male,Heart Failure,Cardiology,3,2.8,2025-09-17,2025-09-20,3
E04456,P01810,85,Female,COPD,Pulmonology,5,4.8,2025-11-10,2025-11-15,5
E04457,P03168,78,Female,Fracture,Orthopedics,13,4.7,2025-10-31,2025-11-13,13
E04458,P02342,78,Male,Knee Osteoarthritis,Orthopedics,3,2.7,2025-11-12,2025-11-15,3
E04459,P02257,87,Male,Knee Osteoarthritis,Orthopedics,7,5.3,2025-08-22,2025-08-29,7
E04460,P03415,85,Male,Low Back Pain,Orthopedics,2,4.3,2025-10-09,2025-10-11,2
E04461,P01112,34,Male,Knee Osteoarthritis,Orthopedics,1,8.7,2025-07-26,2025-07-27,1
E04462,P00818,36,Male,Low Back Pain,Orthopedics,2,9.2,2025-03-18,2025-03-20,2
E04463,P01800,68,Female,Fracture,Orthopedics,3,4.4,2025-06-17,2025-06-20,3
E04464,P01961,87,Female,Knee Osteoarthritis,Orthopedics,6,8.4,2025-12-08,2025-12-14,6
E04465,P02438,80,Female,Pneumonia,Pulmonology,4,4.9,2025-02-25,2025-03-01,4
E04466,P02373,47,Female,Stroke,Neurology,9,2.1,2025-10-22,2025-10-31,9
E04467,P02988,42,Male,Fracture,Orthopedics,10,5.9,2025-03-22,2025-04-01,10
E04468,P00889,88,Male,Knee Osteoarthritis,Orthopedics,5,5.6,2025-06-16,2025-06-21,5
E04469,P01856,43,Male,Stroke,Neurology,7,5.6,2025-06-25,2025-07-02,7
E04470,P01181,73,Male,Diabetes,General Medicine,4,1.7,2025-10-08,2025-10-12,4
E04471,P00668,39,Male,Heart Failure,Cardiology,3,3.4,2025-05-29,2025-06-01,3
E04472,P00633,36,Female,COPD,Pulmonology,9,2.5,2025-09-13,2025-09-22,9
E04473,P02625,48,Female,COPD,Pulmonology,11,4.2,2025-10-08,2025-10-19,11
E04474,P01643,43,Female,Fracture,Orthopedics,15,6.2,2025-12-11,2025-12-26,15
E04475,P00137,59,Female,Diabetes,General Medicine,1,2.7,2025-10-05,2025-10-06,1
E04476,P01947,58,Female,Knee Osteoarthritis,Orthopedics,2,6.2,2025-10-06,2025-10-08,2
E04477,P01698,40,Male,COPD,Pulmonology,10,6.6,2025-07-25,2025-08-04,10
E04478,P00428,64,Male,Low Back Pain,Orthopedics,1,5.9,2025-01-30,2025-01-31,1
E04479,P01476,30,Male,Diabetes,General Medicine,1,1.9,2025-08-06,2025-08-07,1
E04480,P02660,83,Male,Pneumonia,Pulmonology,2,4.4,2025-08-19,2025-08-21,2
E04481,P02959,83,Male,Stroke,Neurology,9,4.3,2025-12-25,2026-01-03,9
E04482,P00819,33,Female,Low Back Pain,Orthopedics,4,4.4,2025-06-11,2025-06-15,4
E04483,P02189,90,Female,COPD,Pulmonology,8,6.8,2025-08-05,2025-08-13,8
E04484,P01107,45,Female,Low Back Pain,Orthopedics,5,6.0,2025-08-16,2025-08-21,5
E04485,P02225,52,Male,Knee Osteoarthritis,Orthopedics,4,5.9,2025-11-29,2025-12-03,4
E04486,P00198,58,Male,Pneumonia,Pulmonology,8,3.7,2025-08-09,2025-08-17,8
E04487,P02672,48,Male,Stroke,Neurology,12,7.1,2025-08-22,2025-09-03,12
E04488,P01996,49,Male,Pneumonia,Pulmonology,8,1.0,2025-03-14,2025-03-22,8
E04489,P02739,71,Female,Diabetes,General Medicine,4,3.9,2025-04-05,2025-04-09,4
E04490,P03493,89,Male,Knee Osteoarthritis,Orthopedics,2,9.6,2025-04-05,2025-04-07,2
E04491,P02449,76,Female,Low Back Pain,Orthopedics,2,6.7,2025-08-31,2025-09-02,2
E04492,P00471,58,Male,Low Back Pain,Orthopedics,1,4.6,2025-10-20,2025-10-21,1
E04493,P02266,83,Female,Diabetes,General Medicine,5,2.6,2025-09-20,2025-09-25,5
E04494,P01949,71,Male,Low Back Pain,Orthopedics,1,6.8,2025-05-04,2025-05-05,1
E04495,P00929,57,Male,Heart Failure,Cardiology,10,5.5,2025-10-15,2025-10-25,10
E04496,P02011,45,Female,Knee Osteoarthritis,Orthopedics,6,6.0,2025-09-24,2025-09-30,6
E04497,P02680,54,Female,Diabetes,General Medicine,8,4.7,2025-04-19,2025-04-27,8
E04498,P02999,82,Male,Knee Osteoarthritis,Orthopedics,4,4.3,2025-12-14,2025-12-18,4
E04499,P00906,72,Female,Stroke,Neurology,16,2.3,2025-02-17,2025-03-05,16
E04500,P02223,21,Male,Knee Osteoarthritis,Orthopedics,4,5.8,2025-10-28,2025-11-01,4
E04501,P00023,27,Male,Knee Osteoarthritis,Orthopedics,6,8.7,2025-04-05,2025-04-11,6
E04502,P00235,64,Female,Stroke,Neurology,4,4.6,2025-02-02,2025-02-06,4
E04503,P03085,31,Male,Diabetes,General Medicine,4,3.9,2025-04-28,2025-05-02,4
E04504,P01125,55,Male,Knee Osteoarthritis,Orthopedics,4,6.9,2025-05-12,2025-05-16,4
E04505,P00929,29,Female,Pneumonia,Pulmonology,7,5.2,2025-09-08,2025-09-15,7
E04506,P00523,62,Male,Knee Osteoarthritis,Orthopedics,3,5.6,2025-10-30,2025-11-02,3
E04507,P01809,34,Male,Diabetes,General Medicine,2,4.5,2025-05-02,2025-05-04,2
E04508,P00431,52,Male,Fracture,Orthopedics,10,5.3,2025-08-06,2025-08-16,10
E04509,P00793,83,Male,Low Back Pain,Orthopedics,2,9.5,2025-02-22,2025-02-24,2
E04510,P01630,58,Female,COPD,Pulmonology,9,2.3,2025-05-06,2025-05-15,9
E04511,P01737,84,Female,Stroke,Neurology,9,3.2,2025-06-08,2025-06-17,9
E04512,P00533,46,Female,Low Back Pain,Orthopedics,3,7.3,2025-06-08,2025-06-11,3
E04513,P03027,35,Male,Diabetes,General Medicine,6,3.6,2025-10-10,2025-10-16,6
E04514,P01747,37,Female,Heart Failure,Cardiology,7,4.0,2025-03-30,2025-04-06,7
E04515,P01676,31,Female,COPD,Pulmonology,11,3.8,2025-06-25,2025-07-06,11
E04516,P01317,51,Female,Low Back Pain,Orthopedics,6,4.9,2025-10-19,2025-10-25,6
E04517,P02858,66,Male,Knee Osteoarthritis,Orthopedics,5,8.9,2025-06-08,2025-06-13,5
E04518,P00913,71,Female,COPD,Pulmonology,9,4.8,2025-09-06,2025-09-15,9
E04519,P01125,48,Female,Knee Osteoarthritis,Orthopedics,7,8.5,2025-12-23,2025-12-30,7
E04520,P01526,75,Male,Stroke,Neurology,13,3.7,2025-05-02,2025-05-15,13
E04521,P01328,59,Male,Knee Osteoarthritis,Orthopedics,4,7.1,2025-08-25,2025-08-29,4
E04522,P02919,75,Male,COPD,Pulmonology,6,3.8,2025-05-05,2025-05-11,6
E04523,P02588,47,Male,Pneumonia,Pulmonology,8,5.2,2025-11-11,2025-11-19,8
E04524,P01024,42,Male,Pneumonia,Pulmonology,7,5.2,2025-10-06,2025-10-13,7
E04525,P01577,80,Male,Fracture,Orthopedics,13,6.8,2025-12-21,2026-01-03,13
E04526,P01379,36,Female,Low Back Pain,Orthopedics,5,4.2,2025-11-20,2025-11-25,5
E04527,P03375,89,Female,Diabetes,General Medicine,1,6.2,2025-04-02,2025-04-03,1
E04528,P01520,25,Male,Fracture,Orthopedics,5,7.3,2025-04-15,2025-04-20,5
E04529,P01682,20,Male,Stroke,Neurology,12,3.6,2025-02-11,2025-02-23,12
E04530,P01998,84,Female,Heart Failure,Cardiology,8,4.1,2025-05-09,2025-05-17,8
E04531,P00227,34,Male,Fracture,Orthopedics,15,4.2,2025-02-22,2025-03-09,15
E04532,P01260,31,Male,Low Back Pain,Orthopedics,2,8.1,2025-06-17,2025-06-19,2
E04533,P00873,26,Female,Diabetes,General Medicine,3,1.3,2025-03-31,2025-04-03,3
E04534,P00892,79,Male,Stroke,Neurology,15,4.2,2025-09-04,2025-09-19,15
E04535,P01479,38,Male,COPD,Pulmonology,3,3.9,2025-06-23,2025-06-26,3
E04536,P01037,54,Female,Stroke,Neurology,14,6.1,2025-03-28,2025-04-11,14
E04537,P02258,28,Female,COPD,Pulmonology,8,3.7,2025-05-30,2025-06-07,8
E04538,P02789,37,Female,Low Back Pain,Orthopedics,4,7.5,2025-09-06,2025-09-10,4
E04539,P00397,52,Female,Diabetes,General Medicine,1,3.5,2025-04-25,2025-04-26,1
E04540,P01124,70,Female,Fracture,Orthopedics,8,6.5,2025-06-29,2025-07-07,8
E04541,P02079,64,Male,Diabetes,General Medicine,3,3.6,2025-04-30,2025-05-03,3
E04542,P02946,69,Male,Knee Osteoarthritis,Orthopedics,6,6.2,2025-01-28,2025-02-03,6
E04543,P00649,25,Male,Heart Failure,Cardiology,7,1.0,2025-11-05,2025-11-12,7
E04544,P00329,21,Male,Pneumonia,Pulmonology,3,2.3,2025-04-27,2025-04-30,3
E04545,P03238,44,Male,Knee Osteoarthritis,Orthopedics,1,6.9,2025-07-10,2025-07-11,1
E04546,P01483,61,Female,Stroke,Neurology,5,4.1,2025-05-25,2025-05-30,5
E04547,P00952,57,Male,Heart Failure,Cardiology,13,3.3,2025-11-16,2025-11-29,13
E04548,P02006,64,Male,Heart Failure,Cardiology,3,3.0,2025-09-19,2025-09-22,3
E04549,P02017,61,Male,Diabetes,General Medicine,6,2.2,2025-05-22,2025-05-28,6
E04550,P03172,65,Male,Heart Failure,Cardiology,14,2.8,2025-04-24,2025-05-08,14
E04551,P02669,69,Male,Low Back Pain,Orthopedics,4,6.0,2025-09-30,2025-10-04,4
E04552,P01879,85,Female,Heart Failure,Cardiology,7,3.5,2025-02-07,2025-02-14,7
E04553,P01197,28,Male,Stroke,Neurology,15,5.1,2025-07-16,2025-07-31,15
E04554,P01773,90,Male,Low Back Pain,Orthopedics,5,6.2,2025-01-13,2025-01-18,5
E04555,P00162,21,Male,Low Back Pain,Orthopedics,2,5.0,2025-04-22,2025-04-24,2
E04556,P01752,90,Male,Knee Osteoarthritis,Orthopedics,2,4.4,2025-05-17,2025-05-19,2
E04557,P00776,65,Male,Heart Failure,Cardiology,6,7.4,2025-06-21,2025-06-27,6
E04558,P03335,43,Male,Diabetes,General Medicine,1,1.8,2025-05-07,2025-05-08,1
E04559,P01828,56,Female,COPD,Pulmonology,6,2.7,2025-12-28,2026-01-03,6
E04560,P02322,75,Male,Knee Osteoarthritis,Orthopedics,5,7.3,2025-11-29,2025-12-04,5
E04561,P03075,36,Female,Diabetes,General Medicine,2,4.0,2025-01-19,2025-01-21,2
E04562,P01052,75,Female,Heart Failure,Cardiology,7,4.3,2025-07-27,2025-08-03,7
E04563,P02374,45,Male,Knee Osteoarthritis,Orthopedics,3,5.8,2025-06-07,2025-06-10,3
E04564,P00940,83,Male,Heart Failure,Cardiology,5,3.9,2025-06-09,2025-06-14,5
E04565,P03221,27,Male,Stroke,Neurology,12,4.6,2025-11-30,2025-12-12,12
E04566,P00540,75,Female,Knee Osteoarthritis,Orthopedics,6,6.0,2025-08-28,2025-09-03,6
E04567,P02536,90,Male,Diabetes,General Medicine,6,3.9,2025-03-20,2025-03-26,6
E04568,P00822,31,Male,Stroke,Neurology,3,6.1,2025-11-28,2025-12-01,3
E04569,P01462,32,Male,Pneumonia,Pulmonology,5,3.5,2025-12-23,2025-12-28,5
E04570,P01089,50,Female,Diabetes,General Medicine,2,3.5,2025-11-27,2025-11-29,2
E04571,P00356,34,Female,COPD,Pulmonology,11,5.1,2025-07-16,2025-07-27,11
E04572,P03324,41,Male,Fracture,Orthopedics,5,7.9,2025-04-30,2025-05-05,5
E04573,P00235,47,Female,Heart Failure,Cardiology,8,5.9,2025-09-05,2025-09-13,8
E04574,P02275,79,Male,Diabetes,General Medicine,7,0.9,2025-05-19,2025-05-26,7
E04575,P01549,30,Female,Pneumonia,Pulmonology,2,4.9,2025-08-14,2025-08-16,2
E04576,P03385,79,Male,Diabetes,General Medicine,8,4.4,2025-03-24,2025-04-01,8
E04577,P02097,64,Female,Stroke,Neurology,9,3.2,2025-01-26,2025-02-04,9
E04578,P00118,33,Male,Low Back Pain,Orthopedics,1,6.9,2025-05-08,2025-05-09,1
E04579,P02102,83,Male,Fracture,Orthopedics,10,8.1,2025-08-11,2025-08-21,10
E04580,P01674,60,Female,Diabetes,General Medicine,6,2.3,2025-12-05,2025-12-11,6
E04581,P02613,25,Female,Knee Osteoarthritis,Orthopedics,6,7.2,2025-02-13,2025-02-19,6
E04582,P01068,20,Female,COPD,Pulmonology,3,4.8,2025-03-25,2025-03-28,3
E04583,P02101,29,Female,Pneumonia,Pulmonology,9,1.9,2025-01-25,2025-02-03,9
E04584,P00558,33,Female,Diabetes,General Medicine,3,3.3,2025-08-08,2025-08-11,3
E04585,P03174,76,Male,Pneumonia,Pulmonology,11,4.0,2025-10-20,2025-10-31,11
E04586,P01816,66,Male,Low Back Pain,Orthopedics,5,5.3,2025-07-23,2025-07-28,5
E04587,P02006,80,Female,Stroke,Neurology,8,3.2,2025-07-12,2025-07-20,8
E04588,P02916,79,Male,Knee Osteoarthritis,Orthopedics,5,6.3,2025-01-02,2025-01-07,5
E04589,P00398,66,Male,Heart Failure,Cardiology,12,4.7,2025-07-21,2025-08-02,12
E04590,P03210,68,Female,Diabetes,General Medicine,2,4.5,2025-12-20,2025-12-22,2
E04591,P00675,50,Male,Stroke,Neurology,16,3.2,2025-02-01,2025-02-17,16
E04592,P00387,47,Male,Fracture,Orthopedics,13,7.5,2025-03-30,2025-04-12,13
E04593,P02159,76,Female,Pneumonia,Pulmonology,3,2.2,2025-07-21,2025-07-24,3
E04594,P02662,32,Female,Low Back Pain,Orthopedics,2,4.1,2025-06-27,2025-06-29,2
E04595,P02065,40,Male,COPD,Pulmonology,2,2.9,2025-07-12,2025-07-14,2
E04596,P03254,62,Female,Pneumonia,Pulmonology,10,5.2,2025-06-09,2025-06-19,10
E04597,P00884,79,Male,COPD,Pulmonology,12,4.5,2025-10-20,2025-11-01,12
E04598,P00541,88,Female,Low Back Pain,Orthopedics,1,6.5,2025-07-23,2025-07-24,1
E04599,P00171,32,Female,COPD,Pulmonology,6,2.9,2025-08-29,2025-09-04,6
E04600,P02457,63,Female,Low Back Pain,Orthopedics,4,5.9,2025-04-25,2025-04-29,4
E04601,P00740,81,Female,Stroke,Neurology,8,4.7,2025-07-29,2025-08-06,8
E04602,P01402,63,Male,Diabetes,General Medicine,7,1.9,2025-08-10,2025-08-17,7
E04603,P03260,73,Female,Heart Failure,Cardiology,3,3.0,2025-07-01,2025-07-04,3
E04604,P02906,61,Female,Diabetes,General Medicine,2,3.2,2025-09-16,2025-09-18,2
E04605,P02278,46,Male,Fracture,Orthopedics,7,4.5,2025-02-09,2025-02-16,7
E04606,P00119,79,Male,Fracture,Orthopedics,8,5.2,2025-11-26,2025-12-04,8
E04607,P03228,69,Male,Knee Osteoarthritis,Orthopedics,1,7.1,2025-11-18,2025-11-19,1
E04608,P02832,71,Male,Diabetes,General Medicine,7,3.5,2025-03-01,2025-03-08,7
E04609,P02513,74,Female,Low Back Pain,Orthopedics,2,6.0,2025-01-11,2025-01-13,2
E04610,P02152,83,Male,Low Back Pain,Orthopedics,1,5.1,2025-04-30,2025-05-01,1
E04611,P02746,39,Female,Knee Osteoarthritis,Orthopedics,5,8.9,2025-02-11,2025-02-16,5
E04612,P01996,37,Male,Pneumonia,Pulmonology,11,2.2,2025-07-09,2025-07-20,11
E04613,P01706,50,Female,Low Back Pain,Orthopedics,3,6.9,2025-05-03,2025-05-06,3
E04614,P01723,89,Male,Knee Osteoarthritis,Orthopedics,4,5.8,2025-07-08,2025-07-12,4
E04615,P02223,42,Female,Low Back Pain,Orthopedics,1,6.6,2025-09-09,2025-09-10,1
E04616,P02793,63,Female,Heart Failure,Cardiology,2,4.2,2025-04-02,2025-04-04,2
E04617,P01698,90,Male,Low Back Pain,Orthopedics,1,4.4,2025-08-01,2025-08-02,1
E04618,P01445,74,Female,Stroke,Neurology,3,4.5,2025-11-14,2025-11-17,3
E04619,P03206,22,Female,Knee Osteoarthritis,Orthopedics,7,8.3,2025-07-21,2025-07-28,7
E04620,P03463,72,Female,COPD,Pulmonology,6,6.1,2025-09-25,2025-10-01,6
E04621,P01760,78,Female,Fracture,Orthopedics,8,6.3,2025-06-04,2025-06-12,8
E04622,P01525,25,Male,Diabetes,General Medicine,5,3.6,2025-07-14,2025-07-19,5
E04623,P00665,33,Female,Knee Osteoarthritis,Orthopedics,7,9.8,2025-01-28,2025-02-04,7
E04624,P00033,65,Female,Pneumonia,Pulmonology,9,5.2,2025-07-13,2025-07-22,9
E04625,P02103,78,Male,Low Back Pain,Orthopedics,6,5.6,2025-08-11,2025-08-17,6
E04626,P02567,32,Male,Knee Osteoarthritis,Orthopedics,5,5.6,2025-04-17,2025-04-22,5
E04627,P02804,82,Male,Heart Failure,Cardiology,3,4.9,2025-05-29,2025-06-01,3
E04628,P02060,39,Female,Knee Osteoarthritis,Orthopedics,5,5.0,2025-05-15,2025-05-20,5
E04629,P01552,20,Female,Heart Failure,Cardiology,3,5.1,2025-04-05,2025-04-08,3
E04630,P00720,71,Male,Fracture,Orthopedics,5,7.0,2025-09-27,2025-10-02,5
E04631,P02603,31,Female,Fracture,Orthopedics,15,7.3,2025-05-06,2025-05-21,15
E04632,P02421,53,Male,Low Back Pain,Orthopedics,3,6.1,2025-12-25,2025-12-28,3
E04633,P00484,84,Female,Diabetes,General Medicine,5,2.6,2025-11-25,2025-11-30,5
E04634,P00973,27,Male,Low Back Pain,Orthopedics,3,8.7,2025-11-14,2025-11-17,3
E04635,P03300,66,Female,Pneumonia,Pulmonology,5,3.1,2025-01-12,2025-01-17,5
E04636,P02671,82,Male,Stroke,Neurology,5,3.9,2025-10-21,2025-10-26,5
E04637,P00307,74,Female,Diabetes,General Medicine,2,3.4,2025-10-22,2025-10-24,2
E04638,P00457,44,Male,Diabetes,General Medicine,1,3.8,2025-12-08,2025-12-09,1
E04639,P02208,22,Female,Fracture,Orthopedics,8,5.0,2025-01-04,2025-01-12,8
E04640,P00331,88,Female,Stroke,Neurology,5,3.7,2025-10-31,2025-11-05,5
E04641,P02824,74,Female,Knee Osteoarthritis,Orthopedics,1,5.6,2025-11-12,2025-11-13,1
E04642,P00225,32,Male,Low Back Pain,Orthopedics,4,7.8,2025-06-17,2025-06-21,4
E04643,P03031,47,Female,Knee Osteoarthritis,Orthopedics,4,5.2,2025-01-08,2025-01-12,4
E04644,P02777,37,Female,Knee Osteoarthritis,Orthopedics,7,3.9,2025-05-04,2025-05-11,7
E04645,P01480,54,Female,Low Back Pain,Orthopedics,2,3.5,2025-11-10,2025-11-12,2
E04646,P03117,20,Male,Pneumonia,Pulmonology,8,1.3,2025-07-04,2025-07-12,8
E04647,P03286,90,Female,Diabetes,General Medicine,2,5.5,2025-02-04,2025-02-06,2
E04648,P01083,58,Male,Heart Failure,Cardiology,12,3.5,2025-03-14,2025-03-26,12
E04649,P00644,56,Female,Stroke,Neurology,7,5.3,2025-01-13,2025-01-20,7
E04650,P00616,43,Male,Diabetes,General Medicine,7,4.3,2025-02-08,2025-02-15,7
E04651,P00195,19,Male,Knee Osteoarthritis,Orthopedics,7,6.6,2025-03-25,2025-04-01,7
E04652,P00489,40,Female,Stroke,Neurology,6,4.4,2025-01-21,2025-01-27,6
E04653,P02205,40,Male,Heart Failure,Cardiology,9,5.1,2025-09-10,2025-09-19,9
E04654,P02658,33,Male,Diabetes,General Medicine,1,3.7,2025-10-30,2025-10-31,1
E04655,P01250,26,Female,Diabetes,General Medicine,5,5.6,2025-09-15,2025-09-20,5
E04656,P02460,30,Male,Pneumonia,Pulmonology,13,4.4,2025-10-27,2025-11-09,13
E04657,P03277,45,Male,Diabetes,General Medicine,3,2.6,2025-01-30,2025-02-02,3
E04658,P01103,44,Male,Diabetes,General Medicine,7,2.8,2025-05-08,2025-05-15,7
E04659,P01148,68,Male,Heart Failure,Cardiology,13,2.4,2025-11-07,2025-11-20,13
E04660,P02519,81,Female,Heart Failure,Cardiology,11,5.3,2025-02-09,2025-02-20,11
E04661,P01242,69,Male,Stroke,Neurology,11,3.9,2025-04-07,2025-04-18,11
E04662,P00516,55,Male,Knee Osteoarthritis,Orthopedics,1,5.3,2025-08-12,2025-08-13,1
E04663,P01626,82,Female,Heart Failure,Cardiology,3,4.0,2025-04-02,2025-04-05,3
E04664,P01128,35,Female,Stroke,Neurology,9,4.4,2025-10-07,2025-10-16,9
E04665,P00393,80,Male,Diabetes,General Medicine,7,3.9,2025-06-19,2025-06-26,7
E04666,P00631,68,Female,Fracture,Orthopedics,15,9.3,2025-10-11,2025-10-26,15
E04667,P01848,26,Female,Stroke,Neurology,4,5.9,2025-08-10,2025-08-14,4
E04668,P02656,30,Female,Fracture,Orthopedics,9,6.5,2025-04-27,2025-05-06,9
E04669,P00980,57,Female,Stroke,Neurology,3,2.4,2025-09-05,2025-09-08,3
E04670,P00434,72,Female,Stroke,Neurology,5,3.8,2025-12-27,2026-01-01,5
E04671,P03403,60,Female,Fracture,Orthopedics,7,7.6,2025-12-15,2025-12-22,7
E04672,P03215,61,Female,Low Back Pain,Orthopedics,6,4.7,2025-12-20,2025-12-26,6
E04673,P02588,85,Female,Stroke,Neurology,14,7.7,2025-03-30,2025-04-13,14
E04674,P00278,50,Female,Fracture,Orthopedics,16,6.5,2025-03-19,2025-04-04,16
E04675,P00233,41,Male,Heart Failure,Cardiology,12,3.6,2025-03-15,2025-03-27,12
E04676,P01553,53,Male,COPD,Pulmonology,7,2.5,2025-01-14,2025-01-21,7
E04677,P01595,27,Male,COPD,Pulmonology,10,4.2,2025-02-14,2025-02-24,10
E04678,P01114,37,Male,COPD,Pulmonology,10,1.8,2025-02-07,2025-02-17,10
E04679,P03271,29,Male,COPD,Pulmonology,4,6.7,2025-09-02,2025-09-06,4
E04680,P02410,79,Female,Low Back Pain,Orthopedics,6,8.5,2025-03-03,2025-03-09,6
E04681,P00026,35,Female,Knee Osteoarthritis,Orthopedics,5,8.0,2025-04-06,2025-04-11,5
E04682,P03097,80,Male,Fracture,Orthopedics,6,4.4,2025-11-19,2025-11-25,6
E04683,P01418,42,Male,Stroke,Neurology,9,4.8,2025-09-09,2025-09-18,9
E04684,P02555,29,Female,Pneumonia,Pulmonology,7,5.3,2025-03-02,2025-03-09,7
E04685,P03373,38,Male,COPD,Pulmonology,9,4.4,2025-09-26,2025-10-05,9
E04686,P03411,42,Female,Diabetes,General Medicine,8,2.0,2025-04-29,2025-05-07,8
E04687,P02315,28,Male,COPD,Pulmonology,7,2.5,2025-03-28,2025-04-04,7
E04688,P00461,81,Female,COPD,Pulmonology,5,2.8,2025-03-24,2025-03-29,5
E04689,P02504,90,Male,Diabetes,General Medicine,2,2.6,2025-03-21,2025-03-23,2
E04690,P03432,67,Female,Low Back Pain,Orthopedics,3,8.8,2025-08-16,2025-08-19,3
E04691,P01092,79,Male,Diabetes,General Medicine,7,0.6,2025-10-30,2025-11-06,7
E04692,P01007,66,Male,Diabetes,General Medicine,5,4.5,2025-04-21,2025-04-26,5
E04693,P02911,31,Female,Low Back Pain,Orthopedics,3,4.6,2025-11-06,2025-11-09,3
E04694,P03484,18,Female,Diabetes,General Medicine,4,2.1,2025-03-12,2025-03-16,4
E04695,P01995,42,Male,Stroke,Neurology,15,1.5,2025-11-24,2025-12-09,15
E04696,P00491,76,Male,COPD,Pulmonology,10,2.7,2025-01-25,2025-02-04,10
E04697,P01073,89,Female,Knee Osteoarthritis,Orthopedics,1,8.8,2025-10-06,2025-10-07,1
E04698,P02612,86,Female,Low Back Pain,Orthopedics,5,6.9,2025-07-21,2025-07-26,5
E04699,P03174,22,Female,Pneumonia,Pulmonology,4,1.7,2025-08-13,2025-08-17,4
E04700,P00216,36,Male,Low Back Pain,Orthopedics,3,8.0,2025-09-24,2025-09-27,3
E04701,P01724,40,Male,Heart Failure,Cardiology,10,5.3,2025-10-10,2025-10-20,10
E04702,P01593,26,Female,Pneumonia,Pulmonology,10,3.7,2025-04-27,2025-05-07,10
E04703,P02607,67,Male,Heart Failure,Cardiology,13,6.6,2025-03-08,2025-03-21,13
E04704,P00159,33,Male,Fracture,Orthopedics,15,7.7,2025-02-16,2025-03-03,15
E04705,P02537,50,Female,Fracture,Orthopedics,13,7.5,2025-08-29,2025-09-11,13
E04706,P00686,19,Male,Low Back Pain,Orthopedics,4,5.3,2025-06-27,2025-07-01,4
E04707,P03314,31,Female,Heart Failure,Cardiology,12,4.4,2025-01-08,2025-01-20,12
E04708,P02842,18,Female,Pneumonia,Pulmonology,2,3.8,2025-07-02,2025-07-04,2
E04709,P01777,75,Male,Stroke,Neurology,15,5.3,2025-03-18,2025-04-02,15
E04710,P02053,33,Male,Low Back Pain,Orthopedics,2,5.5,2025-03-08,2025-03-10,2
E04711,P01844,64,Female,Low Back Pain,Orthopedics,5,6.7,2025-05-28,2025-06-02,5
E04712,P02409,61,Female,Diabetes,General Medicine,6,2.3,2025-06-22,2025-06-28,6
E04713,P02507,31,Female,Low Back Pain,Orthopedics,2,3.3,2025-02-04,2025-02-06,2
E04714,P02296,41,Male,COPD,Pulmonology,5,5.0,2025-03-18,2025-03-23,5
E04715,P01590,72,Female,Fracture,Orthopedics,12,4.2,2025-10-07,2025-10-19,12
E04716,P01697,32,Female,COPD,Pulmonology,11,3.7,2025-07-04,2025-07-15,11
E04717,P02994,89,Female,Low Back Pain,Orthopedics,4,7.0,2025-02-24,2025-02-28,4
E04718,P02470,51,Female,Fracture,Orthopedics,15,7.0,2025-04-04,2025-04-19,15
E04719,P01947,19,Male,Fracture,Orthopedics,14,6.1,2025-05-24,2025-06-07,14
E04720,P02063,44,Male,Stroke,Neurology,16,4.9,2025-09-04,2025-09-20,16
E04721,P02784,89,Female,Diabetes,General Medicine,1,4.2,2025-07-19,2025-07-20,1
E04722,P01146,40,Male,Knee Osteoarthritis,Orthopedics,7,7.6,2025-08-24,2025-08-31,7
E04723,P02325,85,Male,Heart Failure,Cardiology,10,6.1,2025-11-10,2025-11-20,10
E04724,P01582,31,Male,Pneumonia,Pulmonology,8,3.9,2025-11-16,2025-11-24,8
E04725,P02501,80,Female,Knee Osteoarthritis,Orthopedics,2,6.6,2025-08-08,2025-08-10,2
E04726,P03462,82,Male,Diabetes,General Medicine,8,2.1,2025-11-28,2025-12-06,8
E04727,P03366,85,Male,COPD,Pulmonology,5,4.2,2025-08-04,2025-08-09,5
E04728,P02646,80,Female,COPD,Pulmonology,9,4.5,2025-02-18,2025-02-27,9
E04729,P02494,81,Female,COPD,Pulmonology,7,3.2,2025-10-12,2025-10-19,7
E04730,P02258,49,Male,Stroke,Neurology,15,5.3,2025-04-28,2025-05-13,15
E04731,P02762,30,Male,Fracture,Orthopedics,5,6.1,2025-03-23,2025-03-28,5
E04732,P02350,83,Female,COPD,Pulmonology,8,4.5,2025-09-20,2025-09-28,8
E04733,P01933,36,Female,Pneumonia,Pulmonology,4,4.9,2025-03-18,2025-03-22,4
E04734,P03295,41,Female,Heart Failure,Cardiology,12,4.8,2025-07-30,2025-08-11,12
E04735,P01758,28,Female,Low Back Pain,Orthopedics,5,6.7,2025-05-02,2025-05-07,5
E04736,P02051,76,Male,Low Back Pain,Orthopedics,4,4.9,2025-11-21,2025-11-25,4
E04737,P00990,32,Female,Knee Osteoarthritis,Orthopedics,3,5.6,2025-03-31,2025-04-03,3
E04738,P01542,27,Male,Heart Failure,Cardiology,9,4.4,2025-09-15,2025-09-24,9
E04739,P01117,58,Male,Diabetes,General Medicine,4,7.2,2025-06-10,2025-06-14,4
E04740,P02568,44,Male,Heart Failure,Cardiology,9,3.0,2025-06-25,2025-07-04,9
E04741,P03500,77,Female,Stroke,Neurology,12,5.2,2025-10-20,2025-11-01,12
E04742,P00493,90,Female,Knee Osteoarthritis,Orthopedics,3,5.7,2025-03-30,2025-04-02,3
E04743,P03307,69,Male,Knee Osteoarthritis,Orthopedics,2,5.0,2025-05-07,2025-05-09,2
E04744,P00620,45,Male,Stroke,Neurology,15,3.5,2025-12-25,2026-01-09,15
E04745,P03233,82,Male,Heart Failure,Cardiology,10,0.4,2025-10-13,2025-10-23,10
E04746,P02379,34,Male,COPD,Pulmonology,7,5.5,2025-10-24,2025-10-31,7
E04747,P02381,61,Male,Stroke,Neurology,7,1.2,2025-09-17,2025-09-24,7
E04748,P02098,27,Female,COPD,Pulmonology,6,3.1,2025-12-05,2025-12-11,6
E04749,P01547,80,Female,Pneumonia,Pulmonology,4,1.7,2025-09-01,2025-09-05,4
E04750,P00863,64,Female,Stroke,Neurology,4,3.2,2025-04-21,2025-04-25,4
E04751,P01692,55,Male,COPD,Pulmonology,7,5.6,2025-01-24,2025-01-31,7
E04752,P01606,87,Male,Heart Failure,Cardiology,12,3.8,2025-02-19,2025-03-03,12
E04753,P02320,70,Female,COPD,Pulmonology,2,2.1,2025-02-06,2025-02-08,2
E04754,P00580,61,Female,Stroke,Neurology,16,3.6,2025-06-30,2025-07-16,16
E04755,P01891,71,Male,Diabetes,General Medicine,7,2.4,2025-09-10,2025-09-17,7
E04756,P01276,37,Female,Low Back Pain,Orthopedics,5,6.4,2025-01-25,2025-01-30,5
E04757,P02608,48,Female,Stroke,Neurology,6,4.8,2025-12-15,2025-12-21,6
E04758,P02744,24,Female,Low Back Pain,Orthopedics,1,9.3,2025-05-05,2025-05-06,1
E04759,P01856,75,Male,Stroke,Neurology,12,1.6,2025-01-31,2025-02-12,12
E04760,P03162,27,Male,Heart Failure,Cardiology,2,3.4,2025-08-25,2025-08-27,2
E04761,P02494,27,Female,Pneumonia,Pulmonology,12,3.0,2025-08-15,2025-08-27,12
E04762,P03065,56,Male,Pneumonia,Pulmonology,5,4.9,2025-12-14,2025-12-19,5
E04763,P01356,45,Female,Low Back Pain,Orthopedics,3,7.0,2025-02-07,2025-02-10,3
E04764,P01163,47,Female,Fracture,Orthopedics,8,7.4,2025-02-27,2025-03-07,8
E04765,P00357,54,Male,Fracture,Orthopedics,7,7.0,2025-08-24,2025-08-31,7
E04766,P01625,84,Male,Heart Failure,Cardiology,8,2.1,2025-06-30,2025-07-08,8
E04767,P02322,60,Male,COPD,Pulmonology,2,5.3,2025-04-24,2025-04-26,2
E04768,P03091,69,Female,Heart Failure,Cardiology,14,4.7,2025-11-02,2025-11-16,14
E04769,P02007,73,Female,Fracture,Orthopedics,7,7.9,2025-05-12,2025-05-19,7
E04770,P02359,85,Female,Heart Failure,Cardiology,3,5.4,2025-12-14,2025-12-17,3
E04771,P00870,26,Male,Diabetes,General Medicine,2,4.1,2025-06-29,2025-07-01,2
E04772,P00886,40,Female,Knee Osteoarthritis,Orthopedics,3,8.7,2025-03-19,2025-03-22,3
E04773,P02002,80,Female,Fracture,Orthopedics,13,7.1,2025-08-08,2025-08-21,13
E04774,P02202,78,Female,Fracture,Orthopedics,4,6.2,2025-05-22,2025-05-26,4
E04775,P01414,57,Female,Stroke,Neurology,11,4.5,2025-02-12,2025-02-23,11
E04776,P01284,61,Male,Heart Failure,Cardiology,11,3.5,2025-04-28,2025-05-09,11
E04777,P00620,41,Male,Heart Failure,Cardiology,4,2.7,2025-02-28,2025-03-04,4
E04778,P00883,68,Male,Heart Failure,Cardiology,5,5.9,2025-03-02,2025-03-07,5
E04779,P00797,75,Female,Pneumonia,Pulmonology,6,3.9,2025-02-10,2025-02-16,6
E04780,P02173,50,Female,Heart Failure,Cardiology,5,3.6,2025-10-01,2025-10-06,5
E04781,P03426,33,Female,Fracture,Orthopedics,6,7.1,2025-07-07,2025-07-13,6
E04782,P01297,39,Male,Stroke,Neurology,7,9.0,2025-12-01,2025-12-08,7
E04783,P00619,74,Male,COPD,Pulmonology,11,1.8,2025-07-06,2025-07-17,11
E04784,P01835,79,Male,COPD,Pulmonology,10,2.2,2025-08-16,2025-08-26,10
E04785,P00245,88,Male,Heart Failure,Cardiology,13,1.4,2025-06-13,2025-06-26,13
E04786,P02896,89,Male,Stroke,Neurology,11,4.2,2025-10-13,2025-10-24,11
E04787,P02498,87,Female,Diabetes,General Medicine,6,3.9,2025-04-12,2025-04-18,6
E04788,P00930,47,Male,COPD,Pulmonology,7,2.8,2025-09-24,2025-10-01,7
E04789,P01271,40,Male,Fracture,Orthopedics,13,5.7,2025-05-04,2025-05-17,13
E04790,P00520,49,Male,Knee Osteoarthritis,Orthopedics,4,6.7,2025-06-02,2025-06-06,4
E04791,P03213,74,Female,Pneumonia,Pulmonology,4,2.7,2025-06-28,2025-07-02,4
E04792,P02410,26,Male,Stroke,Neurology,8,5.0,2025-03-07,2025-03-15,8
E04793,P00008,48,Male,COPD,Pulmonology,11,5.2,2025-04-09,2025-04-20,11
E04794,P02526,88,Male,COPD,Pulmonology,5,4.5,2025-01-24,2025-01-29,5
E04795,P03424,26,Female,Low Back Pain,Orthopedics,3,7.8,2025-11-29,2025-12-02,3
E04796,P02020,30,Female,Diabetes,General Medicine,6,5.1,2025-09-06,2025-09-12,6
E04797,P00495,75,Male,Knee Osteoarthritis,Orthopedics,7,6.9,2025-06-14,2025-06-21,7
E04798,P01630,20,Male,Knee Osteoarthritis,Orthopedics,3,6.3,2025-04-04,2025-04-07,3
E04799,P02881,52,Male,Knee Osteoarthritis,Orthopedics,6,5.3,2025-12-09,2025-12-15,6
E04800,P03499,38,Male,Fracture,Orthopedics,4,5.9,2025-05-04,2025-05-08,4
E04801,P01063,81,Female,Stroke,Neurology,11,3.7,2025-10-29,2025-11-09,11
E04802,P02641,69,Male,Diabetes,General Medicine,8,4.6,2025-06-05,2025-06-13,8
E04803,P00187,51,Female,Heart Failure,Cardiology,7,4.0,2025-12-15,2025-12-22,7
E04804,P02802,52,Male,Low Back Pain,Orthopedics,1,7.5,2025-09-06,2025-09-07,1
E04805,P01878,32,Female,Diabetes,General Medicine,4,1.8,2025-09-28,2025-10-02,4
E04806,P02141,23,Female,Diabetes,General Medicine,2,5.6,2025-02-27,2025-03-01,2
E04807,P00086,49,Male,COPD,Pulmonology,5,2.9,2025-07-14,2025-07-19,5
E04808,P03116,69,Female,Diabetes,General Medicine,7,1.8,2025-07-20,2025-07-27,7
E04809,P00137,45,Male,Stroke,Neurology,11,3.8,2025-03-13,2025-03-24,11
E04810,P02469,81,Female,Low Back Pain,Orthopedics,2,10.0,2025-09-04,2025-09-06,2
E04811,P02122,36,Female,Stroke,Neurology,7,3.9,2025-04-08,2025-04-15,7
E04812,P01637,32,Male,Low Back Pain,Orthopedics,2,6.0,2025-11-25,2025-11-27,2
E04813,P03228,23,Male,Low Back Pain,Orthopedics,2,6.2,2025-03-22,2025-03-24,2
E04814,P03327,90,Female,COPD,Pulmonology,12,3.3,2025-03-06,2025-03-18,12
E04815,P02219,55,Female,Stroke,Neurology,13,3.3,2025-01-05,2025-01-18,13
E04816,P01752,43,Male,Low Back Pain,Orthopedics,3,6.7,2025-10-11,2025-10-14,3
E04817,P02218,68,Male,Diabetes,General Medicine,1,5.1,2025-10-21,2025-10-22,1
E04818,P01788,90,Male,Stroke,Neurology,12,5.0,2025-03-22,2025-04-03,12
E04819,P00872,70,Female,Low Back Pain,Orthopedics,6,4.8,2025-03-28,2025-04-03,6
E04820,P02370,73,Male,Fracture,Orthopedics,15,6.0,2025-10-20,2025-11-04,15
E04821,P02504,76,Male,Knee Osteoarthritis,Orthopedics,6,5.7,2025-10-08,2025-10-14,6
E04822,P00944,87,Female,Stroke,Neurology,3,4.6,2025-07-16,2025-07-19,3
E04823,P01627,75,Male,COPD,Pulmonology,6,5.5,2025-09-09,2025-09-15,6
E04824,P02838,30,Male,Fracture,Orthopedics,16,6.3,2025-03-24,2025-04-09,16
E04825,P02661,60,Male,Fracture,Orthopedics,9,6.4,2025-01-27,2025-02-05,9
E04826,P03227,68,Male,Pneumonia,Pulmonology,10,6.2,2025-11-29,2025-12-09,10
E04827,P02937,36,Female,Stroke,Neurology,11,5.8,2025-07-01,2025-07-12,11
E04828,P00349,38,Male,Fracture,Orthopedics,10,7.4,2025-05-15,2025-05-25,10
E04829,P01677,41,Male,Stroke,Neurology,3,7.4,2025-03-31,2025-04-03,3
E04830,P01197,43,Male,Stroke,Neurology,7,5.2,2025-07-25,2025-08-01,7
E04831,P00010,62,Male,Low Back Pain,Orthopedics,6,3.5,2025-01-27,2025-02-02,6
E04832,P02788,45,Male,Stroke,Neurology,8,5.7,2025-02-28,2025-03-08,8
E04833,P03337,46,Male,Pneumonia,Pulmonology,5,1.1,2025-03-13,2025-03-18,5
E04834,P01462,34,Female,Heart Failure,Cardiology,2,4.2,2025-08-15,2025-08-17,2
E04835,P03319,85,Female,Stroke,Neurology,5,1.9,2025-04-01,2025-04-06,5
E04836,P00667,61,Female,Knee Osteoarthritis,Orthopedics,2,5.8,2025-03-09,2025-03-11,2
E04837,P02594,78,Male,Pneumonia,Pulmonology,5,3.0,2025-12-28,2026-01-02,5
E04838,P01523,85,Male,Heart Failure,Cardiology,5,2.3,2025-09-17,2025-09-22,5
E04839,P02177,42,Male,Low Back Pain,Orthopedics,5,6.0,2025-05-26,2025-05-31,5
E04840,P00601,84,Female,Stroke,Neurology,6,6.0,2025-03-04,2025-03-10,6
E04841,P02653,19,Male,Heart Failure,Cardiology,6,2.4,2025-12-09,2025-12-15,6
E04842,P00327,66,Female,Knee Osteoarthritis,Orthopedics,5,7.3,2025-06-29,2025-07-04,5
E04843,P00980,87,Male,Pneumonia,Pulmonology,12,2.1,2025-04-21,2025-05-03,12
E04844,P02452,43,Male,Pneumonia,Pulmonology,10,3.2,2025-07-10,2025-07-20,10
E04845,P00629,89,Female,Low Back Pain,Orthopedics,4,7.0,2025-09-03,2025-09-07,4
E04846,P01630,44,Female,Low Back Pain,Orthopedics,1,5.0,2025-10-05,2025-10-06,1
E04847,P03431,35,Female,Low Back Pain,Orthopedics,1,4.5,2025-12-13,2025-12-14,1
E04848,P02766,71,Female,Heart Failure,Cardiology,2,4.2,2025-10-24,2025-10-26,2
E04849,P03089,18,Female,Stroke,Neurology,7,6.2,2025-12-03,2025-12-10,7
E04850,P00274,78,Female,Diabetes,General Medicine,1,3.4,2025-05-03,2025-05-04,1
E04851,P00685,20,Male,Fracture,Orthopedics,6,5.8,2025-02-26,2025-03-04,6
E04852,P00116,85,Female,Pneumonia,Pulmonology,6,3.7,2025-06-09,2025-06-15,6
E04853,P00861,58,Male,Diabetes,General Medicine,4,3.6,2025-05-07,2025-05-11,4
E04854,P02004,54,Male,COPD,Pulmonology,3,3.9,2025-08-13,2025-08-16,3
E04855,P00693,68,Male,Pneumonia,Pulmonology,11,0.0,2025-04-05,2025-04-16,11
E04856,P03163,32,Male,Fracture,Orthopedics,4,4.9,2025-11-07,2025-11-11,4
E04857,P01106,25,Male,Low Back Pain,Orthopedics,2,5.2,2025-01-06,2025-01-08,2
E04858,P02372,55,Female,Fracture,Orthopedics,15,6.7,2025-09-22,2025-10-07,15
E04859,P03009,73,Female,Stroke,Neurology,3,4.8,2025-08-22,2025-08-25,3
E04860,P02162,64,Female,Stroke,Neurology,5,5.5,2025-10-15,2025-10-20,5
E04861,P01793,27,Male,Pneumonia,Pulmonology,12,3.9,2025-01-16,2025-01-28,12
E04862,P03130,66,Female,Heart Failure,Cardiology,11,1.5,2025-05-20,2025-05-31,11
E04863,P00154,58,Male,COPD,Pulmonology,2,5.7,2025-10-24,2025-10-26,2
E04864,P01901,47,Male,Fracture,Orthopedics,6,8.4,2025-07-14,2025-07-20,6
E04865,P01428,22,Male,Low Back Pain,Orthopedics,1,4.6,2025-07-05,2025-07-06,1
E04866,P01290,88,Male,Stroke,Neurology,6,5.0,2025-05-05,2025-05-11,6
E04867,P00315,48,Female,COPD,Pulmonology,4,2.6,2025-01-17,2025-01-21,4
E04868,P01065,69,Female,COPD,Pulmonology,10,3.7,2025-01-26,2025-02-05,10
E04869,P00105,40,Female,Stroke,Neurology,3,6.1,2025-08-01,2025-08-04,3
E04870,P01925,65,Female,Knee Osteoarthritis,Orthopedics,6,9.7,2025-01-01,2025-01-07,6
E04871,P01914,57,Female,Fracture,Orthopedics,10,7.6,2025-10-18,2025-10-28,10
E04872,P01217,23,Male,COPD,Pulmonology,12,3.9,2025-09-22,2025-10-04,12
E04873,P01425,55,Female,Stroke,Neurology,11,4.0,2025-12-09,2025-12-20,11
E04874,P03350,58,Male,Knee Osteoarthritis,Orthopedics,4,6.8,2025-02-07,2025-02-11,4
E04875,P02402,44,Male,Stroke,Neurology,9,6.5,2025-08-21,2025-08-30,9
E04876,P03064,86,Male,Stroke,Neurology,3,4.4,2025-09-17,2025-09-20,3
E04877,P01773,74,Female,COPD,Pulmonology,5,2.2,2025-11-04,2025-11-09,5
E04878,P01961,34,Male,Heart Failure,Cardiology,11,1.1,2025-09-18,2025-09-29,11
E04879,P02781,88,Male,Heart Failure,Cardiology,2,4.3,2025-08-26,2025-08-28,2
E04880,P01604,64,Female,Low Back Pain,Orthopedics,4,6.9,2025-04-16,2025-04-20,4
E04881,P00709,30,Male,Fracture,Orthopedics,5,5.5,2025-09-04,2025-09-09,5
E04882,P03328,28,Male,Stroke,Neurology,4,6.0,2025-10-31,2025-11-04,4
E04883,P00651,41,Male,Fracture,Orthopedics,3,5.9,2025-12-09,2025-12-12,3
E04884,P02872,90,Female,Low Back Pain,Orthopedics,6,6.3,2025-02-07,2025-02-13,6
E04885,P00947,21,Male,Low Back Pain,Orthopedics,4,6.5,2025-11-04,2025-11-08,4
E04886,P00661,63,Male,Low Back Pain,Orthopedics,6,6.0,2025-12-09,2025-12-15,6
E04887,P02147,35,Female,Low Back Pain,Orthopedics,1,6.9,2025-02-15,2025-02-16,1
E04888,P02636,60,Female,Pneumonia,Pulmonology,13,5.2,2025-07-29,2025-08-11,13
E04889,P02330,50,Male,COPD,Pulmonology,10,1.8,2025-04-03,2025-04-13,10
E04890,P02451,27,Female,COPD,Pulmonology,3,4.2,2025-08-08,2025-08-11,3
E04891,P01133,90,Female,Pneumonia,Pulmonology,3,3.8,2025-09-13,2025-09-16,3
E04892,P00700,76,Female,Stroke,Neurology,11,4.7,2025-05-17,2025-05-28,11
E04893,P02247,48,Female,Pneumonia,Pulmonology,2,4.8,2025-08-19,2025-08-21,2
E04894,P03375,45,Female,Stroke,Neurology,7,4.6,2025-11-02,2025-11-09,7
E04895,P02039,77,Female,Heart Failure,Cardiology,2,4.2,2025-07-21,2025-07-23,2
E04896,P02375,20,Female,COPD,Pulmonology,8,4.6,2025-03-07,2025-03-15,8
E04897,P02202,72,Male,Diabetes,General Medicine,1,2.7,2025-02-07,2025-02-08,1
E04898,P00552,31,Female,Knee Osteoarthritis,Orthopedics,6,6.9,2025-06-04,2025-06-10,6
E04899,P00405,75,Female,COPD,Pulmonology,3,3.1,2025-04-15,2025-04-18,3
E04900,P00462,32,Female,Pneumonia,Pulmonology,7,3.3,2025-09-12,2025-09-19,7
E04901,P02180,19,Male,Pneumonia,Pulmonology,10,3.0,2025-01-16,2025-01-26,10
E04902,P02839,41,Female,Heart Failure,Cardiology,4,4.2,2025-03-20,2025-03-24,4
E04903,P00874,81,Female,Pneumonia,Pulmonology,10,3.6,2025-01-13,2025-01-23,10
E04904,P00084,88,Male,Stroke,Neurology,10,5.1,2025-04-12,2025-04-22,10
E04905,P01423,41,Female,Stroke,Neurology,15,4.5,2025-06-01,2025-06-16,15
E04906,P02802,44,Male,Diabetes,General Medicine,4,1.1,2025-06-27,2025-07-01,4
E04907,P02676,54,Male,Diabetes,General Medicine,7,3.5,2025-03-28,2025-04-04,7
E04908,P03181,56,Female,COPD,Pulmonology,9,3.6,2025-03-29,2025-04-07,9
E04909,P00221,80,Male,Diabetes,General Medicine,2,3.9,2025-01-29,2025-01-31,2
E04910,P02601,43,Female,Stroke,Neurology,8,3.6,2025-12-29,2026-01-06,8
E04911,P01392,82,Female,Fracture,Orthopedics,5,4.7,2025-11-17,2025-11-22,5
E04912,P03219,21,Male,Low Back Pain,Orthopedics,4,7.4,2025-04-10,2025-04-14,4
E04913,P00112,46,Male,Low Back Pain,Orthopedics,3,6.1,2025-04-25,2025-04-28,3
E04914,P00615,18,Female,Diabetes,General Medicine,2,3.8,2025-07-29,2025-07-31,2
E04915,P01582,67,Female,Diabetes,General Medicine,6,3.1,2025-12-09,2025-12-15,6
E04916,P02972,28,Male,Stroke,Neurology,7,4.5,2025-03-15,2025-03-22,7
E04917,P00475,76,Female,Heart Failure,Cardiology,9,2.8,2025-05-15,2025-05-24,9
E04918,P02884,79,Female,COPD,Pulmonology,8,2.0,2025-09-26,2025-10-04,8
E04919,P01914,53,Female,Pneumonia,Pulmonology,8,4.2,2025-12-16,2025-12-24,8
E04920,P00271,73,Male,COPD,Pulmonology,9,2.6,2025-03-19,2025-03-28,9
E04921,P02469,38,Female,Knee Osteoarthritis,Orthopedics,2,6.7,2025-05-05,2025-05-07,2
E04922,P01921,30,Female,Low Back Pain,Orthopedics,3,7.1,2025-02-07,2025-02-10,3
E04923,P02755,26,Female,Fracture,Orthopedics,5,5.6,2025-09-26,2025-10-01,5
E04924,P01391,28,Male,Low Back Pain,Orthopedics,2,4.7,2025-11-06,2025-11-08,2
E04925,P03352,87,Male,Stroke,Neurology,3,8.1,2025-04-16,2025-04-19,3
E04926,P03355,18,Male,COPD,Pulmonology,11,2.7,2025-02-13,2025-02-24,11
E04927,P00040,87,Female,Fracture,Orthopedics,8,7.4,2025-08-13,2025-08-21,8
E04928,P01983,73,Male,Stroke,Neurology,8,7.4,2025-08-30,2025-09-07,8
E04929,P02237,48,Female,Knee Osteoarthritis,Orthopedics,5,7.7,2025-06-02,2025-06-07,5
E04930,P03236,54,Male,Fracture,Orthopedics,12,6.0,2025-01-24,2025-02-05,12
E04931,P00994,64,Female,COPD,Pulmonology,9,3.4,2025-05-04,2025-05-13,9
E04932,P02013,64,Male,Fracture,Orthopedics,16,5.3,2025-10-12,2025-10-28,16
E04933,P02584,86,Female,Knee Osteoarthritis,Orthopedics,6,7.8,2025-12-14,2025-12-20,6
E04934,P03076,75,Female,Diabetes,General Medicine,6,4.3,2025-09-18,2025-09-24,6
E04935,P00290,53,Male,COPD,Pulmonology,2,2.7,2025-05-26,2025-05-28,2
E04936,P02481,49,Female,Knee Osteoarthritis,Orthopedics,4,4.9,2025-07-10,2025-07-14,4
E04937,P02519,81,Male,Pneumonia,Pulmonology,8,1.5,2025-06-14,2025-06-22,8
E04938,P03253,88,Male,Pneumonia,Pulmonology,8,5.0,2025-03-12,2025-03-20,8
E04939,P03320,59,Female,Low Back Pain,Orthopedics,2,6.7,2025-07-20,2025-07-22,2
E04940,P02676,65,Female,Pneumonia,Pulmonology,10,3.8,2025-12-21,2025-12-31,10
E04941,P00279,47,Male,COPD,Pulmonology,8,2.3,2025-01-12,2025-01-20,8
E04942,P02925,38,Male,Pneumonia,Pulmonology,9,1.3,2025-02-21,2025-03-02,9
E04943,P00581,77,Male,Pneumonia,Pulmonology,5,4.9,2025-09-13,2025-09-18,5
E04944,P00863,30,Female,Fracture,Orthopedics,11,6.6,2025-10-29,2025-11-09,11
E04945,P00254,18,Male,Diabetes,General Medicine,7,4.9,2025-12-26,2026-01-02,7
E04946,P00181,82,Female,Low Back Pain,Orthopedics,6,5.9,2025-10-27,2025-11-02,6
E04947,P00681,50,Female,Stroke,Neurology,3,4.1,2025-01-09,2025-01-12,3
E04948,P00825,55,Male,Low Back Pain,Orthopedics,3,7.6,2025-05-20,2025-05-23,3
E04949,P00700,42,Male,Low Back Pain,Orthopedics,6,7.6,2025-04-10,2025-04-16,6
E04950,P02614,43,Female,Low Back Pain,Orthopedics,1,7.7,2025-05-17,2025-05-18,1
E04951,P01350,76,Female,Knee Osteoarthritis,Orthopedics,2,6.1,2025-12-25,2025-12-27,2
E04952,P01381,50,Female,Stroke,Neurology,8,5.4,2025-01-22,2025-01-30,8
E04953,P01674,58,Female,Knee Osteoarthritis,Orthopedics,5,8.2,2025-05-25,2025-05-30,5
E04954,P02728,47,Male,Diabetes,General Medicine,6,3.3,2025-06-10,2025-06-16,6
E04955,P02439,74,Female,Diabetes,General Medicine,3,2.7,2025-09-06,2025-09-09,3
E04956,P01639,66,Male,Heart Failure,Cardiology,10,5.5,2025-06-24,2025-07-04,10
E04957,P01958,65,Male,Heart Failure,Cardiology,9,2.5,2025-03-29,2025-04-07,9
E04958,P03157,89,Male,Fracture,Orthopedics,15,7.4,2025-02-02,2025-02-17,15
E04959,P03389,66,Female,Diabetes,General Medicine,3,3.4,2025-09-28,2025-10-01,3
E04960,P00212,64,Female,Diabetes,General Medicine,2,0.7,2025-10-10,2025-10-12,2
E04961,P01539,73,Male,Knee Osteoarthritis,Orthopedics,6,8.2,2025-08-14,2025-08-20,6
E04962,P00384,82,Male,Fracture,Orthopedics,7,2.4,2025-04-22,2025-04-29,7
E04963,P01715,29,Male,Diabetes,General Medicine,7,0.5,2025-03-23,2025-03-30,7
E04964,P00342,86,Male,COPD,Pulmonology,10,4.3,2025-08-01,2025-08-11,10
E04965,P01839,23,Female,Stroke,Neurology,3,5.3,2025-10-31,2025-11-03,3
E04966,P01988,82,Male,Knee Osteoarthritis,Orthopedics,2,5.5,2025-01-08,2025-01-10,2
E04967,P00844,42,Female,Diabetes,General Medicine,3,3.7,2025-05-14,2025-05-17,3
E04968,P03110,18,Female,Knee Osteoarthritis,Orthopedics,5,2.7,2025-04-28,2025-05-03,5
E04969,P01535,49,Female,Knee Osteoarthritis,Orthopedics,2,7.6,2025-03-25,2025-03-27,2
E04970,P00420,20,Female,Pneumonia,Pulmonology,4,3.9,2025-09-15,2025-09-19,4
E04971,P02799,66,Male,Fracture,Orthopedics,6,6.4,2025-08-31,2025-09-06,6
E04972,P03241,36,Female,Heart Failure,Cardiology,5,3.5,2025-08-25,2025-08-30,5
E04973,P01989,77,Male,Fracture,Orthopedics,13,7.2,2025-05-30,2025-06-12,13
E04974,P01933,46,Female,Knee Osteoarthritis,Orthopedics,1,6.5,2025-01-21,2025-01-22,1
E04975,P03415,67,Male,Fracture,Orthopedics,3,3.7,2025-05-14,2025-05-17,3
E04976,P01850,19,Male,Low Back Pain,Orthopedics,4,9.8,2025-04-06,2025-04-10,4
E04977,P00306,90,Male,COPD,Pulmonology,10,5.3,2025-01-13,2025-01-23,10
E04978,P02750,73,Male,COPD,Pulmonology,10,1.6,2025-01-01,2025-01-11,10
E04979,P00869,34,Male,Knee Osteoarthritis,Orthopedics,3,6.0,2025-05-30,2025-06-02,3
E04980,P02585,77,Female,Low Back Pain,Orthopedics,6,6.1,2025-04-27,2025-05-03,6
E04981,P01136,53,Male,COPD,Pulmonology,12,5.1,2025-06-01,2025-06-13,12
E04982,P01435,78,Female,Pneumonia,Pulmonology,2,0.3,2025-03-05,2025-03-07,2
E04983,P00206,34,Male,Diabetes,General Medicine,3,2.8,2025-05-30,2025-06-02,3
E04984,P03257,66,Female,Knee Osteoarthritis,Orthopedics,5,3.9,2025-11-13,2025-11-18,5
E04985,P03454,77,Female,Pneumonia,Pulmonology,13,3.1,2025-12-30,2026-01-12,13
E04986,P00496,37,Female,Fracture,Orthopedics,8,5.8,2025-01-12,2025-01-20,8
E04987,P03451,67,Male,Stroke,Neurology,10,4.6,2025-03-31,2025-04-10,10
E04988,P03119,20,Female,Fracture,Orthopedics,7,5.6,2025-03-24,2025-03-31,7
E04989,P01910,60,Male,Pneumonia,Pulmonology,6,2.4,2025-09-07,2025-09-13,6
E04990,P02552,74,Male,Heart Failure,Cardiology,2,4.4,2025-02-02,2025-02-04,2
E04991,P01046,67,Female,Heart Failure,Cardiology,2,4.2,2025-05-29,2025-05-31,2
E04992,P00213,85,Female,Diabetes,General Medicine,8,4.3,2025-05-08,2025-05-16,8
E04993,P00310,67,Male,Fracture,Orthopedics,15,6.2,2025-04-10,2025-04-25,15
E04994,P02709,54,Male,Low Back Pain,Orthopedics,5,5.6,2025-12-28,2026-01-02,5
E04995,P01992,63,Male,Diabetes,General Medicine,8,3.3,2025-11-24,2025-12-02,8
E04996,P02801,59,Male,COPD,Pulmonology,11,4.3,2025-07-31,2025-08-11,11
E04997,P00272,32,Male,Low Back Pain,Orthopedics,2,3.2,2025-03-15,2025-03-17,2
E04998,P01823,50,Male,Low Back Pain,Orthopedics,4,7.1,2025-04-06,2025-04-10,4
E04999,P02986,28,Female,Low Back Pain,Orthopedics,5,7.0,2025-04-02,2025-04-07,5
E05000,P03274,37,Male,Low Back Pain,Orthopedics,3,6.6,2025-11-26,2025-11-29,3
